// logo_bambu.c —— 开机动画用拓竹官方 logo(RGB565 240x87,深色底)。
// 由 tools/gen_logo.py 生成,勿手改。
#include "lvgl.h"

#ifndef LV_ATTRIBUTE_IMG_DATA
#define LV_ATTRIBUTE_IMG_DATA const
#endif

static LV_ATTRIBUTE_IMG_DATA uint16_t logo_bambu_px[] = {
    0x0862, 0x0862, 0x0862, 0x0862, 0x0862, 0x0862, 0x0862, 0x0862,
    0x0862, 0x0862, 0x0862, 0x0862, 0x0862, 0x0862, 0x0862, 0x0862,
    0x0862, 0x0862, 0x0862, 0x0862, 0x0862, 0x0862, 0x0862, 0x0862,
    0x0862, 0x0862, 0x0862, 0x0862, 0x0862, 0x0862, 0x0862, 0x0862,
    0x0862, 0x0862, 0x0862, 0x0862, 0x0862, 0x0862, 0x0862, 0x0862,
    0x0862, 0x0862, 0x0862, 0x0862, 0x0862, 0x0862, 0x0862, 0x0862,
    0x0862, 0x0862, 0x0862, 0x0862, 0x0862, 0x0862, 0x0862, 0x0862,
    0x0862, 0x0862, 0x0862, 0x0862, 0x0862, 0x0862, 0x0862, 0x0862,
    0x0862, 0x0862, 0x0862, 0x0862, 0x0862, 0x0862, 0x0862, 0x0862,
    0x0862, 0x0862, 0x0862, 0x0862, 0x0862, 0x0862, 0x0862, 0x0862,
    0x0862, 0x0862, 0x0862, 0x0862, 0x0862, 0x0862, 0x0862, 0x0862,
    0x0862, 0x0862, 0x0862, 0x0862, 0x0862, 0x0862, 0x0862, 0x0862,
    0x0862, 0x0862, 0x0862, 0x0862, 0x0862, 0x0862, 0x0862, 0x0862,
    0x0862, 0x0862, 0x0862, 0x0862, 0x0862, 0x0862, 0x0862, 0x0862,
    0x0862, 0x0862, 0x0862, 0x0862, 0x0862, 0x0862, 0x0862, 0x0862,
    0x0862, 0x0862, 0x0862, 0x0862, 0x0862, 0x0862, 0x0862, 0x0862,
    0x0862, 0x0862, 0x0862, 0x0862, 0x0862, 0x0862, 0x0862, 0x0862,
    0x0862, 0x0862, 0x0862, 0x0862, 0x0862, 0x0862, 0x0862, 0x0862,
    0x0862, 0x0862, 0x0862, 0x0862, 0x0862, 0x0862, 0x0862, 0x0862,
    0x0862, 0x0862, 0x0862, 0x0862, 0x0862, 0x0862, 0x0862, 0x0862,
    0x0862, 0x0862, 0x0862, 0x0862, 0x0862, 0x0862, 0x0862, 0x0862,
    0x0862, 0x0862, 0x0862, 0x0862, 0x0862, 0x0862, 0x0862, 0x0862,
    0x0862, 0x0862, 0x0862, 0x0862, 0x0862, 0x0862, 0x0862, 0x0862,
    0x0862, 0x0862, 0x0862, 0x0862, 0x0862, 0x0862, 0x0862, 0x0862,
    0x0862, 0x0862, 0x0862, 0x0862, 0x0862, 0x0862, 0x0862, 0x0862,
    0x0862, 0x0862, 0x0862, 0x0862, 0x0862, 0x0862, 0x0862, 0x0862,
    0x0862, 0x0862, 0x0862, 0x0862, 0x0862, 0x0862, 0x0862, 0x0862,
    0x0862, 0x0862, 0x0862, 0x0862, 0x0862, 0x0862, 0x0862, 0x0862,
    0x0862, 0x0862, 0x0862, 0x0862, 0x0862, 0x0862, 0x0862, 0x0862,
    0x0862, 0x0862, 0x0862, 0x0862, 0x0862, 0x0862, 0x0862, 0x0862,
    0x0862, 0x0862, 0x0862, 0x0862, 0x0862, 0x0862, 0x0862, 0x0862,
    0x0862, 0x0862, 0x0862, 0x0862, 0x0862, 0x0862, 0x0862, 0x0862,
    0x0862, 0x0862, 0x0862, 0x0862, 0x0862, 0x0862, 0x0862, 0x0862,
    0x0862, 0x0862, 0x0862, 0x0862, 0x0862, 0x0862, 0x0862, 0x0862,
    0x0862, 0x0862, 0x0862, 0x0862, 0x0862, 0x0862, 0x0862, 0x0862,
    0x0862, 0x0862, 0x0862, 0x0862, 0x0862, 0x0862, 0x0862, 0x0862,
    0x0862, 0x0862, 0x0862, 0x0862, 0x0862, 0x0862, 0x0862, 0x0862,
    0x0862, 0x0862, 0x0862, 0x0862, 0x0862, 0x0862, 0x0862, 0x0862,
    0x0862, 0x0862, 0x0862, 0x0862, 0x0862, 0x0862, 0x0862, 0x0862,
    0x0862, 0x0862, 0x0862, 0x0862, 0x0862, 0x0862, 0x0862, 0x0862,
    0x0862, 0x0862, 0x0862, 0x0862, 0x0862, 0x0862, 0x0862, 0x0862,
    0x0862, 0x0862, 0x0862, 0x0862, 0x0862, 0x0862, 0x0862, 0x0862,
    0x0862, 0x0862, 0x0862, 0x0862, 0x0862, 0x0862, 0x0862, 0x0862,
    0x0862, 0x0862, 0x0862, 0x0862, 0x0862, 0x0862, 0x0862, 0x0862,
    0x0862, 0x0862, 0x0862, 0x0862, 0x0862, 0x0862, 0x0862, 0x0862,
    0x0862, 0x0862, 0x0862, 0x0862, 0x0862, 0x0862, 0x0862, 0x0862,
    0x0862, 0x0862, 0x0862, 0x0862, 0x0862, 0x0862, 0x0862, 0x0862,
    0x0862, 0x0862, 0x0862, 0x0862, 0x0862, 0x0862, 0x0862, 0x0862,
    0x0862, 0x0862, 0x0862, 0x0862, 0x0862, 0x0862, 0x0862, 0x0862,
    0x0862, 0x0862, 0x0862, 0x0862, 0x0862, 0x0862, 0x0862, 0x0862,
    0x0862, 0x0862, 0x0862, 0x0862, 0x0862, 0x0862, 0x0862, 0x0862,
    0x0862, 0x0862, 0x0862, 0x0862, 0x0862, 0x0862, 0x0862, 0x0862,
    0x0862, 0x0862, 0x0862, 0x0862, 0x0862, 0x0862, 0x0862, 0x0862,
    0x0862, 0x0862, 0x0862, 0x0862, 0x0862, 0x0862, 0x0862, 0x0862,
    0x0862, 0x0862, 0x0862, 0x0862, 0x0862, 0x0862, 0x0862, 0x0862,
    0x0862, 0x0862, 0x0862, 0x0862, 0x0862, 0x0862, 0x0862, 0x0862,
    0x0862, 0x0862, 0x0862, 0x0862, 0x0862, 0x0862, 0x0862, 0x0862,
    0x0862, 0x0862, 0x0862, 0x0862, 0x0862, 0x0862, 0x0862, 0x0862,
    0x0862, 0x0862, 0x0862, 0x0862, 0x0862, 0x0862, 0x0862, 0x0862,
    0x0862, 0x0862, 0x0862, 0x0862, 0x0862, 0x0862, 0x0862, 0x0862,
    0x0862, 0x0862, 0x0862, 0x0862, 0x0862, 0x0862, 0x0862, 0x0862,
    0x0862, 0x0862, 0x0862, 0x0862, 0x0862, 0x0862, 0x0862, 0x0862,
    0x0862, 0x0862, 0x0862, 0x0862, 0x0862, 0x0862, 0x0862, 0x0862,
    0x0862, 0x0862, 0x0862, 0x0862, 0x0862, 0x0862, 0x0862, 0x0862,
    0x0862, 0x0862, 0x0862, 0x0862, 0x0862, 0x0862, 0x0862, 0x0862,
    0x0862, 0x0862, 0x0862, 0x0862, 0x0862, 0x0862, 0x0862, 0x0862,
    0x0862, 0x0862, 0x0862, 0x0862, 0x0862, 0x0862, 0x0862, 0x0862,
    0x0862, 0x0862, 0x0862, 0x0862, 0x0862, 0x0862, 0x0862, 0x0862,
    0x0862, 0x0862, 0x0862, 0x0862, 0x0862, 0x0862, 0x0862, 0x0862,
    0x0862, 0x0862, 0x0862, 0x0862, 0x0862, 0x0862, 0x0862, 0x0862,
    0x0862, 0x0862, 0x0862, 0x0862, 0x0862, 0x0862, 0x0862, 0x0862,
    0x0862, 0x0862, 0x0862, 0x0862, 0x0862, 0x0862, 0x0862, 0x0862,
    0x0862, 0x0862, 0x0862, 0x0862, 0x0862, 0x0862, 0x0862, 0x0862,
    0x0862, 0x0862, 0x0862, 0x0862, 0x0862, 0x0862, 0x0862, 0x0862,
    0x0862, 0x0862, 0x0862, 0x0862, 0x0862, 0x0862, 0x0862, 0x0862,
    0x0862, 0x0862, 0x0862, 0x0862, 0x0862, 0x0862, 0x0862, 0x0862,
    0x0862, 0x0862, 0x0862, 0x0862, 0x0862, 0x0862, 0x0862, 0x0862,
    0x0862, 0x0862, 0x0862, 0x0862, 0x0862, 0x0862, 0x0862, 0x0862,
    0x0862, 0x0862, 0x0862, 0x0862, 0x0862, 0x0862, 0x0862, 0x0862,
    0x0862, 0x0862, 0x0862, 0x0862, 0x0862, 0x0862, 0x0862, 0x0862,
    0x0862, 0x0862, 0x0862, 0x0862, 0x0862, 0x0862, 0x0862, 0x0862,
    0x0862, 0x0862, 0x0862, 0x0862, 0x0862, 0x0862, 0x0862, 0x0862,
    0x0862, 0x0862, 0x0862, 0x0862, 0x0862, 0x0862, 0x0862, 0x0862,
    0x0862, 0x0862, 0x0862, 0x0862, 0x0862, 0x0862, 0x0862, 0x0862,
    0x0862, 0x0862, 0x0862, 0x0862, 0x0862, 0x0862, 0x0862, 0x0862,
    0x0862, 0x0862, 0x0862, 0x0862, 0x0862, 0x0862, 0x0862, 0x0862,
    0x0862, 0x0862, 0x0862, 0x0862, 0x0862, 0x0862, 0x0862, 0x0862,
    0x0862, 0x0862, 0x0862, 0x0862, 0x0862, 0x0862, 0x0862, 0x0862,
    0x0862, 0x0862, 0x0862, 0x0862, 0x0862, 0x0862, 0x0862, 0x0862,
    0x0862, 0x0862, 0x0862, 0x0862, 0x0862, 0x0862, 0x0862, 0x0862,
    0x0862, 0x0862, 0x0862, 0x0862, 0x0862, 0x0862, 0x0862, 0x0862,
    0x0862, 0x0862, 0x0862, 0x0862, 0x0862, 0x0862, 0x0862, 0x0862,
    0x0862, 0x0862, 0x0862, 0x0862, 0x0862, 0x0862, 0x0862, 0x0862,
    0x0862, 0x0862, 0x0862, 0x0862, 0x0862, 0x0862, 0x0862, 0x0862,
    0x0862, 0x0862, 0x0862, 0x0862, 0x0862, 0x0862, 0x0862, 0x0862,
    0x0862, 0x0862, 0x0862, 0x0862, 0x0862, 0x0862, 0x0862, 0x0862,
    0x0862, 0x0862, 0x0862, 0x0862, 0x0862, 0x0862, 0x0862, 0x0862,
    0x0862, 0x0862, 0x0862, 0x0862, 0x0862, 0x0862, 0x0862, 0x0862,
    0x0862, 0x0862, 0x0862, 0x0862, 0x0862, 0x0862, 0x0862, 0x0862,
    0x0862, 0x0862, 0x0862, 0x0862, 0x0862, 0x0862, 0x0862, 0x0862,
    0x0862, 0x0862, 0x0862, 0x0862, 0x0862, 0x0862, 0x0862, 0x0862,
    0x0862, 0x0862, 0x0862, 0x0862, 0x0862, 0x0862, 0x0862, 0x0862,
    0x0862, 0x0862, 0x0862, 0x0862, 0x0862, 0x0862, 0x0862, 0x0862,
    0x0862, 0x0862, 0x0862, 0x0862, 0x0862, 0x0862, 0x0862, 0x0862,
    0x0862, 0x0862, 0x0862, 0x0862, 0x0862, 0x0862, 0x0862, 0x0862,
    0x0862, 0x0862, 0x0862, 0x0862, 0x0862, 0x0862, 0x0862, 0x0862,
    0x0862, 0x0862, 0x0862, 0x0862, 0x0862, 0x0862, 0x0862, 0x0862,
    0x0862, 0x0862, 0x0862, 0x0862, 0x0862, 0x0862, 0x0862, 0x0862,
    0x0862, 0x0862, 0x0862, 0x0862, 0x0862, 0x0862, 0x0862, 0x0862,
    0x0862, 0x0862, 0x0862, 0x0862, 0x0862, 0x0862, 0x0862, 0x0862,
    0x0862, 0x0862, 0x0862, 0x0862, 0x0862, 0x0862, 0x0862, 0x0862,
    0x0862, 0x0862, 0x0862, 0x0862, 0x0862, 0x0862, 0x0862, 0x0862,
    0x0862, 0x0862, 0x0862, 0x0862, 0x0862, 0x0862, 0x0862, 0x0862,
    0x0862, 0x0862, 0x0862, 0x0862, 0x0862, 0x0862, 0x0862, 0x0862,
    0x0862, 0x0862, 0x0862, 0x0862, 0x0862, 0x0862, 0x0862, 0x0862,
    0x0862, 0x0862, 0x0862, 0x0862, 0x0862, 0x0862, 0x0862, 0x0862,
    0x0862, 0x0862, 0x0862, 0x0862, 0x0862, 0x0862, 0x0862, 0x0862,
    0x0862, 0x0862, 0x0862, 0x0862, 0x0862, 0x0862, 0x0862, 0x0862,
    0x0862, 0x0862, 0x0862, 0x0862, 0x0862, 0x0862, 0x0862, 0x0862,
    0x0862, 0x0862, 0x0862, 0x0862, 0x0862, 0x0862, 0x0862, 0x0862,
    0x0862, 0x0862, 0x0862, 0x0862, 0x0862, 0x0862, 0x0862, 0x0862,
    0x0862, 0x0862, 0x0862, 0x0862, 0x0862, 0x0862, 0x0862, 0x0862,
    0x0862, 0x0862, 0x0862, 0x0862, 0x0862, 0x0862, 0x0862, 0x0862,
    0x0862, 0x0862, 0x0862, 0x0862, 0x0862, 0x0862, 0x0862, 0x0862,
    0x0862, 0x0862, 0x0862, 0x0862, 0x0862, 0x0862, 0x0862, 0x0862,
    0x0862, 0x0862, 0x0862, 0x0862, 0x0862, 0x0862, 0x0862, 0x0862,
    0x0862, 0x0862, 0x0862, 0x0862, 0x0862, 0x0862, 0x0862, 0x0862,
    0x0862, 0x0862, 0x0862, 0x0862, 0x0862, 0x0862, 0x0862, 0x0862,
    0x0862, 0x0862, 0x0862, 0x0862, 0x0862, 0x0862, 0x0862, 0x0862,
    0x0862, 0x0862, 0x0862, 0x0862, 0x0862, 0x0862, 0x0862, 0x0862,
    0x0862, 0x0862, 0x0862, 0x0862, 0x0862, 0x0862, 0x0862, 0x0862,
    0x0862, 0x0862, 0x0862, 0x0862, 0x0862, 0x0862, 0x0862, 0x0862,
    0x0862, 0x0862, 0x0862, 0x0862, 0x0862, 0x0862, 0x0862, 0x0862,
    0x0862, 0x0862, 0x0862, 0x0862, 0x0862, 0x0862, 0x0862, 0x0862,
    0x0862, 0x0862, 0x0862, 0x0862, 0x0862, 0x0862, 0x0862, 0x0862,
    0x0862, 0x0862, 0x0862, 0x0862, 0x0862, 0x0862, 0x0862, 0x0862,
    0x0862, 0x0862, 0x0862, 0x0862, 0x0862, 0x0862, 0x0862, 0x0862,
    0x0862, 0x0862, 0x0862, 0x0862, 0x0862, 0x0862, 0x0862, 0x0862,
    0x0862, 0x0862, 0x0862, 0x0862, 0x0862, 0x0862, 0x0862, 0x0862,
    0x0862, 0x0862, 0x0862, 0x0862, 0x0862, 0x0862, 0x0862, 0x0862,
    0x0862, 0x0862, 0x0862, 0x0862, 0x0862, 0x0862, 0x0862, 0x0862,
    0x0862, 0x0862, 0x0862, 0x0862, 0x0862, 0x0862, 0x0862, 0x0862,
    0x0862, 0x0862, 0x0862, 0x0862, 0x0862, 0x0862, 0x0862, 0x0862,
    0x0862, 0x0862, 0x0862, 0x0862, 0x0862, 0x0862, 0x0862, 0x0862,
    0x0862, 0x0862, 0x0862, 0x0862, 0x0862, 0x0862, 0x0862, 0x0862,
    0x0862, 0x0862, 0x0862, 0x0862, 0x0862, 0x0862, 0x0862, 0x0862,
    0x0862, 0x0862, 0x0862, 0x0862, 0x0862, 0x0862, 0x0862, 0x0862,
    0x0862, 0x0862, 0x0862, 0x0862, 0x0862, 0x0862, 0x0862, 0x0862,
    0x0862, 0x0862, 0x0862, 0x0862, 0x0862, 0x0862, 0x0862, 0x0862,
    0x0862, 0x0862, 0x0862, 0x0862, 0x0862, 0x0862, 0x0862, 0x0862,
    0x0862, 0x0862, 0x0862, 0x0862, 0x0862, 0x0862, 0x0862, 0x0862,
    0x0862, 0x0862, 0x0862, 0x0862, 0x0862, 0x0862, 0x0862, 0x0862,
    0x0862, 0x0862, 0x0862, 0x0862, 0x0862, 0x0862, 0x0862, 0x0862,
    0x0862, 0x0862, 0x0862, 0x0862, 0x0862, 0x0862, 0x0862, 0x0862,
    0x0862, 0x0862, 0x0862, 0x0862, 0x0862, 0x0862, 0x0862, 0x0862,
    0x0862, 0x0862, 0x0862, 0x0862, 0x0862, 0x0862, 0x0862, 0x0862,
    0x0862, 0x0862, 0x0862, 0x0862, 0x0862, 0x0862, 0x0862, 0x0862,
    0x0862, 0x0862, 0x0862, 0x0862, 0x0862, 0x0862, 0x0862, 0x0862,
    0x0862, 0x0862, 0x0862, 0x0862, 0x0862, 0x0862, 0x0862, 0x0862,
    0x0862, 0x0862, 0x0862, 0x0862, 0x0862, 0x0862, 0x0862, 0x0862,
    0x0862, 0x0862, 0x0862, 0x0862, 0x0862, 0x0862, 0x0862, 0x0862,
    0x0862, 0x0862, 0x0862, 0x0862, 0x0862, 0x0862, 0x0862, 0x0862,
    0x0862, 0x0862, 0x0862, 0x0862, 0x0862, 0x0862, 0x0862, 0x0862,
    0x0862, 0x0862, 0x0862, 0x0862, 0x0862, 0x0862, 0x0862, 0x0862,
    0x0862, 0x0862, 0x0862, 0x0862, 0x0862, 0x0862, 0x0862, 0x0862,
    0x0862, 0x0862, 0x0862, 0x0862, 0x0862, 0x0862, 0x0862, 0x0862,
    0x0862, 0x0862, 0x0862, 0x0862, 0x0862, 0x0862, 0x0862, 0x0862,
    0x0862, 0x0862, 0x0862, 0x0862, 0x0862, 0x0862, 0x0862, 0x0862,
    0x0862, 0x0862, 0x0862, 0x0862, 0x0862, 0x0862, 0x0862, 0x0862,
    0x0862, 0x0862, 0x0862, 0x0862, 0x0862, 0x0862, 0x0862, 0x0862,
    0x0862, 0x0862, 0x0862, 0x0862, 0x0862, 0x0862, 0x0862, 0x0862,
    0x0862, 0x0862, 0x0862, 0x0862, 0x0862, 0x0862, 0x0862, 0x0862,
    0x0862, 0x0862, 0x0862, 0x0862, 0x0862, 0x0862, 0x0862, 0x0862,
    0x0862, 0x0862, 0x0862, 0x0862, 0x0862, 0x0862, 0x0862, 0x0862,
    0x0862, 0x0862, 0x0862, 0x0862, 0x0862, 0x0862, 0x0862, 0x0862,
    0x0862, 0x0862, 0x0862, 0x0862, 0x0862, 0x0862, 0x0862, 0x0862,
    0x0862, 0x0862, 0x0862, 0x0862, 0x0862, 0x0862, 0x0862, 0x0862,
    0x0862, 0x0862, 0x0862, 0x0862, 0x0862, 0x0862, 0x0862, 0x0862,
    0x0862, 0x0862, 0x0862, 0x0862, 0x0862, 0x0862, 0x0862, 0x0862,
    0x0862, 0x0862, 0x0862, 0x0862, 0x0862, 0x0862, 0x0862, 0x0862,
    0x0862, 0x0862, 0x0862, 0x0862, 0x0862, 0x0862, 0x0862, 0x0862,
    0x0862, 0x0862, 0x0862, 0x0862, 0x0862, 0x0862, 0x0862, 0x0862,
    0x0862, 0x0862, 0x0862, 0x0862, 0x0862, 0x0862, 0x0862, 0x0862,
    0x0862, 0x0862, 0x0862, 0x0862, 0x0862, 0x0862, 0x0862, 0x0862,
    0x0862, 0x0862, 0x0862, 0x0862, 0x0862, 0x0862, 0x0862, 0x0862,
    0x0862, 0x0862, 0x0862, 0x0862, 0x0862, 0x0862, 0x0862, 0x0862,
    0x0862, 0x0862, 0x0862, 0x0862, 0x0862, 0x0862, 0x0862, 0x0862,
    0x0862, 0x0862, 0x0862, 0x0862, 0x0862, 0x0862, 0x0862, 0x0862,
    0x0862, 0x0862, 0x0862, 0x0862, 0x0862, 0x0862, 0x0862, 0x0862,
    0x0862, 0x0862, 0x0862, 0x0862, 0x0862, 0x0862, 0x0862, 0x0862,
    0x0862, 0x0862, 0x0862, 0x0862, 0x0862, 0x0862, 0x0862, 0x0862,
    0x0862, 0x0862, 0x0862, 0x0862, 0x0862, 0x0862, 0x0862, 0x0862,
    0x0862, 0x0862, 0x0862, 0x0862, 0x0862, 0x0862, 0x0862, 0x0862,
    0x0862, 0x0862, 0x0862, 0x0862, 0x0862, 0x0862, 0x0862, 0x0862,
    0x0862, 0x0862, 0x0862, 0x0862, 0x0862, 0x0862, 0x0862, 0x0862,
    0x0862, 0x0862, 0x0862, 0x0862, 0x0862, 0x0862, 0x0862, 0x0862,
    0x0862, 0x0862, 0x0862, 0x0862, 0x0862, 0x0862, 0x0862, 0x0862,
    0x0862, 0x0862, 0x0862, 0x0862, 0x0862, 0x0862, 0x0862, 0x0862,
    0x0862, 0x0862, 0x0862, 0x0862, 0x0862, 0x0862, 0x0862, 0x0862,
    0x0862, 0x0862, 0x0862, 0x0862, 0x0862, 0x0862, 0x0862, 0x0862,
    0x0862, 0x0862, 0x0862, 0x0862, 0x0862, 0x0862, 0x0862, 0x0862,
    0x0862, 0x0862, 0x0862, 0x0862, 0x0862, 0x0862, 0x0862, 0x0862,
    0x0862, 0x0862, 0x0862, 0x0862, 0x0862, 0x0862, 0x0862, 0x0862,
    0x0862, 0x0862, 0x0862, 0x0862, 0x0862, 0x0862, 0x0862, 0x0862,
    0x0862, 0x0862, 0x0862, 0x0862, 0x0862, 0x0862, 0x0862, 0x0862,
    0x0862, 0x0862, 0x0862, 0x0862, 0x0862, 0x0862, 0x0862, 0x0862,
    0x0862, 0x0862, 0x0862, 0x0862, 0x0862, 0x0862, 0x0862, 0x0862,
    0x0862, 0x0862, 0x0862, 0x0862, 0x0862, 0x0862, 0x0862, 0x0862,
    0x0862, 0x0862, 0x0862, 0x0862, 0x0862, 0x0862, 0x0862, 0x0862,
    0x0862, 0x0862, 0x0862, 0x0862, 0x0862, 0x0862, 0x0862, 0x0862,
    0x0862, 0x0862, 0x0862, 0x0862, 0x0862, 0x0862, 0x0862, 0x0862,
    0x0862, 0x0862, 0x0862, 0x0862, 0x0862, 0x0862, 0x0862, 0x0862,
    0x0862, 0x0862, 0x0862, 0x0862, 0x0862, 0x0862, 0x0862, 0x0862,
    0x0862, 0x0862, 0x0862, 0x0862, 0x0862, 0x0862, 0x0862, 0x0862,
    0x0862, 0x0862, 0x0862, 0x0862, 0x0862, 0x0862, 0x0862, 0x0862,
    0x0862, 0x0862, 0x0862, 0x0862, 0x0862, 0x0862, 0x0862, 0x0862,
    0x0862, 0x0862, 0x0862, 0x0862, 0x0862, 0x0862, 0x0862, 0x0862,
    0x0862, 0x0862, 0x0862, 0x0862, 0x0862, 0x0862, 0x0862, 0x0862,
    0x0862, 0x0862, 0x0862, 0x0862, 0x0862, 0x0862, 0x0862, 0x0862,
    0x0862, 0x0862, 0x0862, 0x0862, 0x0862, 0x0862, 0x0862, 0x0862,
    0x0862, 0x0862, 0x0862, 0x0862, 0x0862, 0x0862, 0x0862, 0x0862,
    0x0862, 0x0862, 0x0862, 0x0862, 0x0862, 0x0862, 0x0862, 0x0862,
    0x0862, 0x0862, 0x0862, 0x0862, 0x0862, 0x0862, 0x0862, 0x0862,
    0x0862, 0x0862, 0x0862, 0x0862, 0x0862, 0x0862, 0x0862, 0x0862,
    0x0862, 0x0862, 0x0862, 0x0862, 0x0862, 0x0862, 0x0862, 0x0862,
    0x0862, 0x0862, 0x0862, 0x0862, 0x0862, 0x0862, 0x0862, 0x0862,
    0x0862, 0x0862, 0x0862, 0x0862, 0x0862, 0x0862, 0x0862, 0x0862,
    0x0862, 0x0862, 0x0862, 0x0862, 0x0862, 0x0862, 0x0862, 0x0862,
    0x0862, 0x0862, 0x0862, 0x0862, 0x0862, 0x0862, 0x0862, 0x0862,
    0x0862, 0x0862, 0x0862, 0x0862, 0x0862, 0x0862, 0x0862, 0x0862,
    0x0862, 0x0862, 0x0862, 0x0862, 0x0862, 0x0862, 0x0862, 0x0862,
    0x0862, 0x0862, 0x0862, 0x0862, 0x0862, 0x0862, 0x0862, 0x0862,
    0x0862, 0x0862, 0x0862, 0x0862, 0x0862, 0x0862, 0x0862, 0x0862,
    0x0862, 0x0862, 0x0862, 0x0862, 0x0862, 0x0862, 0x0862, 0x0862,
    0x0862, 0x0862, 0x0862, 0x0862, 0x0862, 0x0862, 0x0862, 0x0862,
    0x0862, 0x0862, 0x0862, 0x0862, 0x0862, 0x0862, 0x0862, 0x0862,
    0x0862, 0x0862, 0x0862, 0x0862, 0x0862, 0x0862, 0x0862, 0x0862,
    0x0862, 0x0862, 0x0862, 0x0862, 0x0862, 0x0862, 0x0862, 0x0862,
    0x0862, 0x0862, 0x0862, 0x0862, 0x0862, 0x0862, 0x0862, 0x0862,
    0x0862, 0x0862, 0x0862, 0x0862, 0x0862, 0x0862, 0x0862, 0x0862,
    0x0862, 0x0862, 0x0862, 0x0862, 0x0862, 0x0862, 0x0862, 0x0862,
    0x0862, 0x0862, 0x0862, 0x0862, 0x0862, 0x0862, 0x0862, 0x0862,
    0x0862, 0x0862, 0x0862, 0x0862, 0x0862, 0x0862, 0x0862, 0x0862,
    0x0862, 0x0862, 0x0862, 0x0862, 0x0862, 0x0862, 0x0862, 0x0862,
    0x0862, 0x0862, 0x0862, 0x0862, 0x0862, 0x0862, 0x0862, 0x0862,
    0x0862, 0x0862, 0x0862, 0x0862, 0x0862, 0x0862, 0x0862, 0x0862,
    0x0862, 0x0862, 0x0862, 0x0862, 0x0862, 0x0862, 0x0862, 0x0862,
    0x0862, 0x0862, 0x0862, 0x0862, 0x0862, 0x0862, 0x0862, 0x0862,
    0x0862, 0x0862, 0x0862, 0x0862, 0x0862, 0x0862, 0x0862, 0x0862,
    0x0862, 0x0862, 0x0862, 0x0862, 0x0862, 0x0862, 0x0862, 0x0862,
    0x0862, 0x0862, 0x0862, 0x0862, 0x0862, 0x0862, 0x0862, 0x0862,
    0x0862, 0x0862, 0x0862, 0x0862, 0x0862, 0x0862, 0x0862, 0x0862,
    0x0862, 0x0862, 0x0862, 0x0862, 0x0862, 0x0862, 0x0862, 0x0862,
    0x0862, 0x0862, 0x0862, 0x0862, 0x0862, 0x0862, 0x0862, 0x0862,
    0x0862, 0x0862, 0x0862, 0x0862, 0x0862, 0x0862, 0x0862, 0x0862,
    0x0862, 0x0862, 0x0862, 0x0862, 0x0862, 0x0862, 0x0862, 0x0862,
    0x0862, 0x0862, 0x0862, 0x0862, 0x0862, 0x0862, 0x0862, 0x0862,
    0x0862, 0x0862, 0x0862, 0x0862, 0x0862, 0x0862, 0x0862, 0x0862,
    0x0862, 0x0862, 0x0862, 0x0862, 0x0862, 0x0862, 0x0862, 0x0862,
    0x0862, 0x0862, 0x0862, 0x0862, 0x0862, 0x0862, 0x0862, 0x0862,
    0x0862, 0x0862, 0x0862, 0x0862, 0x0862, 0x0862, 0x0862, 0x0862,
    0x0862, 0x0862, 0x0862, 0x0862, 0x0862, 0x0862, 0x0862, 0x0862,
    0x0862, 0x0862, 0x0862, 0x0862, 0x0862, 0x0862, 0x0862, 0x0862,
    0x0862, 0x0862, 0x0862, 0x0862, 0x0862, 0x0862, 0x0862, 0x0862,
    0x0862, 0x0862, 0x0862, 0x0862, 0x0862, 0x0862, 0x0862, 0x0862,
    0x0862, 0x0862, 0x0862, 0x0862, 0x0862, 0x0862, 0x0862, 0x0862,
    0x0862, 0x0862, 0x0862, 0x0862, 0x0862, 0x0862, 0x0862, 0x0862,
    0x0862, 0x0862, 0x0862, 0x0862, 0x0862, 0x0862, 0x0862, 0x0862,
    0x0862, 0x0862, 0x0862, 0x0862, 0x0862, 0x0862, 0x0862, 0x0862,
    0x0862, 0x0862, 0x0862, 0x0862, 0x0862, 0x0862, 0x0862, 0x0862,
    0x0862, 0x0862, 0x0862, 0x0862, 0x0862, 0x0862, 0x0862, 0x0862,
    0x0862, 0x0862, 0x0862, 0x0862, 0x0862, 0x0862, 0x0862, 0x0862,
    0x0862, 0x0862, 0x0862, 0x0862, 0x0862, 0x0862, 0x0862, 0x0862,
    0x0862, 0x0862, 0x0862, 0x0862, 0x0862, 0x0862, 0x0862, 0x0862,
    0x0862, 0x0862, 0x0862, 0x0862, 0x0862, 0x0862, 0x0862, 0x0862,
    0x0862, 0x0862, 0x0862, 0x0862, 0x0862, 0x0862, 0x0862, 0x0862,
    0x0862, 0x0862, 0x0862, 0x0862, 0x0862, 0x0862, 0x0862, 0x0862,
    0x0862, 0x0862, 0x0862, 0x0862, 0x0862, 0x0862, 0x0862, 0x0862,
    0x0862, 0x0862, 0x0862, 0x0862, 0x0862, 0x0862, 0x0862, 0x0862,
    0x0862, 0x0862, 0x0862, 0x0862, 0x0862, 0x0862, 0x0862, 0x0862,
    0x0862, 0x0862, 0x0862, 0x0862, 0x0862, 0x0862, 0x0862, 0x0862,
    0x0862, 0x0862, 0x0862, 0x0862, 0x0862, 0x0862, 0x0862, 0x0862,
    0x0862, 0x0862, 0x0862, 0x0862, 0x0862, 0x0862, 0x0862, 0x0862,
    0x0862, 0x0862, 0x0862, 0x0862, 0x0862, 0x0862, 0x0862, 0x0862,
    0x0862, 0x0862, 0x0862, 0x0862, 0x0862, 0x0862, 0x0862, 0x0862,
    0x0862, 0x0862, 0x0862, 0x0862, 0x0862, 0x0862, 0x0862, 0x0862,
    0x0862, 0x0862, 0x0862, 0x0862, 0x0862, 0x0862, 0x0862, 0x0862,
    0x0862, 0x0862, 0x0862, 0x0862, 0x0862, 0x0862, 0x0862, 0x0862,
    0x0862, 0x0862, 0x0862, 0x0862, 0x0862, 0x0862, 0x0862, 0x0862,
    0x0862, 0x0862, 0x0862, 0x0862, 0x0862, 0x0862, 0x0862, 0x0862,
    0x0862, 0x0862, 0x0862, 0x0862, 0x0862, 0x0862, 0x0862, 0x0862,
    0x0862, 0x0862, 0x0862, 0x0862, 0x0862, 0x0862, 0x0862, 0x0862,
    0x0862, 0x0862, 0x0862, 0x0862, 0x0862, 0x0862, 0x0862, 0x0862,
    0x0862, 0x0862, 0x0862, 0x0862, 0x0862, 0x0862, 0x0862, 0x0862,
    0x0862, 0x0862, 0x0862, 0x0862, 0x0862, 0x0862, 0x0862, 0x0862,
    0x0862, 0x0862, 0x0862, 0x0862, 0x0862, 0x0862, 0x0862, 0x0862,
    0x0862, 0x0862, 0x0862, 0x0862, 0x0862, 0x0862, 0x0862, 0x0862,
    0x0862, 0x0862, 0x0862, 0x0862, 0x0862, 0x0862, 0x0862, 0x0862,
    0x0862, 0x0862, 0x0862, 0x0862, 0x0862, 0x0862, 0x0862, 0x0862,
    0x0862, 0x0862, 0x0862, 0x0862, 0x0862, 0x0862, 0x0862, 0x0862,
    0x0862, 0x0862, 0x0862, 0x0862, 0x0862, 0x0862, 0x0862, 0x0862,
    0x0862, 0x0862, 0x0862, 0x0862, 0x0862, 0x0862, 0x0862, 0x0862,
    0x0862, 0x0862, 0x0862, 0x0862, 0x0862, 0x0862, 0x0862, 0x0862,
    0x0862, 0x0862, 0x0862, 0x0862, 0x0862, 0x0862, 0x0862, 0x0862,
    0x0862, 0x0862, 0x0862, 0x0862, 0x0862, 0x0862, 0x0862, 0x0862,
    0x0862, 0x0862, 0x0862, 0x0862, 0x0862, 0x0862, 0x0862, 0x0862,
    0x0862, 0x0862, 0x0862, 0x0862, 0x0862, 0x0862, 0x0862, 0x0862,
    0x0862, 0x0862, 0x0862, 0x0862, 0x0862, 0x0862, 0x0862, 0x0862,
    0x0862, 0x0862, 0x0862, 0x0862, 0x0862, 0x0862, 0x0862, 0x0862,
    0x0862, 0x0862, 0x0862, 0x0862, 0x0862, 0x0862, 0x0862, 0x0862,
    0x0862, 0x0862, 0x0862, 0x0862, 0x0862, 0x0862, 0x0862, 0x0862,
    0x0862, 0x0862, 0x0862, 0x0862, 0x0862, 0x0862, 0x0862, 0x0862,
    0x0862, 0x0862, 0x0862, 0x0862, 0x0862, 0x0862, 0x0862, 0x0862,
    0x0862, 0x0862, 0x0862, 0x0862, 0x0862, 0x0862, 0x0862, 0x0862,
    0x0862, 0x0862, 0x0862, 0x0862, 0x0862, 0x0862, 0x0862, 0x0862,
    0x0862, 0x0862, 0x0862, 0x0862, 0x0862, 0x0862, 0x0862, 0x0862,
    0x0862, 0x0862, 0x0862, 0x0862, 0x0862, 0x0862, 0x0862, 0x0862,
    0x0862, 0x0862, 0x0862, 0x0862, 0x0862, 0x0862, 0x0862, 0x0862,
    0x0862, 0x0862, 0x0862, 0x0862, 0x0862, 0x0862, 0x0862, 0x0862,
    0x0862, 0x0862, 0x0862, 0x0862, 0x0862, 0x0862, 0x0862, 0x0862,
    0x0862, 0x0862, 0x0862, 0x0862, 0x0862, 0x0862, 0x0862, 0x0862,
    0x0862, 0x0862, 0x0862, 0x0862, 0x0862, 0x0862, 0x0862, 0x0862,
    0x0862, 0x0862, 0x0862, 0x0862, 0x0862, 0x0862, 0x0862, 0x0862,
    0x0862, 0x0862, 0x0862, 0x0862, 0x0862, 0x0862, 0x0862, 0x0862,
    0x0862, 0x0862, 0x0862, 0x0862, 0x0862, 0x0862, 0x0862, 0x0862,
    0x0862, 0x0862, 0x0862, 0x0862, 0x0862, 0x0862, 0x0862, 0x0862,
    0x0862, 0x0862, 0x0862, 0x0862, 0x0862, 0x0862, 0x0862, 0x0862,
    0x0862, 0x0862, 0x0862, 0x0862, 0x0862, 0x0862, 0x0862, 0x0862,
    0x0862, 0x0862, 0x0862, 0x0862, 0x0862, 0x0862, 0x0862, 0x0862,
    0x0862, 0x0862, 0x0862, 0x0862, 0x0862, 0x0862, 0x0862, 0x0862,
    0x0862, 0x0862, 0x0862, 0x0862, 0x0862, 0x0862, 0x0862, 0x0862,
    0x01A3, 0x03C6, 0x0385, 0x0386, 0x0386, 0x0386, 0x0386, 0x0386,
    0x0386, 0x0386, 0x0386, 0x0386, 0x0386, 0x0386, 0x0386, 0x0386,
    0x0386, 0x0386, 0x0386, 0x0386, 0x0386, 0x0365, 0x03C6, 0x0244,
    0x0862, 0x0862, 0x0862, 0x02C5, 0x03A6, 0x0365, 0x0386, 0x0386,
    0x0386, 0x0386, 0x0386, 0x0386, 0x0386, 0x0386, 0x0386, 0x0386,
    0x0386, 0x0386, 0x0386, 0x0386, 0x0386, 0x0386, 0x0386, 0x0386,
    0x0366, 0x0386, 0x0903, 0x0862, 0x0862, 0x0862, 0x0862, 0x0862,
    0x0862, 0x0862, 0x0862, 0x0862, 0x0862, 0x0862, 0x0862, 0x0862,
    0x0862, 0x0862, 0x0862, 0x0862, 0x0862, 0x0862, 0x5B0C, 0x3187,
    0x0862, 0x0862, 0x0862, 0x0862, 0x0862, 0x0862, 0x0862, 0x0862,
    0x0862, 0x0862, 0x0862, 0x0862, 0x0862, 0x0862, 0x0862, 0x0862,
    0x0862, 0x0862, 0x0862, 0x0862, 0x0862, 0x0862, 0x0862, 0x0862,
    0x0862, 0x0862, 0x0862, 0x0862, 0x0862, 0x0862, 0x0862, 0x0862,
    0x0862, 0x0862, 0x0862, 0x0862, 0x0862, 0x0862, 0x0862, 0x0862,
    0x0862, 0x0862, 0x0862, 0x0862, 0x0862, 0x0862, 0x0862, 0x0862,
    0x0862, 0x0862, 0x0862, 0x0862, 0x0862, 0x0862, 0x0862, 0x0862,
    0x0862, 0x0862, 0x0862, 0x0862, 0x0862, 0x0862, 0x0862, 0x0862,
    0x0862, 0x0862, 0x0862, 0x0862, 0x0862, 0x0862, 0x0862, 0x0862,
    0x0862, 0x0862, 0x0862, 0x0862, 0x0862, 0x0862, 0x0862, 0x0862,
    0x0862, 0x0862, 0x0862, 0x0862, 0x0862, 0x0862, 0x0862, 0x0862,
    0x0862, 0x0862, 0x0862, 0x0862, 0x0862, 0x0862, 0x0862, 0x0862,
    0x0862, 0x0862, 0x0862, 0x0862, 0x0862, 0x0862, 0x0862, 0x0862,
    0x0862, 0x0862, 0x0862, 0x0862, 0x0862, 0x0862, 0x0862, 0x0862,
    0x0862, 0x0862, 0x0862, 0x0862, 0x0862, 0x0862, 0x0862, 0x0862,
    0x0862, 0x0862, 0x0862, 0x0862, 0x0862, 0x0862, 0x0862, 0x0862,
    0x0862, 0x0862, 0x0862, 0x0862, 0x0862, 0x0862, 0x0862, 0x0862,
    0x0862, 0x0862, 0x0862, 0x0862, 0x0862, 0x0862, 0x0862, 0x0862,
    0x0862, 0x0862, 0x0862, 0x0862, 0x0862, 0x0862, 0x0862, 0x0862,
    0x0862, 0x0862, 0x0862, 0x0862, 0x0862, 0x0862, 0x0862, 0x0862,
    0x0862, 0x0862, 0x0862, 0x0862, 0x0862, 0x0862, 0x0862, 0x0862,
    0x0285, 0x0629, 0x05A8, 0x05C8, 0x05C8, 0x05C8, 0x05C8, 0x05C8,
    0x05C8, 0x05C8, 0x05C8, 0x05C8, 0x05C8, 0x05C8, 0x05C8, 0x05C8,
    0x05C8, 0x05C8, 0x05C8, 0x05C8, 0x05C8, 0x05A8, 0x0629, 0x0385,
    0x0862, 0x0862, 0x0862, 0x0487, 0x0609, 0x05A8, 0x05C8, 0x05C8,
    0x05C8, 0x05C8, 0x05C8, 0x05C8, 0x05C8, 0x05C8, 0x05C8, 0x05C8,
    0x05C8, 0x05C8, 0x05C8, 0x05C8, 0x05C8, 0x05C8, 0x05C8, 0x05C8,
    0x05C8, 0x05E8, 0x0183, 0x0862, 0x0862, 0x0862, 0x0862, 0x0862,
    0x0862, 0x0862, 0x0862, 0x0862, 0x0862, 0x0862, 0x0862, 0x0862,
    0x0862, 0x0862, 0x0862, 0x31C7, 0x8C72, 0xDEFB, 0xFFFF, 0x52AB,
    0x0862, 0x0862, 0x0862, 0x0862, 0x0862, 0x0862, 0x0862, 0x0862,
    0x0862, 0x0862, 0x0862, 0x0862, 0x0862, 0x0862, 0x0862, 0x0862,
    0x0862, 0x0862, 0x0862, 0x0862, 0x0862, 0x0862, 0x0862, 0x0862,
    0x0862, 0x0862, 0x0862, 0x0862, 0x0862, 0x0862, 0x0862, 0x0862,
    0x0862, 0x0862, 0x0862, 0x0862, 0x0862, 0x0862, 0x0862, 0x0862,
    0x0862, 0x0862, 0x0862, 0x0862, 0x0862, 0x0862, 0x0862, 0x0862,
    0x0862, 0x0862, 0x0862, 0x0862, 0x0862, 0x0862, 0x0862, 0x0862,
    0x0862, 0x0862, 0x0862, 0x0862, 0x0862, 0x0862, 0x0862, 0x0862,
    0x0862, 0x0862, 0x0862, 0x0862, 0x0862, 0x0862, 0x0862, 0x0862,
    0x0862, 0x0862, 0x0862, 0x0862, 0x0862, 0x0862, 0x0862, 0x0862,
    0x0862, 0x0862, 0x0862, 0x0862, 0x0862, 0x0862, 0x0862, 0x0862,
    0x0862, 0x0862, 0x0862, 0x0862, 0x0862, 0x0862, 0x0862, 0x0862,
    0x0862, 0x0862, 0x0862, 0x0862, 0x0862, 0x0862, 0x0862, 0x0862,
    0x0862, 0x0862, 0x0862, 0x0862, 0x0862, 0x0862, 0x0862, 0x0862,
    0x0862, 0x0862, 0x0862, 0x0862, 0x0862, 0x0862, 0x0862, 0x0862,
    0x0862, 0x0862, 0x0862, 0x0862, 0x0862, 0x0862, 0x0862, 0x0862,
    0x0862, 0x0862, 0x0862, 0x0862, 0x0862, 0x0862, 0x0862, 0x0862,
    0x0862, 0x0862, 0x0862, 0x0862, 0x0862, 0x0862, 0x0862, 0x0862,
    0x0862, 0x0862, 0x0862, 0x0862, 0x0862, 0x0862, 0x0862, 0x0862,
    0x0862, 0x0862, 0x0862, 0x0862, 0x0862, 0x0862, 0x0862, 0x0862,
    0x0862, 0x0862, 0x0862, 0x0862, 0x0862, 0x0862, 0x0862, 0x0862,
    0x0264, 0x05A8, 0x0548, 0x0548, 0x0548, 0x0548, 0x0548, 0x0548,
    0x0548, 0x0548, 0x0548, 0x0548, 0x0548, 0x0548, 0x0548, 0x0548,
    0x0548, 0x0548, 0x0548, 0x0548, 0x0548, 0x0548, 0x05A8, 0x0345,
    0x0862, 0x0862, 0x0862, 0x0446, 0x0588, 0x0547, 0x0548, 0x0548,
    0x0548, 0x0548, 0x0548, 0x0548, 0x0548, 0x0548, 0x0548, 0x0548,
    0x0548, 0x0548, 0x0548, 0x0548, 0x0548, 0x0548, 0x0548, 0x0548,
    0x0548, 0x0568, 0x0163, 0x0862, 0x0862, 0x0862, 0x0862, 0x0862,
    0x0862, 0x0862, 0x0862, 0x0862, 0x0862, 0x0862, 0x0862, 0x0862,
    0x0862, 0x4229, 0xC618, 0xFFDF, 0xFFFF, 0xFFFF, 0xFFFF, 0x4A6A,
    0x0862, 0x0862, 0x0862, 0x0862, 0x0862, 0x0862, 0x0862, 0x0862,
    0x0862, 0x0862, 0x0862, 0x0862, 0x0862, 0x0862, 0x0862, 0x0862,
    0x0862, 0x0862, 0x0862, 0x0862, 0x0862, 0x0862, 0x0862, 0x0862,
    0x0862, 0x0862, 0x0862, 0x0862, 0x0862, 0x0862, 0x0862, 0x0862,
    0x0862, 0x0862, 0x0862, 0x0862, 0x0862, 0x0862, 0x0862, 0x0862,
    0x0862, 0x0862, 0x0862, 0x0862, 0x0862, 0x0862, 0x0862, 0x0862,
    0x0862, 0x0862, 0x0862, 0x0862, 0x0862, 0x0862, 0x0862, 0x0862,
    0x0862, 0x0862, 0x0862, 0x0862, 0x0862, 0x0862, 0x0862, 0x0862,
    0x0862, 0x0862, 0x0862, 0x0862, 0x0862, 0x0862, 0x0862, 0x0862,
    0x0862, 0x0862, 0x0862, 0x0862, 0x0862, 0x0862, 0x0862, 0x0862,
    0x0862, 0x0862, 0x0862, 0x0862, 0x0862, 0x0862, 0x0862, 0x0862,
    0x0862, 0x0862, 0x0862, 0x0862, 0x0862, 0x0862, 0x0862, 0x0862,
    0x0862, 0x0862, 0x0862, 0x0862, 0x0862, 0x0862, 0x0862, 0x0862,
    0x0862, 0x0862, 0x0862, 0x0862, 0x0862, 0x0862, 0x0862, 0x0862,
    0x0862, 0x0862, 0x0862, 0x0862, 0x0862, 0x0862, 0x0862, 0x0862,
    0x0862, 0x0862, 0x0862, 0x0862, 0x0862, 0x0862, 0x0862, 0x0862,
    0x0862, 0x0862, 0x0862, 0x0862, 0x0862, 0x0862, 0x0862, 0x0862,
    0x0862, 0x0862, 0x0862, 0x0862, 0x0862, 0x0862, 0x0862, 0x0862,
    0x0862, 0x0862, 0x0862, 0x0862, 0x0862, 0x0862, 0x0862, 0x0862,
    0x0862, 0x0862, 0x0862, 0x0862, 0x0862, 0x0862, 0x0862, 0x0862,
    0x0862, 0x0862, 0x0862, 0x0862, 0x0862, 0x0862, 0x0862, 0x0862,
    0x0264, 0x05C8, 0x0548, 0x0568, 0x0568, 0x0568, 0x0568, 0x0568,
    0x0568, 0x0568, 0x0568, 0x0568, 0x0568, 0x0568, 0x0568, 0x0568,
    0x0568, 0x0568, 0x0568, 0x0568, 0x0568, 0x0548, 0x05C8, 0x0365,
    0x0862, 0x0862, 0x0862, 0x0446, 0x05A8, 0x0568, 0x0568, 0x0568,
    0x0568, 0x0568, 0x0568, 0x0568, 0x0568, 0x0568, 0x0568, 0x0568,
    0x0568, 0x0568, 0x0568, 0x0568, 0x0568, 0x0568, 0x0568, 0x0568,
    0x0568, 0x0588, 0x0183, 0x0862, 0x0862, 0x0862, 0x0862, 0x0862,
    0x0862, 0x0862, 0x0862, 0x0862, 0x0862, 0x0862, 0x0862, 0x0862,
    0x0862, 0x8431, 0xFFFF, 0xFFFF, 0xFFDF, 0xFFDF, 0xFFFF, 0x4A8A,
    0x0862, 0x0862, 0x0862, 0x0862, 0x0862, 0x0862, 0x0862, 0x0862,
    0x0862, 0x0862, 0x0862, 0x0862, 0x0862, 0x0862, 0x0862, 0x0862,
    0x0862, 0x0862, 0x0862, 0x0862, 0x0862, 0x0862, 0x0862, 0x0862,
    0x0862, 0x0862, 0x0862, 0x0862, 0x0862, 0x0862, 0x0862, 0x0862,
    0x0862, 0x0862, 0x0862, 0x0862, 0x0862, 0x0862, 0x0862, 0x0862,
    0x0862, 0x0862, 0x0862, 0x0862, 0x0862, 0x0862, 0x0862, 0x0862,
    0x0862, 0x0862, 0x0862, 0x0862, 0x0862, 0x0862, 0x0862, 0x0862,
    0x0862, 0x0862, 0x0862, 0x0862, 0x0862, 0x0862, 0x0862, 0x0862,
    0x0862, 0x0862, 0x0862, 0x0862, 0x0862, 0x0862, 0x0862, 0x0862,
    0x0862, 0x0862, 0x0862, 0x0862, 0x0862, 0x0862, 0x0862, 0x0862,
    0x0862, 0x0862, 0x0862, 0x0862, 0x0862, 0x0862, 0x0862, 0x0862,
    0x0862, 0x0862, 0x0862, 0x0862, 0x0862, 0x0862, 0x0862, 0x0862,
    0x0862, 0x0862, 0x0862, 0x0862, 0x0862, 0x0862, 0x0862, 0x0862,
    0x0862, 0x0862, 0x0862, 0x0862, 0x0862, 0x0862, 0x0862, 0x0862,
    0x0862, 0x0862, 0x0862, 0x0862, 0x0862, 0x0862, 0x0862, 0x0862,
    0x0862, 0x0862, 0x0862, 0x0862, 0x0862, 0x0862, 0x0862, 0x0862,
    0x0862, 0x0862, 0x0862, 0x0862, 0x0862, 0x0862, 0x0862, 0x0862,
    0x0862, 0x0862, 0x0862, 0x0862, 0x0862, 0x0862, 0x0862, 0x0862,
    0x0862, 0x0862, 0x0862, 0x0862, 0x0862, 0x0862, 0x0862, 0x0862,
    0x0862, 0x0862, 0x0862, 0x0862, 0x0862, 0x0862, 0x0862, 0x0862,
    0x0862, 0x0862, 0x0862, 0x0862, 0x0862, 0x0862, 0x0862, 0x0862,
    0x0264, 0x05C8, 0x0548, 0x0568, 0x0568, 0x0568, 0x0568, 0x0568,
    0x0568, 0x0568, 0x0568, 0x0568, 0x0568, 0x0568, 0x0568, 0x0568,
    0x0568, 0x0568, 0x0568, 0x0568, 0x0568, 0x0548, 0x05C8, 0x0365,
    0x0862, 0x0862, 0x0862, 0x0446, 0x05A8, 0x0568, 0x0568, 0x0568,
    0x0568, 0x0568, 0x0568, 0x0568, 0x0568, 0x0568, 0x0568, 0x0568,
    0x0568, 0x0568, 0x0568, 0x0568, 0x0568, 0x0568, 0x0568, 0x0568,
    0x0568, 0x0588, 0x0183, 0x0862, 0x0862, 0x0862, 0x0862, 0x0862,
    0x0862, 0x0862, 0x0862, 0x0862, 0x0862, 0x0862, 0x0862, 0x0862,
    0x0862, 0x7BEF, 0xFFFF, 0xFFDF, 0xFFFF, 0xFFDF, 0xFFFF, 0x4A49,
    0x0862, 0x0862, 0x0862, 0x0862, 0x0862, 0x0862, 0x0862, 0x0862,
    0x0862, 0x0862, 0x0862, 0x0862, 0x0862, 0x0862, 0x0862, 0x0862,
    0x0862, 0x0862, 0x0862, 0x0862, 0x0862, 0x0862, 0x0862, 0x0862,
    0x0862, 0x0862, 0x0862, 0x0862, 0x0862, 0x0862, 0x0862, 0x0862,
    0x0862, 0x0862, 0x0862, 0x0862, 0x0862, 0x0862, 0x0862, 0x0862,
    0x0862, 0x0862, 0x0862, 0x0862, 0x0862, 0x0862, 0x0862, 0x0862,
    0x0862, 0x0862, 0x0862, 0x0862, 0x0862, 0x0862, 0x0862, 0x0862,
    0x0862, 0x0862, 0x0862, 0x0862, 0x0862, 0x0862, 0x0862, 0x0862,
    0x0862, 0x0862, 0x0862, 0x0862, 0x0862, 0x0862, 0x0862, 0x0862,
    0x0862, 0x0862, 0x0862, 0x0862, 0x0862, 0x0862, 0x0862, 0x0862,
    0x0862, 0x0862, 0x0862, 0x0862, 0x0862, 0x0862, 0x0862, 0x0862,
    0x0862, 0x0862, 0x0862, 0x0862, 0x0862, 0x0862, 0x0862, 0x0862,
    0x0862, 0x0862, 0x0862, 0x0862, 0x0862, 0x0862, 0x0862, 0x0862,
    0x0862, 0x0862, 0x0862, 0x0862, 0x0862, 0x0862, 0x0862, 0x0862,
    0x0862, 0x0862, 0x0862, 0x0862, 0x0862, 0x0862, 0x0862, 0x0862,
    0x0862, 0x0862, 0x0862, 0x0862, 0x0862, 0x0862, 0x0862, 0x0862,
    0x0862, 0x0862, 0x0862, 0x0862, 0x0862, 0x0862, 0x0862, 0x0862,
    0x0862, 0x0862, 0x0862, 0x0862, 0x0862, 0x0862, 0x0862, 0x0862,
    0x0862, 0x0862, 0x0862, 0x0862, 0x0862, 0x0862, 0x0862, 0x0862,
    0x0862, 0x0862, 0x0862, 0x0862, 0x0862, 0x0862, 0x0862, 0x0862,
    0x0862, 0x0862, 0x0862, 0x0862, 0x0862, 0x0862, 0x0862, 0x0862,
    0x0264, 0x05C8, 0x0548, 0x0568, 0x0568, 0x0568, 0x0568, 0x0568,
    0x0568, 0x0568, 0x0568, 0x0568, 0x0568, 0x0568, 0x0568, 0x0568,
    0x0568, 0x0568, 0x0568, 0x0568, 0x0568, 0x0548, 0x05C8, 0x0365,
    0x0862, 0x0862, 0x0862, 0x0446, 0x05A8, 0x0568, 0x0568, 0x0568,
    0x0568, 0x0568, 0x0568, 0x0568, 0x0568, 0x0568, 0x0568, 0x0568,
    0x0568, 0x0568, 0x0568, 0x0568, 0x0568, 0x0568, 0x0568, 0x0568,
    0x0568, 0x0588, 0x0183, 0x0862, 0x0862, 0x0862, 0x0862, 0x0862,
    0x0862, 0x0862, 0x0862, 0x0862, 0x0862, 0x0862, 0x0862, 0x0862,
    0x0862, 0x7BF0, 0xFFFF, 0xFFDF, 0xFFFF, 0xFFFF, 0xFFFF, 0x632C,
    0x31A7, 0x31A7, 0x31A7, 0x31A7, 0x31A7, 0x31A7, 0x31A7, 0x31A7,
    0x31A7, 0x31A7, 0x3187, 0x2966, 0x18E4, 0x0862, 0x0862, 0x0862,
    0x0862, 0x0862, 0x0862, 0x0862, 0x0862, 0x0862, 0x0862, 0x0862,
    0x0862, 0x0862, 0x0862, 0x0862, 0x0862, 0x0862, 0x0862, 0x0862,
    0x0862, 0x0862, 0x0862, 0x0862, 0x0862, 0x0862, 0x0862, 0x0862,
    0x0862, 0x0862, 0x0862, 0x0862, 0x0862, 0x0862, 0x0862, 0x0862,
    0x0862, 0x0862, 0x0862, 0x0862, 0x0862, 0x0862, 0x0862, 0x0862,
    0x0862, 0x0862, 0x0862, 0x0862, 0x0862, 0x0862, 0x0862, 0x0862,
    0x0862, 0x0862, 0x0862, 0x0862, 0x0862, 0x0862, 0x0862, 0x0862,
    0x0862, 0x0862, 0x0862, 0x0862, 0x0862, 0x0862, 0x0862, 0x0862,
    0x0862, 0x0862, 0x0862, 0x0862, 0x0862, 0x0862, 0x0862, 0x0862,
    0x0862, 0x0862, 0x0862, 0x0862, 0x0862, 0x0862, 0x0862, 0x0862,
    0x0862, 0x0862, 0x0862, 0x0862, 0x0862, 0x0862, 0x0862, 0x0862,
    0x0862, 0x0862, 0x0862, 0x0862, 0x0862, 0x0862, 0x0862, 0x0862,
    0x0862, 0x0862, 0x0862, 0x0862, 0x0862, 0x0862, 0x0862, 0x0862,
    0x0862, 0x0862, 0x0862, 0x0862, 0x0862, 0x0862, 0x0862, 0x0862,
    0x0862, 0x0862, 0x0862, 0x0862, 0x0862, 0x0862, 0x0862, 0x0862,
    0x0862, 0x0862, 0x0862, 0x0862, 0x0862, 0x0862, 0x0862, 0x0862,
    0x0862, 0x0862, 0x0862, 0x0862, 0x0862, 0x0862, 0x0862, 0x0862,
    0x0862, 0x0862, 0x0862, 0x0862, 0x0862, 0x0862, 0x0862, 0x0862,
    0x0862, 0x0862, 0x0862, 0x0862, 0x0862, 0x0862, 0x0862, 0x0862,
    0x0264, 0x05C8, 0x0548, 0x0568, 0x0568, 0x0568, 0x0568, 0x0568,
    0x0568, 0x0568, 0x0568, 0x0568, 0x0568, 0x0568, 0x0568, 0x0568,
    0x0568, 0x0568, 0x0568, 0x0568, 0x0568, 0x0548, 0x05C8, 0x0365,
    0x0862, 0x0862, 0x0862, 0x0446, 0x05A8, 0x0568, 0x0568, 0x0568,
    0x0568, 0x0568, 0x0568, 0x0568, 0x0568, 0x0568, 0x0568, 0x0568,
    0x0568, 0x0568, 0x0568, 0x0568, 0x0568, 0x0568, 0x0568, 0x0568,
    0x0568, 0x0588, 0x0183, 0x0862, 0x0862, 0x0862, 0x0862, 0x0862,
    0x0862, 0x0862, 0x0862, 0x0862, 0x0862, 0x0862, 0x0862, 0x0862,
    0x0862, 0x7BF0, 0xFFFF, 0xFFFF, 0xE73C, 0x9CD3, 0x39E8, 0xBDF8,
    0xFFFF, 0xFFFF, 0xFFFF, 0xFFFF, 0xFFFF, 0xFFFF, 0xFFFF, 0xFFFF,
    0xFFFF, 0xFFFF, 0xFFFF, 0xFFDF, 0xEF5D, 0xCE59, 0x8C71, 0x39E8,
    0x0862, 0x0862, 0x0862, 0x0862, 0x0862, 0x0862, 0x0862, 0x0862,
    0x0862, 0x0862, 0x0862, 0x0862, 0x0862, 0x0862, 0x0862, 0x0862,
    0x0862, 0x0862, 0x0862, 0x0862, 0x0862, 0x0862, 0x0862, 0x0862,
    0x0862, 0x0862, 0x0862, 0x0862, 0x0862, 0x0862, 0x0862, 0x0862,
    0x0862, 0x0862, 0x0862, 0x0862, 0x0862, 0x0862, 0x0862, 0x0862,
    0x0862, 0x0862, 0x0862, 0x0862, 0x0862, 0x0862, 0x0862, 0x0862,
    0x0862, 0x0862, 0x0862, 0x0862, 0x0862, 0x0862, 0x0862, 0x0862,
    0x0862, 0x0862, 0x0862, 0x0862, 0x0862, 0x0862, 0x0862, 0x0862,
    0x0862, 0x0862, 0x0862, 0x0862, 0x0862, 0x0862, 0x0862, 0x0862,
    0x0862, 0x0862, 0x0862, 0x0862, 0x0862, 0x0862, 0x0862, 0x0862,
    0x0862, 0x2125, 0x2125, 0x2125, 0x2125, 0x2125, 0x18E4, 0x0862,
    0x0862, 0x0862, 0x0862, 0x0862, 0x0862, 0x0862, 0x0862, 0x0862,
    0x0862, 0x0862, 0x0862, 0x0862, 0x0862, 0x0862, 0x0862, 0x0862,
    0x0862, 0x0862, 0x0862, 0x0862, 0x0862, 0x0862, 0x0862, 0x0862,
    0x0862, 0x0862, 0x0862, 0x0862, 0x0862, 0x0862, 0x0862, 0x0862,
    0x0862, 0x0862, 0x0862, 0x0862, 0x0862, 0x0862, 0x0862, 0x0862,
    0x0862, 0x0862, 0x0862, 0x0862, 0x0862, 0x0862, 0x0862, 0x0862,
    0x0862, 0x0862, 0x0862, 0x0862, 0x0862, 0x0862, 0x0862, 0x0862,
    0x0862, 0x0862, 0x0862, 0x0862, 0x0862, 0x0862, 0x0862, 0x0862,
    0x0264, 0x05C8, 0x0548, 0x0568, 0x0568, 0x0568, 0x0568, 0x0568,
    0x0568, 0x0568, 0x0568, 0x0568, 0x0568, 0x0568, 0x0568, 0x0568,
    0x0568, 0x0568, 0x0568, 0x0568, 0x0568, 0x0548, 0x05C8, 0x0365,
    0x0862, 0x0862, 0x0862, 0x0446, 0x05A8, 0x0568, 0x0568, 0x0568,
    0x0568, 0x0568, 0x0568, 0x0568, 0x0568, 0x0568, 0x0568, 0x0568,
    0x0568, 0x0568, 0x0568, 0x0568, 0x0568, 0x0568, 0x0568, 0x0568,
    0x0568, 0x0588, 0x0183, 0x0862, 0x0862, 0x0862, 0x0862, 0x0862,
    0x0862, 0x0862, 0x0862, 0x0862, 0x0862, 0x0862, 0x0862, 0x0862,
    0x0862, 0x73CF, 0xC638, 0x5B0C, 0x18E4, 0x0862, 0x0862, 0xBDF7,
    0xFFFF, 0xFFFF, 0xFFFF, 0xFFFF, 0xFFFF, 0xFFFF, 0xFFFF, 0xFFFF,
    0xFFFF, 0xFFFF, 0xFFFF, 0xFFFF, 0xFFFF, 0xFFFF, 0xFFFF, 0xFFFF,
    0xB596, 0x2966, 0x0862, 0x0862, 0x0862, 0x0862, 0x0862, 0x0862,
    0x0862, 0x0862, 0x0862, 0x0862, 0x0862, 0x0862, 0x0862, 0x0862,
    0x0862, 0x0862, 0x0862, 0x0862, 0x0862, 0x0862, 0x0862, 0x0862,
    0x0862, 0x0862, 0x0862, 0x0862, 0x0862, 0x0862, 0x0862, 0x0862,
    0x0862, 0x0862, 0x0862, 0x0862, 0x0862, 0x0862, 0x0862, 0x0862,
    0x0862, 0x0862, 0x0862, 0x0862, 0x0862, 0x0862, 0x0862, 0x0862,
    0x0862, 0x0862, 0x0862, 0x0862, 0x0862, 0x0862, 0x0862, 0x0862,
    0x0862, 0x0862, 0x0862, 0x0862, 0x0862, 0x0862, 0x0862, 0x0862,
    0x0862, 0x0862, 0x0862, 0x0862, 0x0862, 0x0862, 0x0862, 0x0862,
    0x0862, 0x0862, 0x0862, 0x0862, 0x0862, 0x0862, 0x0862, 0x0862,
    0x2145, 0xEF7D, 0xFFDF, 0xF7BE, 0xF7BE, 0xFFDF, 0xAD55, 0x0862,
    0x0862, 0x0862, 0x0862, 0x0862, 0x0862, 0x0862, 0x0862, 0x0862,
    0x0862, 0x0862, 0x0862, 0x0862, 0x0862, 0x0862, 0x0862, 0x0862,
    0x0862, 0x0862, 0x0862, 0x0862, 0x0862, 0x0862, 0x0862, 0x0862,
    0x0862, 0x0862, 0x0862, 0x0862, 0x0862, 0x0862, 0x0862, 0x0862,
    0x0862, 0x0862, 0x0862, 0x0862, 0x0862, 0x0862, 0x0862, 0x0862,
    0x0862, 0x0862, 0x0862, 0x0862, 0x0862, 0x0862, 0x0862, 0x0862,
    0x0862, 0x0862, 0x0862, 0x0862, 0x0862, 0x0862, 0x0862, 0x0862,
    0x0862, 0x0862, 0x0862, 0x0862, 0x0862, 0x0862, 0x0862, 0x0862,
    0x0264, 0x05C8, 0x0548, 0x0568, 0x0568, 0x0568, 0x0568, 0x0568,
    0x0568, 0x0568, 0x0568, 0x0568, 0x0568, 0x0568, 0x0568, 0x0568,
    0x0568, 0x0568, 0x0568, 0x0568, 0x0568, 0x0548, 0x05C8, 0x0365,
    0x0862, 0x0862, 0x0862, 0x0446, 0x05A8, 0x0568, 0x0568, 0x0568,
    0x0568, 0x0568, 0x0568, 0x0568, 0x0568, 0x0568, 0x0568, 0x0568,
    0x0568, 0x0568, 0x0568, 0x0568, 0x0568, 0x0568, 0x0568, 0x0568,
    0x0568, 0x0588, 0x0183, 0x0862, 0x0862, 0x0862, 0x0862, 0x0862,
    0x0862, 0x0862, 0x0862, 0x0862, 0x0862, 0x0862, 0x0862, 0x0862,
    0x0862, 0x0862, 0x0862, 0x0862, 0x0862, 0x0862, 0x0862, 0xBDD7,
    0xFFDF, 0xF7BE, 0xFFDF, 0xFFDF, 0xFFDF, 0xFFDF, 0xFFDF, 0xFFDF,
    0xFFDF, 0xFFDF, 0xFFDF, 0xFFDF, 0xFFDF, 0xFFFF, 0xFFDF, 0xFFFF,
    0xFFFF, 0xEF5D, 0x3A08, 0x0862, 0x0862, 0x0862, 0x0862, 0x0862,
    0x0862, 0x0862, 0x0862, 0x0862, 0x0862, 0x0862, 0x0862, 0x0862,
    0x0862, 0x0862, 0x0862, 0x0862, 0x0862, 0x0862, 0x0862, 0x0862,
    0x0862, 0x0862, 0x0862, 0x0862, 0x0862, 0x0862, 0x0862, 0x0862,
    0x0862, 0x0862, 0x0862, 0x0862, 0x0862, 0x0862, 0x0862, 0x0862,
    0x0862, 0x0862, 0x0862, 0x0862, 0x0862, 0x0862, 0x0862, 0x0862,
    0x0862, 0x0862, 0x0862, 0x0862, 0x0862, 0x0862, 0x0862, 0x0862,
    0x0862, 0x0862, 0x0862, 0x0862, 0x0862, 0x0862, 0x0862, 0x0862,
    0x0862, 0x0862, 0x0862, 0x0862, 0x0862, 0x0862, 0x0862, 0x0862,
    0x0862, 0x0862, 0x0862, 0x0862, 0x0862, 0x0862, 0x0862, 0x0862,
    0x2146, 0xF7BE, 0xFFFF, 0xFFFF, 0xFFFF, 0xFFFF, 0xAD76, 0x0862,
    0x0862, 0x0862, 0x0862, 0x0862, 0x0862, 0x0862, 0x0862, 0x0862,
    0x0862, 0x0862, 0x0862, 0x0862, 0x0862, 0x0862, 0x0862, 0x0862,
    0x0862, 0x0862, 0x0862, 0x0862, 0x0862, 0x0862, 0x0862, 0x0862,
    0x0862, 0x0862, 0x0862, 0x0862, 0x0862, 0x0862, 0x0862, 0x0862,
    0x0862, 0x0862, 0x0862, 0x0862, 0x0862, 0x0862, 0x0862, 0x0862,
    0x0862, 0x0862, 0x0862, 0x0862, 0x0862, 0x0862, 0x0862, 0x0862,
    0x0862, 0x0862, 0x0862, 0x0862, 0x0862, 0x0862, 0x0862, 0x0862,
    0x0862, 0x0862, 0x0862, 0x0862, 0x0862, 0x0862, 0x0862, 0x0862,
    0x0264, 0x05C8, 0x0548, 0x0568, 0x0568, 0x0568, 0x0568, 0x0568,
    0x0568, 0x0568, 0x0568, 0x0568, 0x0568, 0x0568, 0x0568, 0x0568,
    0x0568, 0x0568, 0x0568, 0x0568, 0x0568, 0x0548, 0x05C8, 0x0365,
    0x0862, 0x0862, 0x0862, 0x0446, 0x05A8, 0x0568, 0x0568, 0x0568,
    0x0568, 0x0568, 0x0568, 0x0568, 0x0568, 0x0568, 0x0568, 0x0568,
    0x0568, 0x0568, 0x0568, 0x0568, 0x0568, 0x0568, 0x0568, 0x0568,
    0x0568, 0x0588, 0x0183, 0x0862, 0x0862, 0x0862, 0x0862, 0x0862,
    0x0862, 0x0862, 0x0862, 0x0862, 0x0862, 0x0862, 0x0862, 0x0862,
    0x0862, 0x0862, 0x0862, 0x0862, 0x0862, 0x0862, 0x0862, 0xC638,
    0xFFFF, 0xFFFF, 0xFFFF, 0xFFFF, 0xFFFF, 0xFFFF, 0xFFFF, 0xFFFF,
    0xFFFF, 0xFFFF, 0xFFFF, 0xFFFF, 0xFFFF, 0xFFFF, 0xFFFF, 0xFFFF,
    0xFFDF, 0xFFFF, 0xE75D, 0x2145, 0x0862, 0x0862, 0x0862, 0x0862,
    0x0862, 0x0862, 0x0862, 0x0862, 0x0862, 0x0862, 0x0862, 0x0862,
    0x0862, 0x0862, 0x0862, 0x0862, 0x0862, 0x0862, 0x0862, 0x0862,
    0x0862, 0x0862, 0x0862, 0x0862, 0x0862, 0x0862, 0x0862, 0x0862,
    0x0862, 0x0862, 0x0862, 0x0862, 0x0862, 0x0862, 0x0862, 0x0862,
    0x0862, 0x0862, 0x0862, 0x0862, 0x0862, 0x0862, 0x0862, 0x0862,
    0x0862, 0x0862, 0x0862, 0x0862, 0x0862, 0x0862, 0x0862, 0x0862,
    0x0862, 0x0862, 0x0862, 0x0862, 0x0862, 0x0862, 0x0862, 0x0862,
    0x0862, 0x0862, 0x0862, 0x0862, 0x0862, 0x0862, 0x0862, 0x0862,
    0x0862, 0x0862, 0x0862, 0x0862, 0x0862, 0x0862, 0x0862, 0x0862,
    0x2146, 0xF7BE, 0xFFFF, 0xFFFF, 0xFFDF, 0xFFFF, 0xAD76, 0x0862,
    0x0862, 0x0862, 0x0862, 0x0862, 0x0862, 0x0862, 0x0862, 0x0862,
    0x0862, 0x0862, 0x0862, 0x0862, 0x0862, 0x0862, 0x0862, 0x0862,
    0x0862, 0x0862, 0x0862, 0x0862, 0x0862, 0x0862, 0x0862, 0x0862,
    0x0862, 0x0862, 0x0862, 0x0862, 0x0862, 0x0862, 0x0862, 0x0862,
    0x0862, 0x0862, 0x0862, 0x0862, 0x0862, 0x0862, 0x0862, 0x0862,
    0x0862, 0x0862, 0x0862, 0x0862, 0x0862, 0x0862, 0x0862, 0x0862,
    0x0862, 0x0862, 0x0862, 0x0862, 0x0862, 0x0862, 0x0862, 0x0862,
    0x0862, 0x0862, 0x0862, 0x0862, 0x0862, 0x0862, 0x0862, 0x0862,
    0x0264, 0x05C8, 0x0548, 0x0568, 0x0568, 0x0568, 0x0568, 0x0568,
    0x0568, 0x0568, 0x0568, 0x0568, 0x0568, 0x0568, 0x0568, 0x0568,
    0x0568, 0x0568, 0x0568, 0x0568, 0x0568, 0x0548, 0x05C8, 0x0365,
    0x0862, 0x0862, 0x0862, 0x0446, 0x05A8, 0x0568, 0x0568, 0x0568,
    0x0568, 0x0568, 0x0568, 0x0568, 0x0568, 0x0568, 0x0568, 0x0568,
    0x0568, 0x0568, 0x0568, 0x0568, 0x0568, 0x0568, 0x0568, 0x0568,
    0x0568, 0x0588, 0x0183, 0x0862, 0x0862, 0x0862, 0x0862, 0x0862,
    0x0862, 0x0862, 0x0862, 0x0862, 0x0862, 0x0862, 0x0862, 0x0862,
    0x0862, 0x0862, 0x0862, 0x0862, 0x0862, 0x0862, 0x52AB, 0x7BCF,
    0x6B8E, 0x6B8E, 0x6B8E, 0x6B8E, 0x6B8E, 0x6B8E, 0x6B8E, 0x6B8E,
    0x6B8E, 0x6B8E, 0x6B8E, 0x738E, 0xA535, 0xFFFF, 0xFFFF, 0xFFFF,
    0xFFFF, 0xFFDF, 0xFFFF, 0xAD55, 0x0862, 0x0862, 0x0862, 0x0862,
    0x0862, 0x0862, 0x0862, 0x0862, 0x0862, 0x0862, 0x0862, 0x0862,
    0x0862, 0x0862, 0x0862, 0x0862, 0x0862, 0x0862, 0x0862, 0x0862,
    0x0862, 0x0862, 0x0862, 0x0862, 0x0862, 0x0862, 0x0862, 0x0862,
    0x0862, 0x0862, 0x0862, 0x0862, 0x0862, 0x0862, 0x0862, 0x0862,
    0x0862, 0x0862, 0x0862, 0x0862, 0x0862, 0x0862, 0x0862, 0x0862,
    0x0862, 0x0862, 0x0862, 0x0862, 0x0862, 0x0862, 0x0862, 0x0862,
    0x0862, 0x0862, 0x0862, 0x0862, 0x0862, 0x0862, 0x0862, 0x0862,
    0x0862, 0x0862, 0x0862, 0x0862, 0x0862, 0x0862, 0x0862, 0x0862,
    0x0862, 0x0862, 0x0862, 0x0862, 0x0862, 0x0862, 0x0862, 0x0862,
    0x2146, 0xF7BE, 0xFFFF, 0xFFFF, 0xFFDF, 0xFFFF, 0xAD75, 0x0862,
    0x0862, 0x0862, 0x0862, 0x0862, 0x0862, 0x0862, 0x0862, 0x0862,
    0x0862, 0x0862, 0x0862, 0x0862, 0x0862, 0x0862, 0x0862, 0x0862,
    0x0862, 0x0862, 0x0862, 0x0862, 0x0862, 0x0862, 0x0862, 0x0862,
    0x0862, 0x0862, 0x0862, 0x0862, 0x0862, 0x0862, 0x0862, 0x0862,
    0x0862, 0x0862, 0x0862, 0x0862, 0x0862, 0x0862, 0x0862, 0x0862,
    0x0862, 0x0862, 0x0862, 0x0862, 0x0862, 0x0862, 0x0862, 0x0862,
    0x0862, 0x0862, 0x0862, 0x0862, 0x0862, 0x0862, 0x0862, 0x0862,
    0x0862, 0x0862, 0x0862, 0x0862, 0x0862, 0x0862, 0x0862, 0x0862,
    0x0264, 0x05C8, 0x0548, 0x0568, 0x0568, 0x0568, 0x0568, 0x0568,
    0x0568, 0x0568, 0x0568, 0x0568, 0x0568, 0x0568, 0x0568, 0x0568,
    0x0568, 0x0568, 0x0568, 0x0568, 0x0568, 0x0548, 0x05C8, 0x0365,
    0x0862, 0x0862, 0x0862, 0x0446, 0x05A8, 0x0568, 0x0568, 0x0568,
    0x0568, 0x0568, 0x0568, 0x0568, 0x0568, 0x0568, 0x0568, 0x0568,
    0x0568, 0x0568, 0x0568, 0x0568, 0x0568, 0x0568, 0x0568, 0x0568,
    0x0568, 0x0588, 0x0183, 0x0862, 0x0862, 0x0862, 0x0862, 0x0862,
    0x0862, 0x0862, 0x0862, 0x0862, 0x0862, 0x0862, 0x0862, 0x0862,
    0x0862, 0x0862, 0x0862, 0x2986, 0x8431, 0xD6BB, 0xFFFF, 0x4249,
    0x0862, 0x0862, 0x0862, 0x0862, 0x0862, 0x0862, 0x0862, 0x0862,
    0x0862, 0x0862, 0x0862, 0x0862, 0x0862, 0x52CB, 0xFFDF, 0xFFFF,
    0xFFFF, 0xFFFF, 0xFFFF, 0xFFDF, 0x2966, 0x0862, 0x0862, 0x0862,
    0x0862, 0x0862, 0x0862, 0x0862, 0x0862, 0x0862, 0x0862, 0x0862,
    0x0862, 0x0862, 0x0862, 0x0862, 0x0862, 0x0862, 0x0862, 0x0862,
    0x0862, 0x0862, 0x0862, 0x0862, 0x0862, 0x0862, 0x0862, 0x0862,
    0x0862, 0x0862, 0x0862, 0x0862, 0x0862, 0x0862, 0x0862, 0x0862,
    0x0862, 0x0862, 0x0862, 0x0862, 0x0862, 0x0862, 0x0862, 0x0862,
    0x0862, 0x0862, 0x0862, 0x0862, 0x0862, 0x0862, 0x0862, 0x0862,
    0x0862, 0x0862, 0x0862, 0x0862, 0x0862, 0x0862, 0x0862, 0x0862,
    0x0862, 0x0862, 0x0862, 0x0862, 0x0862, 0x0862, 0x0862, 0x0862,
    0x0862, 0x0862, 0x0862, 0x0862, 0x0862, 0x0862, 0x0862, 0x0862,
    0x2146, 0xF7BE, 0xFFFF, 0xFFFF, 0xFFDF, 0xFFFF, 0xB596, 0x0862,
    0x18E4, 0x0862, 0x0862, 0x0862, 0x0862, 0x0862, 0x0862, 0x0862,
    0x0862, 0x0862, 0x0862, 0x0862, 0x0862, 0x0862, 0x0862, 0x0862,
    0x0862, 0x0862, 0x0862, 0x0862, 0x0862, 0x0862, 0x0862, 0x0862,
    0x0862, 0x0862, 0x0862, 0x0862, 0x0862, 0x0862, 0x0862, 0x0862,
    0x0862, 0x0862, 0x0862, 0x0862, 0x0862, 0x0862, 0x0862, 0x0862,
    0x0862, 0x0862, 0x0862, 0x0862, 0x0862, 0x0862, 0x0862, 0x0862,
    0x0862, 0x0862, 0x0862, 0x0862, 0x0862, 0x0862, 0x0862, 0x0862,
    0x0862, 0x0862, 0x0862, 0x0862, 0x0862, 0x0862, 0x0862, 0x0862,
    0x0264, 0x05C8, 0x0548, 0x0568, 0x0568, 0x0568, 0x0568, 0x0568,
    0x0568, 0x0568, 0x0568, 0x0568, 0x0568, 0x0568, 0x0568, 0x0568,
    0x0568, 0x0568, 0x0568, 0x0568, 0x0568, 0x0548, 0x05C8, 0x0365,
    0x0862, 0x0862, 0x0862, 0x0446, 0x05A8, 0x0568, 0x0568, 0x0568,
    0x0568, 0x0568, 0x0568, 0x0568, 0x0568, 0x0568, 0x0568, 0x0568,
    0x0568, 0x0568, 0x0568, 0x0568, 0x0568, 0x0568, 0x0568, 0x0568,
    0x0568, 0x0588, 0x0183, 0x0862, 0x0862, 0x0862, 0x0862, 0x0862,
    0x0862, 0x0862, 0x0862, 0x0862, 0x0862, 0x0862, 0x0862, 0x0862,
    0x0862, 0x3A08, 0xBDD7, 0xFFDF, 0xFFFF, 0xFFFF, 0xFFFF, 0x4A8A,
    0x0862, 0x0862, 0x0862, 0x0862, 0x0862, 0x0862, 0x0862, 0x0862,
    0x0862, 0x0862, 0x0862, 0x0862, 0x0862, 0x0862, 0xAD75, 0xFFFF,
    0xFFFF, 0xFFFF, 0xFFFF, 0xFFFF, 0x6B6E, 0x0862, 0x0862, 0x0862,
    0x0862, 0x0862, 0x0862, 0x8451, 0xEF7D, 0xEF5D, 0xEF7D, 0xEF7D,
    0xEF7D, 0xEF7D, 0xEF7D, 0xEF7D, 0xEF7D, 0xEF7D, 0xEF7D, 0xEF7D,
    0xEF7D, 0xEF7D, 0xEF7D, 0xEF7D, 0xEF7D, 0xEF7D, 0xEF7D, 0xEF5D,
    0xD6BA, 0x9CD3, 0x3187, 0x0862, 0x0862, 0x0862, 0x0862, 0x0862,
    0x0862, 0x0862, 0xBDD7, 0xEF7D, 0xEF5D, 0xEF7D, 0xEF7D, 0xEF7D,
    0xEF7D, 0xEF7D, 0xEF7D, 0xEF7D, 0xEF7D, 0xEF7D, 0xEF7D, 0xEF7D,
    0xEF7D, 0xEF7D, 0xEF7D, 0xEF7D, 0xEF7D, 0xEF7D, 0xEF7D, 0xEF7D,
    0xEF7D, 0xEF7D, 0xEF7D, 0xEF7D, 0xEF7D, 0xEF7D, 0xEF5D, 0xDEFB,
    0xAD55, 0x4229, 0x0862, 0x0862, 0x0862, 0x0862, 0x0862, 0x0862,
    0x2146, 0xF7BE, 0xFFFF, 0xFFFF, 0xFFFF, 0xFFFF, 0xFFDF, 0xEF7D,
    0xEF7D, 0xEF7D, 0xEF7D, 0xEF7D, 0xEF7D, 0xEF7D, 0xEF7D, 0xEF7D,
    0xEF7D, 0xEF7D, 0xEF7D, 0xEF7D, 0xE71C, 0xB5D7, 0x52CB, 0x0862,
    0x0862, 0x0862, 0x0862, 0x0862, 0x0862, 0x0862, 0xBDD7, 0xEF7D,
    0xEF5D, 0xE75D, 0xEF7D, 0x8430, 0x0862, 0x0862, 0x0862, 0x0862,
    0x0862, 0x0862, 0x0862, 0x0862, 0x0862, 0x0862, 0x0862, 0x0862,
    0x0862, 0x0862, 0xD69A, 0xEF7D, 0xEF5D, 0xEF5D, 0xEF7D, 0x52CB,
    0x0862, 0x0862, 0x0862, 0x0862, 0x0862, 0x0862, 0x0862, 0x0862,
    0x0862, 0x0862, 0x0862, 0x0862, 0x0862, 0x0862, 0x0862, 0x0862,
    0x0264, 0x05C8, 0x0548, 0x0568, 0x0568, 0x0568, 0x0568, 0x0568,
    0x0568, 0x0568, 0x0568, 0x0568, 0x0568, 0x0568, 0x0568, 0x0568,
    0x0568, 0x0568, 0x0568, 0x0568, 0x0568, 0x0548, 0x05C8, 0x0365,
    0x0862, 0x0862, 0x0862, 0x0446, 0x05A8, 0x0568, 0x0568, 0x0568,
    0x0568, 0x0568, 0x0568, 0x0568, 0x0568, 0x0568, 0x0568, 0x0568,
    0x0568, 0x0568, 0x0568, 0x0568, 0x0568, 0x0568, 0x0568, 0x0568,
    0x0568, 0x0588, 0x0183, 0x0862, 0x0862, 0x0862, 0x0862, 0x0862,
    0x0862, 0x0862, 0x0862, 0x0862, 0x0862, 0x0862, 0x0862, 0x0862,
    0x0862, 0x8431, 0xFFFF, 0xFFFF, 0xFFDF, 0xFFDF, 0xFFFF, 0x4A8A,
    0x0862, 0x0862, 0x0862, 0x0862, 0x0862, 0x0862, 0x0862, 0x0862,
    0x0862, 0x0862, 0x0862, 0x0862, 0x0862, 0x0862, 0x7BCF, 0xFFFF,
    0xFFDF, 0xFFFF, 0xFFDF, 0xFFFF, 0x8C92, 0x0862, 0x0862, 0x0862,
    0x0862, 0x0862, 0x0862, 0x3A08, 0xFFFF, 0xFFFF, 0xFFFF, 0xFFFF,
    0xFFFF, 0xFFFF, 0xFFFF, 0xFFFF, 0xFFFF, 0xFFFF, 0xFFFF, 0xFFFF,
    0xFFFF, 0xFFFF, 0xFFFF, 0xFFFF, 0xFFFF, 0xFFFF, 0xFFFF, 0xFFFF,
    0xFFFF, 0xFFFF, 0xF79E, 0x5AEC, 0x0862, 0x0862, 0x0862, 0x0862,
    0x0862, 0x0862, 0xCE7A, 0xFFFF, 0xFFFF, 0xFFFF, 0xFFFF, 0xFFFF,
    0xFFFF, 0xFFFF, 0xFFFF, 0xFFFF, 0xFFFF, 0xFFFF, 0xFFFF, 0xFFFF,
    0xFFFF, 0xFFFF, 0xFFFF, 0xFFFF, 0xFFFF, 0xFFFF, 0xFFFF, 0xFFFF,
    0xFFFF, 0xFFFF, 0xFFFF, 0xFFFF, 0xFFFF, 0xFFFF, 0xFFFF, 0xFFFF,
    0xFFFF, 0xFFFF, 0x8410, 0x0862, 0x0862, 0x0862, 0x0862, 0x0862,
    0x2146, 0xF7BE, 0xFFFF, 0xFFFF, 0xFFFF, 0xFFFF, 0xFFFF, 0xFFFF,
    0xFFFF, 0xFFFF, 0xFFFF, 0xFFFF, 0xFFFF, 0xFFFF, 0xFFFF, 0xFFFF,
    0xFFFF, 0xFFFF, 0xFFFF, 0xFFFF, 0xFFFF, 0xFFFF, 0xFFFF, 0x9CF4,
    0x0862, 0x0862, 0x0862, 0x0862, 0x0862, 0x0862, 0xCE7A, 0xFFFF,
    0xFFFF, 0xFFFF, 0xFFFF, 0x8C92, 0x0862, 0x0862, 0x0862, 0x0862,
    0x0862, 0x0862, 0x0862, 0x0862, 0x0862, 0x0862, 0x0862, 0x0862,
    0x0862, 0x0862, 0xE73C, 0xFFFF, 0xFFFF, 0xFFFF, 0xFFFF, 0x5B0C,
    0x0862, 0x0862, 0x0862, 0x0862, 0x0862, 0x0862, 0x0862, 0x0862,
    0x0862, 0x0862, 0x0862, 0x0862, 0x0862, 0x0862, 0x0862, 0x0862,
    0x0264, 0x05C8, 0x0548, 0x0568, 0x0568, 0x0568, 0x0568, 0x0568,
    0x0568, 0x0568, 0x0568, 0x0568, 0x0568, 0x0568, 0x0568, 0x0568,
    0x0568, 0x0568, 0x0568, 0x0568, 0x0568, 0x0548, 0x05C8, 0x0365,
    0x0862, 0x0862, 0x0862, 0x0446, 0x05A8, 0x0568, 0x0568, 0x0568,
    0x0568, 0x0568, 0x0568, 0x0568, 0x0568, 0x0568, 0x0568, 0x0568,
    0x0568, 0x0568, 0x0568, 0x0568, 0x0568, 0x0568, 0x0568, 0x0568,
    0x0568, 0x0588, 0x0183, 0x0862, 0x0862, 0x0862, 0x0862, 0x0862,
    0x0862, 0x0862, 0x0862, 0x0862, 0x0862, 0x0862, 0x0862, 0x0862,
    0x0862, 0x7BEF, 0xFFFF, 0xFFDF, 0xFFFF, 0xFFFF, 0xFFFF, 0x4A8A,
    0x0862, 0x0862, 0x0862, 0x0862, 0x0862, 0x0862, 0x0862, 0x0862,
    0x0862, 0x0862, 0x0862, 0x0862, 0x0862, 0x0862, 0x9D14, 0xFFFF,
    0xFFDF, 0xFFFF, 0xFFDF, 0xFFFF, 0x94B3, 0x0862, 0x0862, 0x0862,
    0x0862, 0x0862, 0x0862, 0x0862, 0xCE79, 0xFFDF, 0xF7BE, 0xFFDF,
    0xFFDF, 0xFFDF, 0xFFDF, 0xFFDF, 0xFFDF, 0xFFDF, 0xFFDF, 0xFFDF,
    0xFFDF, 0xFFDF, 0xFFDF, 0xFFDF, 0xFFDF, 0xFFDF, 0xFFDF, 0xFFDF,
    0xFFFF, 0xFFDF, 0xFFFF, 0xFFDF, 0x31C7, 0x0862, 0x0862, 0x0862,
    0x0862, 0x0862, 0xCE59, 0xFFFF, 0xFFDF, 0xFFFF, 0xFFFF, 0xFFFF,
    0xFFDF, 0xFFDF, 0xFFDF, 0xFFDF, 0xFFDF, 0xFFDF, 0xFFDF, 0xFFDF,
    0xFFFF, 0xFFFF, 0xFFFF, 0xFFFF, 0xFFFF, 0xFFFF, 0xFFDF, 0xFFDF,
    0xFFDF, 0xFFDF, 0xFFDF, 0xFFDF, 0xFFDF, 0xFFDF, 0xFFDF, 0xFFFF,
    0xFFDF, 0xFFFF, 0xFFFF, 0x5B0C, 0x0862, 0x0862, 0x0862, 0x0862,
    0x2146, 0xF7BE, 0xFFFF, 0xFFFF, 0xFFFF, 0xFFFF, 0xFFFF, 0xFFDF,
    0xFFDF, 0xFFDF, 0xFFDF, 0xFFDF, 0xFFDF, 0xFFDF, 0xFFDF, 0xFFDF,
    0xFFDF, 0xFFDF, 0xFFDF, 0xFFDF, 0xFFFF, 0xFFFF, 0xFFDF, 0xFFFF,
    0x8431, 0x0862, 0x0862, 0x0862, 0x0862, 0x0862, 0xCE59, 0xFFFF,
    0xFFDF, 0xFFDF, 0xFFFF, 0x8C72, 0x0862, 0x0862, 0x0862, 0x0862,
    0x0862, 0x0862, 0x0862, 0x0862, 0x0862, 0x0862, 0x0862, 0x0862,
    0x0862, 0x0862, 0xE71C, 0xFFFF, 0xFFFF, 0xFFDF, 0xFFFF, 0x5B0C,
    0x0862, 0x0862, 0x0862, 0x0862, 0x0862, 0x0862, 0x0862, 0x0862,
    0x0862, 0x0862, 0x0862, 0x0862, 0x0862, 0x0862, 0x0862, 0x0862,
    0x0264, 0x05C8, 0x0548, 0x0568, 0x0568, 0x0568, 0x0568, 0x0568,
    0x0568, 0x0568, 0x0568, 0x0568, 0x0568, 0x0568, 0x0568, 0x0568,
    0x0568, 0x0568, 0x0568, 0x0568, 0x0568, 0x0548, 0x05C8, 0x0365,
    0x0862, 0x0862, 0x0862, 0x0446, 0x05A8, 0x0568, 0x0568, 0x0568,
    0x0568, 0x0568, 0x0568, 0x0568, 0x0568, 0x0568, 0x0568, 0x0568,
    0x0568, 0x0568, 0x0568, 0x0568, 0x0568, 0x0568, 0x0568, 0x0568,
    0x0568, 0x0588, 0x0183, 0x0862, 0x0862, 0x0862, 0x0862, 0x0862,
    0x0862, 0x0862, 0x0862, 0x0862, 0x0862, 0x0862, 0x0862, 0x0862,
    0x0862, 0x7BF0, 0xFFFF, 0xFFDF, 0xFFFF, 0xFFFF, 0xFFFF, 0x4229,
    0x0862, 0x0862, 0x0862, 0x0862, 0x0862, 0x0862, 0x0862, 0x0862,
    0x0862, 0x0862, 0x0862, 0x0862, 0x0862, 0x3A08, 0xF79E, 0xFFFF,
    0xFFFF, 0xFFFF, 0xFFDF, 0xFFFF, 0x7BF0, 0x0862, 0x0862, 0x0862,
    0x0862, 0x0862, 0x0862, 0x0862, 0x73AF, 0xFFFF, 0xFFFF, 0xFFFF,
    0xFFFF, 0xFFFF, 0xFFFF, 0xFFFF, 0xFFFF, 0xFFFF, 0xFFFF, 0xFFFF,
    0xFFFF, 0xFFFF, 0xFFFF, 0xFFFF, 0xFFFF, 0xFFFF, 0xFFFF, 0xFFFF,
    0xFFFF, 0xFFFF, 0xFFDF, 0xFFFF, 0xB596, 0x0862, 0x0862, 0x0862,
    0x0862, 0x0862, 0xCE59, 0xFFFF, 0xFFFF, 0xFFFF, 0xFFFF, 0xFFFF,
    0xFFFF, 0xFFFF, 0xFFFF, 0xFFFF, 0xFFFF, 0xFFFF, 0xFFFF, 0xFFFF,
    0xFFFF, 0xFFFF, 0xFFFF, 0xFFFF, 0xFFFF, 0xFFFF, 0xFFFF, 0xFFFF,
    0xFFFF, 0xFFFF, 0xFFFF, 0xFFFF, 0xFFFF, 0xFFFF, 0xFFFF, 0xFFFF,
    0xFFFF, 0xFFFF, 0xFFFF, 0xDEFB, 0x0862, 0x0862, 0x0862, 0x0862,
    0x2146, 0xF7BE, 0xFFFF, 0xFFFF, 0xFFFF, 0xFFFF, 0xFFFF, 0xFFFF,
    0xFFFF, 0xFFFF, 0xFFFF, 0xFFFF, 0xFFFF, 0xFFFF, 0xFFFF, 0xFFFF,
    0xFFFF, 0xFFFF, 0xFFFF, 0xFFFF, 0xFFFF, 0xFFFF, 0xFFFF, 0xFFFF,
    0xF7BE, 0x2145, 0x0862, 0x0862, 0x0862, 0x0862, 0xCE59, 0xFFFF,
    0xFFFF, 0xFFDF, 0xFFFF, 0x8C72, 0x0862, 0x0862, 0x0862, 0x0862,
    0x0862, 0x0862, 0x0862, 0x0862, 0x0862, 0x0862, 0x0862, 0x0862,
    0x0862, 0x0862, 0xE71C, 0xFFFF, 0xFFFF, 0xFFFF, 0xFFFF, 0x5B0C,
    0x0862, 0x0862, 0x0862, 0x0862, 0x0862, 0x0862, 0x0862, 0x0862,
    0x0862, 0x0862, 0x0862, 0x0862, 0x0862, 0x0862, 0x0862, 0x0862,
    0x0264, 0x05C8, 0x0548, 0x0568, 0x0568, 0x0568, 0x0568, 0x0568,
    0x0568, 0x0568, 0x0568, 0x0568, 0x0568, 0x0568, 0x0568, 0x0568,
    0x0568, 0x0568, 0x0568, 0x0568, 0x0568, 0x0548, 0x05C8, 0x0365,
    0x0862, 0x0862, 0x0862, 0x0446, 0x05A8, 0x0568, 0x0568, 0x0568,
    0x0568, 0x0568, 0x0568, 0x0568, 0x0568, 0x0568, 0x0568, 0x0568,
    0x0568, 0x0568, 0x0568, 0x0568, 0x0568, 0x0568, 0x0568, 0x0568,
    0x0568, 0x0588, 0x0183, 0x0862, 0x0862, 0x0862, 0x0862, 0x0862,
    0x0862, 0x0862, 0x0862, 0x0862, 0x0862, 0x0862, 0x0862, 0x0862,
    0x0862, 0x7BF0, 0xFFFF, 0xFFDF, 0xFFFF, 0xFFFF, 0xFFFF, 0x8431,
    0x52AB, 0x52CB, 0x52AB, 0x52AB, 0x52AB, 0x52AB, 0x52AB, 0x52AB,
    0x52AB, 0x52AB, 0x52AB, 0x5ACB, 0x8C71, 0xF79E, 0xFFFF, 0xFFFF,
    0xFFFF, 0xFFFF, 0xFFFF, 0xFFFF, 0x4229, 0x0862, 0x0862, 0x0862,
    0x0862, 0x0862, 0x0862, 0x0862, 0x18E4, 0x73AF, 0x73AF, 0x73AF,
    0x73AF, 0x73AF, 0x73AF, 0x73AF, 0x73AF, 0x73AF, 0x73AF, 0x73AF,
    0x73AF, 0x73AF, 0x73AF, 0x73AF, 0x73AF, 0x73CF, 0x73AF, 0x9CD3,
    0xFFFF, 0xFFFF, 0xFFFF, 0xFFFF, 0xEF7D, 0x18E4, 0x0862, 0x0862,
    0x0862, 0x0862, 0xCE59, 0xFFFF, 0xFFFF, 0xFFFF, 0xFFFF, 0xEF7E,
    0x8C72, 0x8431, 0x8451, 0x8431, 0x8431, 0x8431, 0x8451, 0x8451,
    0xD6BA, 0xFFFF, 0xFFFF, 0xFFFF, 0xFFFF, 0xFFFF, 0xA555, 0x8431,
    0x8451, 0x8431, 0x8431, 0x8431, 0x8451, 0x8431, 0xBDF7, 0xFFFF,
    0xFFFF, 0xFFFF, 0xFFFF, 0xFFFF, 0x3A08, 0x0862, 0x0862, 0x0862,
    0x2146, 0xF7BE, 0xFFFF, 0xFFFF, 0xFFFF, 0xFFFF, 0xD6BB, 0x8431,
    0x8451, 0x8431, 0x8431, 0x8431, 0x8431, 0x8431, 0x8431, 0x8431,
    0x8431, 0x8451, 0x8431, 0xAD55, 0xFFFF, 0xFFFF, 0xFFFF, 0xFFDF,
    0xFFFF, 0x634D, 0x0862, 0x0862, 0x0862, 0x0862, 0xCE59, 0xFFFF,
    0xFFFF, 0xFFDF, 0xFFFF, 0x8C72, 0x0862, 0x0862, 0x0862, 0x0862,
    0x0862, 0x0862, 0x0862, 0x0862, 0x0862, 0x0862, 0x0862, 0x0862,
    0x0862, 0x0862, 0xE71C, 0xFFFF, 0xFFFF, 0xFFFF, 0xFFFF, 0x5B0C,
    0x0862, 0x0862, 0x0862, 0x0862, 0x0862, 0x0862, 0x0862, 0x0862,
    0x0862, 0x0862, 0x0862, 0x0862, 0x0862, 0x0862, 0x0862, 0x0862,
    0x0264, 0x05C8, 0x0548, 0x0568, 0x0568, 0x0568, 0x0568, 0x0568,
    0x0568, 0x0568, 0x0568, 0x0568, 0x0568, 0x0568, 0x0568, 0x0568,
    0x0568, 0x0568, 0x0568, 0x0568, 0x0568, 0x0548, 0x05C8, 0x0365,
    0x0862, 0x0862, 0x0862, 0x0446, 0x05A8, 0x0568, 0x0568, 0x0568,
    0x0568, 0x0568, 0x0568, 0x0568, 0x0568, 0x0568, 0x0568, 0x0568,
    0x0568, 0x0568, 0x0568, 0x0568, 0x0568, 0x0568, 0x0568, 0x0568,
    0x0568, 0x0588, 0x0183, 0x0862, 0x0862, 0x0862, 0x0862, 0x0862,
    0x0862, 0x0862, 0x0862, 0x0862, 0x0862, 0x0862, 0x0862, 0x0862,
    0x0862, 0x7BF0, 0xFFFF, 0xFFDF, 0xFFFF, 0xFFFF, 0xFFFF, 0xFFFF,
    0xFFFF, 0xFFFF, 0xFFFF, 0xFFFF, 0xFFFF, 0xFFFF, 0xFFFF, 0xFFFF,
    0xFFFF, 0xFFFF, 0xFFFF, 0xFFFF, 0xFFFF, 0xFFFF, 0xFFFF, 0xFFFF,
    0xFFFF, 0xFFFF, 0xFFFF, 0xD6BB, 0x0862, 0x0862, 0x0862, 0x0862,
    0x0862, 0x0862, 0x0862, 0x0862, 0x0862, 0x0862, 0x0862, 0x0862,
    0x0862, 0x0862, 0x0862, 0x0862, 0x0862, 0x0862, 0x0862, 0x0862,
    0x0862, 0x0862, 0x0862, 0x0862, 0x0862, 0x0862, 0x0862, 0x2966,
    0xFFFF, 0xFFFF, 0xFFFF, 0xFFFF, 0xFFFF, 0x3187, 0x0862, 0x0862,
    0x0862, 0x0862, 0xCE59, 0xFFFF, 0xFFFF, 0xFFFF, 0xFFFF, 0xC659,
    0x0862, 0x0862, 0x0862, 0x0862, 0x0862, 0x0862, 0x0862, 0x0862,
    0x8431, 0xFFFF, 0xFFDF, 0xFFFF, 0xFFFF, 0xFFFF, 0x2125, 0x0862,
    0x0862, 0x0862, 0x0862, 0x0862, 0x0862, 0x0862, 0x52AB, 0xFFFF,
    0xFFDF, 0xFFFF, 0xFFFF, 0xFFFF, 0x5AEC, 0x0862, 0x0862, 0x0862,
    0x2146, 0xF7BE, 0xFFFF, 0xFFFF, 0xFFDF, 0xFFFF, 0xA555, 0x0862,
    0x0862, 0x0862, 0x0862, 0x0862, 0x0862, 0x0862, 0x0862, 0x0862,
    0x0862, 0x0862, 0x0862, 0x2146, 0xFFFF, 0xFFFF, 0xFFFF, 0xFFDF,
    0xFFFF, 0x8431, 0x0862, 0x0862, 0x0862, 0x0862, 0xCE59, 0xFFFF,
    0xFFFF, 0xFFDF, 0xFFFF, 0x8C72, 0x0862, 0x0862, 0x0862, 0x0862,
    0x0862, 0x0862, 0x0862, 0x0862, 0x0862, 0x0862, 0x0862, 0x0862,
    0x0862, 0x0862, 0xE71C, 0xFFFF, 0xFFFF, 0xFFFF, 0xFFFF, 0x5B0C,
    0x0862, 0x0862, 0x0862, 0x0862, 0x0862, 0x0862, 0x0862, 0x0862,
    0x0862, 0x0862, 0x0862, 0x0862, 0x0862, 0x0862, 0x0862, 0x0862,
    0x0264, 0x05C8, 0x0548, 0x0568, 0x0568, 0x0568, 0x0568, 0x0568,
    0x0568, 0x0568, 0x0568, 0x0568, 0x0568, 0x0568, 0x0568, 0x0568,
    0x0568, 0x0568, 0x0568, 0x0568, 0x0568, 0x0548, 0x05C8, 0x0365,
    0x0862, 0x0862, 0x0862, 0x0446, 0x05A8, 0x0568, 0x0568, 0x0568,
    0x0568, 0x0568, 0x0568, 0x0568, 0x0568, 0x0568, 0x0568, 0x0568,
    0x0568, 0x0568, 0x0568, 0x0568, 0x0568, 0x0568, 0x0568, 0x0568,
    0x0568, 0x0588, 0x0183, 0x0862, 0x0862, 0x0862, 0x0862, 0x0862,
    0x0862, 0x0862, 0x0862, 0x0862, 0x0862, 0x0862, 0x0862, 0x0862,
    0x0862, 0x7BF0, 0xFFFF, 0xFFDF, 0xFFFF, 0xFFFF, 0xFFFF, 0xFFFF,
    0xFFFF, 0xFFFF, 0xFFFF, 0xFFFF, 0xFFFF, 0xFFFF, 0xFFFF, 0xFFFF,
    0xFFFF, 0xFFFF, 0xFFFF, 0xFFFF, 0xFFDF, 0xFFFF, 0xFFFF, 0xFFFF,
    0xFFFF, 0xFFFF, 0xFFDF, 0x4249, 0x0862, 0x0862, 0x0862, 0x0862,
    0x0862, 0x0862, 0x0862, 0x0862, 0x0862, 0x0862, 0x0862, 0x0862,
    0x0862, 0x0862, 0x0862, 0x0862, 0x0862, 0x0862, 0x0862, 0x0862,
    0x0862, 0x0862, 0x0862, 0x0862, 0x0862, 0x0862, 0x0862, 0x2966,
    0xFFFF, 0xFFFF, 0xFFFF, 0xFFFF, 0xFFFF, 0x31A7, 0x0862, 0x0862,
    0x0862, 0x0862, 0xCE59, 0xFFFF, 0xFFFF, 0xFFFF, 0xFFFF, 0xCE59,
    0x0862, 0x0862, 0x0862, 0x0862, 0x0862, 0x0862, 0x0862, 0x0862,
    0x8C92, 0xFFFF, 0xFFDF, 0xFFFF, 0xFFFF, 0xFFFF, 0x31A7, 0x0862,
    0x0862, 0x0862, 0x0862, 0x0862, 0x0862, 0x0862, 0x5B0C, 0xFFFF,
    0xFFDF, 0xFFFF, 0xFFFF, 0xFFFF, 0x5AEC, 0x0862, 0x0862, 0x0862,
    0x2146, 0xF7BE, 0xFFFF, 0xFFFF, 0xFFDF, 0xFFFF, 0xAD76, 0x0862,
    0x0862, 0x0862, 0x0862, 0x0862, 0x0862, 0x0862, 0x0862, 0x0862,
    0x0862, 0x0862, 0x0862, 0x31C7, 0xFFFF, 0xFFFF, 0xFFFF, 0xFFDF,
    0xFFFF, 0x8C72, 0x0862, 0x0862, 0x0862, 0x0862, 0xCE59, 0xFFFF,
    0xFFFF, 0xFFDF, 0xFFFF, 0x8C72, 0x0862, 0x0862, 0x0862, 0x0862,
    0x0862, 0x0862, 0x0862, 0x0862, 0x0862, 0x0862, 0x0862, 0x0862,
    0x0862, 0x0862, 0xE71C, 0xFFFF, 0xFFFF, 0xFFFF, 0xFFFF, 0x5B0C,
    0x0862, 0x0862, 0x0862, 0x0862, 0x0862, 0x0862, 0x0862, 0x0862,
    0x0862, 0x0862, 0x0862, 0x0862, 0x0862, 0x0862, 0x0862, 0x0862,
    0x0264, 0x05C8, 0x0548, 0x0568, 0x0568, 0x0568, 0x0568, 0x0568,
    0x0568, 0x0568, 0x0568, 0x0568, 0x0568, 0x0568, 0x0568, 0x0568,
    0x0568, 0x0568, 0x0568, 0x0568, 0x0568, 0x0548, 0x05C8, 0x0365,
    0x0862, 0x0862, 0x0862, 0x0487, 0x05A8, 0x0547, 0x0568, 0x0568,
    0x0568, 0x0568, 0x0568, 0x0568, 0x0568, 0x0568, 0x0568, 0x0568,
    0x0568, 0x0568, 0x0568, 0x0568, 0x0568, 0x0568, 0x0568, 0x0568,
    0x0568, 0x0588, 0x0183, 0x0862, 0x0862, 0x0862, 0x0862, 0x0862,
    0x0862, 0x0862, 0x0862, 0x0862, 0x0862, 0x0862, 0x0862, 0x0862,
    0x0862, 0x7BF0, 0xFFFF, 0xFFDF, 0xFFFF, 0xFFFF, 0xFFFF, 0xFFFF,
    0xFFFF, 0xFFFF, 0xFFFF, 0xFFFF, 0xFFFF, 0xFFFF, 0xFFFF, 0xFFFF,
    0xFFFF, 0xFFFF, 0xFFFF, 0xFFFF, 0xFFFF, 0xFFDF, 0xFFFF, 0xFFFF,
    0xFFFF, 0xFFFF, 0xFFDF, 0x5B0C, 0x0862, 0x0862, 0x0862, 0x0862,
    0x0862, 0x0862, 0x0862, 0x0862, 0x0862, 0x2146, 0x5B0C, 0x73AE,
    0x6B8E, 0x738E, 0x738E, 0x738E, 0x738E, 0x738E, 0x738E, 0x738E,
    0x738E, 0x738E, 0x738E, 0x738E, 0x738E, 0x73AE, 0x6B8E, 0x8C51,
    0xFFFF, 0xFFFF, 0xFFFF, 0xFFFF, 0xFFFF, 0x31A7, 0x0862, 0x0862,
    0x0862, 0x0862, 0xCE59, 0xFFFF, 0xFFFF, 0xFFFF, 0xFFFF, 0xCE59,
    0x0862, 0x0862, 0x0862, 0x0862, 0x0862, 0x0862, 0x0862, 0x0862,
    0x8C72, 0xFFFF, 0xFFDF, 0xFFFF, 0xFFFF, 0xFFFF, 0x3187, 0x0862,
    0x0862, 0x0862, 0x0862, 0x0862, 0x0862, 0x0862, 0x5AEC, 0xFFFF,
    0xFFDF, 0xFFFF, 0xFFFF, 0xFFFF, 0x5AEC, 0x0862, 0x0862, 0x0862,
    0x2146, 0xF7BE, 0xFFFF, 0xFFFF, 0xFFDF, 0xFFFF, 0xAD76, 0x0862,
    0x0862, 0x0862, 0x0862, 0x0862, 0x0862, 0x0862, 0x0862, 0x0862,
    0x0862, 0x0862, 0x0862, 0x31A7, 0xFFFF, 0xFFFF, 0xFFFF, 0xFFDF,
    0xFFFF, 0x8C72, 0x0862, 0x0862, 0x0862, 0x0862, 0xCE59, 0xFFFF,
    0xFFFF, 0xFFDF, 0xFFFF, 0x8C72, 0x0862, 0x0862, 0x0862, 0x0862,
    0x0862, 0x0862, 0x0862, 0x0862, 0x0862, 0x0862, 0x0862, 0x0862,
    0x0862, 0x0862, 0xE71C, 0xFFFF, 0xFFFF, 0xFFFF, 0xFFFF, 0x5B0C,
    0x0862, 0x0862, 0x0862, 0x0862, 0x0862, 0x0862, 0x0862, 0x0862,
    0x0862, 0x0862, 0x0862, 0x0862, 0x0862, 0x0862, 0x0862, 0x0862,
    0x0264, 0x05C8, 0x0548, 0x0568, 0x0568, 0x0568, 0x0568, 0x0568,
    0x0568, 0x0568, 0x0568, 0x0568, 0x0568, 0x0568, 0x0568, 0x0568,
    0x0568, 0x0568, 0x0568, 0x0568, 0x0568, 0x0548, 0x05C8, 0x0365,
    0x0862, 0x0862, 0x0862, 0x0366, 0x05A8, 0x05C8, 0x0588, 0x0568,
    0x0568, 0x0568, 0x0568, 0x0568, 0x0568, 0x0568, 0x0568, 0x0568,
    0x0568, 0x0568, 0x0568, 0x0568, 0x0568, 0x0568, 0x0568, 0x0568,
    0x0568, 0x0588, 0x0183, 0x0862, 0x0862, 0x0862, 0x0862, 0x0862,
    0x0862, 0x0862, 0x0862, 0x0862, 0x0862, 0x0862, 0x0862, 0x0862,
    0x0862, 0x7BF0, 0xFFFF, 0xFFDF, 0xFFFF, 0xFFFF, 0xFFFF, 0xFFFF,
    0xFFFF, 0xFFFF, 0xFFFF, 0xFFFF, 0xFFFF, 0xFFFF, 0xFFFF, 0xFFFF,
    0xFFFF, 0xFFFF, 0xFFFF, 0xFFFF, 0xFFFF, 0xFFFF, 0xFFFF, 0xFFFF,
    0xFFFF, 0xFFFF, 0xFFFF, 0xFFFF, 0x3A08, 0x0862, 0x0862, 0x0862,
    0x0862, 0x0862, 0x0862, 0x0862, 0x94B3, 0xF79E, 0xFFFF, 0xFFFF,
    0xFFFF, 0xFFFF, 0xFFFF, 0xFFFF, 0xFFFF, 0xFFFF, 0xFFFF, 0xFFFF,
    0xFFFF, 0xFFFF, 0xFFFF, 0xFFFF, 0xFFFF, 0xFFFF, 0xFFFF, 0xFFFF,
    0xFFFF, 0xFFFF, 0xFFFF, 0xFFFF, 0xFFFF, 0x31A7, 0x0862, 0x0862,
    0x0862, 0x0862, 0xCE59, 0xFFFF, 0xFFFF, 0xFFFF, 0xFFFF, 0xCE59,
    0x0862, 0x0862, 0x0862, 0x0862, 0x0862, 0x0862, 0x0862, 0x0862,
    0x8C72, 0xFFFF, 0xFFDF, 0xFFFF, 0xFFFF, 0xFFFF, 0x3187, 0x0862,
    0x0862, 0x0862, 0x0862, 0x0862, 0x0862, 0x0862, 0x5AEC, 0xFFFF,
    0xFFDF, 0xFFFF, 0xFFFF, 0xFFFF, 0x5AEC, 0x0862, 0x0862, 0x0862,
    0x2146, 0xF7BE, 0xFFFF, 0xFFFF, 0xFFDF, 0xFFFF, 0xAD76, 0x0862,
    0x0862, 0x0862, 0x0862, 0x0862, 0x0862, 0x0862, 0x0862, 0x0862,
    0x0862, 0x0862, 0x0862, 0x31A7, 0xFFFF, 0xFFFF, 0xFFFF, 0xFFDF,
    0xFFFF, 0x8C72, 0x0862, 0x0862, 0x0862, 0x0862, 0xCE59, 0xFFFF,
    0xFFFF, 0xFFDF, 0xFFFF, 0x8C72, 0x0862, 0x0862, 0x0862, 0x0862,
    0x0862, 0x0862, 0x0862, 0x0862, 0x0862, 0x0862, 0x0862, 0x0862,
    0x0862, 0x0862, 0xE71C, 0xFFFF, 0xFFFF, 0xFFFF, 0xFFFF, 0x5B0C,
    0x0862, 0x0862, 0x0862, 0x0862, 0x0862, 0x0862, 0x0862, 0x0862,
    0x0862, 0x0862, 0x0862, 0x0862, 0x0862, 0x0862, 0x0862, 0x0862,
    0x0264, 0x05C8, 0x0548, 0x0568, 0x0568, 0x0568, 0x0568, 0x0568,
    0x0568, 0x0568, 0x0568, 0x0568, 0x0568, 0x0568, 0x0568, 0x0568,
    0x0568, 0x0568, 0x0568, 0x0568, 0x0568, 0x0548, 0x05C8, 0x0365,
    0x0862, 0x0862, 0x0862, 0x0862, 0x0963, 0x0325, 0x04E7, 0x05C8,
    0x05A8, 0x0568, 0x0548, 0x0568, 0x0568, 0x0568, 0x0568, 0x0568,
    0x0568, 0x0568, 0x0568, 0x0568, 0x0568, 0x0568, 0x0568, 0x0568,
    0x0568, 0x0588, 0x0183, 0x0862, 0x0862, 0x0862, 0x0862, 0x0862,
    0x0862, 0x0862, 0x0862, 0x0862, 0x0862, 0x0862, 0x0862, 0x0862,
    0x0862, 0x7BF0, 0xFFFF, 0xFFDF, 0xFFFF, 0xFFFF, 0xFFFF, 0x7C10,
    0x39E8, 0x3A08, 0x3A08, 0x3A08, 0x3A08, 0x3A08, 0x3A08, 0x3A08,
    0x3A08, 0x3A08, 0x3A08, 0x3A08, 0x4249, 0x7BEF, 0xEF5D, 0xFFFF,
    0xFFFF, 0xFFFF, 0xFFFF, 0xFFFF, 0xCE59, 0x0862, 0x0862, 0x0862,
    0x0862, 0x0862, 0x0862, 0xBDD7, 0xFFFF, 0xFFFF, 0xFFFF, 0xFFDF,
    0xFFDF, 0xFFDF, 0xFFDF, 0xFFDF, 0xFFDF, 0xFFDF, 0xFFDF, 0xFFDF,
    0xFFDF, 0xFFDF, 0xFFDF, 0xFFDF, 0xFFDF, 0xFFDF, 0xFFDF, 0xFFDF,
    0xFFFF, 0xFFFF, 0xFFFF, 0xFFFF, 0xFFFF, 0x31A7, 0x0862, 0x0862,
    0x0862, 0x0862, 0xCE59, 0xFFFF, 0xFFFF, 0xFFFF, 0xFFFF, 0xCE59,
    0x0862, 0x0862, 0x0862, 0x0862, 0x0862, 0x0862, 0x0862, 0x0862,
    0x8C72, 0xFFFF, 0xFFDF, 0xFFFF, 0xFFFF, 0xFFFF, 0x3187, 0x0862,
    0x0862, 0x0862, 0x0862, 0x0862, 0x0862, 0x0862, 0x5AEC, 0xFFFF,
    0xFFDF, 0xFFFF, 0xFFFF, 0xFFFF, 0x5AEC, 0x0862, 0x0862, 0x0862,
    0x2146, 0xF7BE, 0xFFFF, 0xFFFF, 0xFFDF, 0xFFFF, 0xAD76, 0x0862,
    0x0862, 0x0862, 0x0862, 0x0862, 0x0862, 0x0862, 0x0862, 0x0862,
    0x0862, 0x0862, 0x0862, 0x31A7, 0xFFFF, 0xFFFF, 0xFFFF, 0xFFDF,
    0xFFFF, 0x8C72, 0x0862, 0x0862, 0x0862, 0x0862, 0xCE59, 0xFFFF,
    0xFFFF, 0xFFDF, 0xFFFF, 0x8C72, 0x0862, 0x0862, 0x0862, 0x0862,
    0x0862, 0x0862, 0x0862, 0x0862, 0x0862, 0x0862, 0x0862, 0x0862,
    0x0862, 0x0862, 0xE71C, 0xFFFF, 0xFFFF, 0xFFFF, 0xFFFF, 0x5B0C,
    0x0862, 0x0862, 0x0862, 0x0862, 0x0862, 0x0862, 0x0862, 0x0862,
    0x0862, 0x0862, 0x0862, 0x0862, 0x0862, 0x0862, 0x0862, 0x0862,
    0x0264, 0x05C8, 0x0548, 0x0568, 0x0568, 0x0568, 0x0568, 0x0568,
    0x0568, 0x0568, 0x0568, 0x0568, 0x0568, 0x0568, 0x0568, 0x0568,
    0x0568, 0x0568, 0x0568, 0x0568, 0x0568, 0x0548, 0x05C8, 0x0365,
    0x0862, 0x0862, 0x0862, 0x0862, 0x0862, 0x0862, 0x0862, 0x0224,
    0x0406, 0x0568, 0x05C8, 0x0588, 0x0548, 0x0568, 0x0568, 0x0568,
    0x0568, 0x0568, 0x0568, 0x0568, 0x0568, 0x0568, 0x0568, 0x0568,
    0x0568, 0x0588, 0x0183, 0x0862, 0x0862, 0x0862, 0x0862, 0x0862,
    0x0862, 0x0862, 0x0862, 0x0862, 0x0862, 0x0862, 0x0862, 0x0862,
    0x0862, 0x7BF0, 0xFFFF, 0xFFDF, 0xFFFF, 0xFFFF, 0xFFFF, 0x52CB,
    0x0862, 0x0862, 0x0862, 0x0862, 0x0862, 0x0862, 0x0862, 0x0862,
    0x0862, 0x0862, 0x0862, 0x0862, 0x0862, 0x0862, 0x31A7, 0xEF7D,
    0xFFFF, 0xFFFF, 0xFFFF, 0xFFFF, 0xFFFF, 0x3A08, 0x0862, 0x0862,
    0x0862, 0x0862, 0x7BF0, 0xFFFF, 0xFFDF, 0xFFFF, 0xFFFF, 0xFFFF,
    0xFFFF, 0xFFFF, 0xFFFF, 0xFFFF, 0xFFFF, 0xFFFF, 0xFFFF, 0xFFFF,
    0xFFFF, 0xFFFF, 0xFFFF, 0xFFFF, 0xFFFF, 0xFFFF, 0xFFFF, 0xFFFF,
    0xFFFF, 0xFFFF, 0xFFFF, 0xFFFF, 0xFFFF, 0x31A7, 0x0862, 0x0862,
    0x0862, 0x0862, 0xCE59, 0xFFFF, 0xFFFF, 0xFFFF, 0xFFFF, 0xCE59,
    0x0862, 0x0862, 0x0862, 0x0862, 0x0862, 0x0862, 0x0862, 0x0862,
    0x8C72, 0xFFFF, 0xFFDF, 0xFFFF, 0xFFFF, 0xFFFF, 0x3187, 0x0862,
    0x0862, 0x0862, 0x0862, 0x0862, 0x0862, 0x0862, 0x5AEC, 0xFFFF,
    0xFFDF, 0xFFFF, 0xFFFF, 0xFFFF, 0x5AEC, 0x0862, 0x0862, 0x0862,
    0x2146, 0xF7BE, 0xFFFF, 0xFFFF, 0xFFDF, 0xFFFF, 0xAD76, 0x0862,
    0x0862, 0x0862, 0x0862, 0x0862, 0x0862, 0x0862, 0x0862, 0x0862,
    0x0862, 0x0862, 0x0862, 0x31A7, 0xFFFF, 0xFFFF, 0xFFFF, 0xFFDF,
    0xFFFF, 0x8C72, 0x0862, 0x0862, 0x0862, 0x0862, 0xCE59, 0xFFFF,
    0xFFFF, 0xFFDF, 0xFFFF, 0x8C72, 0x0862, 0x0862, 0x0862, 0x0862,
    0x0862, 0x0862, 0x0862, 0x0862, 0x0862, 0x0862, 0x0862, 0x0862,
    0x0862, 0x0862, 0xE71C, 0xFFFF, 0xFFFF, 0xFFFF, 0xFFFF, 0x5B0C,
    0x0862, 0x0862, 0x0862, 0x0862, 0x0862, 0x0862, 0x0862, 0x0862,
    0x0862, 0x0862, 0x0862, 0x0862, 0x0862, 0x0862, 0x0862, 0x0862,
    0x0264, 0x05C8, 0x0548, 0x0568, 0x0568, 0x0568, 0x0568, 0x0568,
    0x0568, 0x0568, 0x0568, 0x0568, 0x0568, 0x0568, 0x0568, 0x0568,
    0x0568, 0x0568, 0x0568, 0x0568, 0x0568, 0x0548, 0x05C8, 0x0365,
    0x0862, 0x0862, 0x0862, 0x0862, 0x0862, 0x0862, 0x0862, 0x0862,
    0x0862, 0x0943, 0x0325, 0x04C7, 0x05A8, 0x05C8, 0x0568, 0x0548,
    0x0568, 0x0568, 0x0568, 0x0568, 0x0568, 0x0568, 0x0568, 0x0568,
    0x0568, 0x0588, 0x0183, 0x0862, 0x0862, 0x0862, 0x0862, 0x0862,
    0x0862, 0x0862, 0x0862, 0x0862, 0x0862, 0x0862, 0x0862, 0x0862,
    0x0862, 0x7BF0, 0xFFFF, 0xFFDF, 0xFFFF, 0xFFFF, 0xFFFF, 0x5B0C,
    0x0862, 0x0862, 0x0862, 0x0862, 0x0862, 0x0862, 0x0862, 0x0862,
    0x0862, 0x0862, 0x0862, 0x0862, 0x0862, 0x0862, 0x0862, 0x8431,
    0xFFFF, 0xFFDF, 0xFFFF, 0xFFDF, 0xFFFF, 0x7BF0, 0x0862, 0x0862,
    0x0862, 0x0862, 0xDEFB, 0xFFFF, 0xFFFF, 0xFFFF, 0xFFFF, 0xF7BE,
    0xEF7D, 0xEF7D, 0xEF7D, 0xEF7D, 0xEF7D, 0xEF7D, 0xEF7D, 0xEF7D,
    0xEF7D, 0xEF7D, 0xEF7D, 0xEF7D, 0xEF7D, 0xEF7D, 0xEF7D, 0xF79E,
    0xFFFF, 0xFFFF, 0xFFFF, 0xFFFF, 0xFFFF, 0x31A7, 0x0862, 0x0862,
    0x0862, 0x0862, 0xCE59, 0xFFFF, 0xFFFF, 0xFFFF, 0xFFFF, 0xCE59,
    0x0862, 0x0862, 0x0862, 0x0862, 0x0862, 0x0862, 0x0862, 0x0862,
    0x8C72, 0xFFFF, 0xFFDF, 0xFFFF, 0xFFFF, 0xFFFF, 0x3187, 0x0862,
    0x0862, 0x0862, 0x0862, 0x0862, 0x0862, 0x0862, 0x5AEC, 0xFFFF,
    0xFFDF, 0xFFFF, 0xFFFF, 0xFFFF, 0x5AEC, 0x0862, 0x0862, 0x0862,
    0x2146, 0xF7BE, 0xFFFF, 0xFFFF, 0xFFDF, 0xFFFF, 0xAD76, 0x0862,
    0x0862, 0x0862, 0x0862, 0x0862, 0x0862, 0x0862, 0x0862, 0x0862,
    0x0862, 0x0862, 0x0862, 0x31A7, 0xFFFF, 0xFFFF, 0xFFFF, 0xFFDF,
    0xFFFF, 0x8C72, 0x0862, 0x0862, 0x0862, 0x0862, 0xCE59, 0xFFFF,
    0xFFFF, 0xFFDF, 0xFFFF, 0x8C72, 0x0862, 0x0862, 0x0862, 0x0862,
    0x0862, 0x0862, 0x0862, 0x0862, 0x0862, 0x0862, 0x0862, 0x0862,
    0x0862, 0x0862, 0xE71C, 0xFFFF, 0xFFFF, 0xFFFF, 0xFFFF, 0x5B0C,
    0x0862, 0x0862, 0x0862, 0x0862, 0x0862, 0x0862, 0x0862, 0x0862,
    0x0862, 0x0862, 0x0862, 0x0862, 0x0862, 0x0862, 0x0862, 0x0862,
    0x0264, 0x05C8, 0x0548, 0x0568, 0x0568, 0x0568, 0x0568, 0x0568,
    0x0568, 0x0568, 0x0568, 0x0568, 0x0568, 0x0568, 0x0568, 0x0568,
    0x0568, 0x0568, 0x0568, 0x0568, 0x0568, 0x0548, 0x05C8, 0x0365,
    0x0862, 0x0862, 0x0862, 0x01A3, 0x08C2, 0x0862, 0x0862, 0x0862,
    0x0862, 0x0862, 0x0862, 0x0862, 0x0224, 0x03E6, 0x0548, 0x05C8,
    0x0588, 0x0548, 0x0568, 0x0568, 0x0568, 0x0568, 0x0568, 0x0568,
    0x0568, 0x0588, 0x0183, 0x0862, 0x0862, 0x0862, 0x0862, 0x0862,
    0x0862, 0x0862, 0x0862, 0x0862, 0x0862, 0x0862, 0x0862, 0x0862,
    0x0862, 0x7BF0, 0xFFFF, 0xFFDF, 0xFFFF, 0xFFFF, 0xFFFF, 0x5B0C,
    0x0862, 0x0862, 0x0862, 0x0862, 0x0862, 0x0862, 0x0862, 0x0862,
    0x0862, 0x0862, 0x0862, 0x0862, 0x0862, 0x0862, 0x0862, 0x52CB,
    0xFFFF, 0xFFFF, 0xFFFF, 0xFFDF, 0xFFFF, 0x9CD3, 0x0862, 0x0862,
    0x0862, 0x2986, 0xFFFF, 0xFFFF, 0xFFFF, 0xFFFF, 0xFFDF, 0x4229,
    0x18E4, 0x1904, 0x18E4, 0x18E4, 0x18E4, 0x18E4, 0x18E4, 0x18E4,
    0x18E4, 0x18E4, 0x18E4, 0x18E4, 0x18E4, 0x1904, 0x18E4, 0x4229,
    0xFFFF, 0xFFFF, 0xFFFF, 0xFFFF, 0xFFFF, 0x31A7, 0x0862, 0x0862,
    0x0862, 0x0862, 0xCE59, 0xFFFF, 0xFFFF, 0xFFFF, 0xFFFF, 0xCE59,
    0x0862, 0x0862, 0x0862, 0x0862, 0x0862, 0x0862, 0x0862, 0x0862,
    0x8C72, 0xFFFF, 0xFFDF, 0xFFFF, 0xFFFF, 0xFFFF, 0x3187, 0x0862,
    0x0862, 0x0862, 0x0862, 0x0862, 0x0862, 0x0862, 0x5AEC, 0xFFFF,
    0xFFDF, 0xFFFF, 0xFFFF, 0xFFFF, 0x5AEC, 0x0862, 0x0862, 0x0862,
    0x2146, 0xF7BE, 0xFFFF, 0xFFFF, 0xFFDF, 0xFFFF, 0xAD76, 0x0862,
    0x0862, 0x0862, 0x0862, 0x0862, 0x0862, 0x0862, 0x0862, 0x0862,
    0x0862, 0x0862, 0x0862, 0x31A7, 0xFFFF, 0xFFFF, 0xFFFF, 0xFFDF,
    0xFFFF, 0x8C72, 0x0862, 0x0862, 0x0862, 0x0862, 0xCE59, 0xFFFF,
    0xFFFF, 0xFFDF, 0xFFFF, 0x8C72, 0x0862, 0x0862, 0x0862, 0x0862,
    0x0862, 0x0862, 0x0862, 0x0862, 0x0862, 0x0862, 0x0862, 0x0862,
    0x0862, 0x0862, 0xE71C, 0xFFFF, 0xFFFF, 0xFFFF, 0xFFFF, 0x5B0C,
    0x0862, 0x0862, 0x0862, 0x0862, 0x0862, 0x0862, 0x0862, 0x0862,
    0x0862, 0x0862, 0x0862, 0x0862, 0x0862, 0x0862, 0x0862, 0x0862,
    0x0264, 0x05C8, 0x0548, 0x0568, 0x0568, 0x0568, 0x0568, 0x0568,
    0x0568, 0x0568, 0x0568, 0x0568, 0x0568, 0x0568, 0x0568, 0x0568,
    0x0568, 0x0568, 0x0568, 0x0568, 0x0568, 0x0548, 0x05C8, 0x0365,
    0x0862, 0x0862, 0x0862, 0x0487, 0x0528, 0x0345, 0x0163, 0x0862,
    0x0862, 0x0862, 0x0862, 0x0862, 0x0862, 0x0862, 0x0943, 0x02E5,
    0x04A7, 0x05A8, 0x05C8, 0x0568, 0x0548, 0x0568, 0x0568, 0x0568,
    0x0568, 0x0588, 0x0183, 0x0862, 0x0862, 0x0862, 0x0862, 0x0862,
    0x0862, 0x0862, 0x0862, 0x0862, 0x0862, 0x0862, 0x0862, 0x0862,
    0x0862, 0x7BF0, 0xFFFF, 0xFFDF, 0xFFFF, 0xFFFF, 0xFFFF, 0x5B0C,
    0x0862, 0x0862, 0x0862, 0x0862, 0x0862, 0x0862, 0x0862, 0x0862,
    0x0862, 0x0862, 0x0862, 0x0862, 0x0862, 0x0862, 0x0862, 0x73AF,
    0xFFFF, 0xFFDF, 0xFFFF, 0xFFDF, 0xFFFF, 0x94B3, 0x0862, 0x0862,
    0x0862, 0x3187, 0xFFFF, 0xFFFF, 0xFFFF, 0xFFFF, 0xF7BE, 0x2125,
    0x0862, 0x0862, 0x0862, 0x0862, 0x0862, 0x0862, 0x0862, 0x0862,
    0x0862, 0x0862, 0x0862, 0x0862, 0x0862, 0x0862, 0x0862, 0x3187,
    0xFFFF, 0xFFFF, 0xFFFF, 0xFFFF, 0xFFFF, 0x31A7, 0x0862, 0x0862,
    0x0862, 0x0862, 0xCE59, 0xFFFF, 0xFFFF, 0xFFFF, 0xFFFF, 0xCE59,
    0x0862, 0x0862, 0x0862, 0x0862, 0x0862, 0x0862, 0x0862, 0x0862,
    0x8C72, 0xFFFF, 0xFFDF, 0xFFFF, 0xFFFF, 0xFFFF, 0x3187, 0x0862,
    0x0862, 0x0862, 0x0862, 0x0862, 0x0862, 0x0862, 0x5AEC, 0xFFFF,
    0xFFDF, 0xFFFF, 0xFFFF, 0xFFFF, 0x5AEC, 0x0862, 0x0862, 0x0862,
    0x2146, 0xF7BE, 0xFFFF, 0xFFFF, 0xFFDF, 0xFFFF, 0xAD76, 0x0862,
    0x0862, 0x0862, 0x0862, 0x0862, 0x0862, 0x0862, 0x0862, 0x0862,
    0x0862, 0x0862, 0x0862, 0x31A7, 0xFFFF, 0xFFFF, 0xFFFF, 0xFFDF,
    0xFFFF, 0x8C72, 0x0862, 0x0862, 0x0862, 0x0862, 0xCE59, 0xFFFF,
    0xFFFF, 0xFFDF, 0xFFFF, 0x8C72, 0x0862, 0x0862, 0x0862, 0x0862,
    0x0862, 0x0862, 0x0862, 0x0862, 0x0862, 0x0862, 0x0862, 0x0862,
    0x0862, 0x0862, 0xE71C, 0xFFFF, 0xFFFF, 0xFFFF, 0xFFFF, 0x5B0C,
    0x0862, 0x0862, 0x0862, 0x0862, 0x0862, 0x0862, 0x0862, 0x0862,
    0x0862, 0x0862, 0x0862, 0x0862, 0x0862, 0x0862, 0x0862, 0x0862,
    0x0264, 0x05C8, 0x0548, 0x0568, 0x0568, 0x0568, 0x0568, 0x0568,
    0x0568, 0x0568, 0x0568, 0x0568, 0x0568, 0x0568, 0x0568, 0x0568,
    0x0568, 0x0568, 0x0568, 0x0568, 0x0568, 0x0548, 0x05C8, 0x0365,
    0x0862, 0x0862, 0x0862, 0x0446, 0x05C8, 0x05C8, 0x0588, 0x0446,
    0x0264, 0x08C2, 0x0862, 0x0862, 0x0862, 0x0862, 0x0862, 0x0862,
    0x0862, 0x0204, 0x03C6, 0x0548, 0x05C8, 0x05A8, 0x0548, 0x0568,
    0x0548, 0x0588, 0x0183, 0x0862, 0x0862, 0x0862, 0x0862, 0x0862,
    0x0862, 0x0862, 0x0862, 0x0862, 0x0862, 0x0862, 0x0862, 0x0862,
    0x0862, 0x7BF0, 0xFFFF, 0xFFDF, 0xFFFF, 0xFFFF, 0xFFFF, 0x5AEC,
    0x0862, 0x0862, 0x0862, 0x0862, 0x0862, 0x0862, 0x0862, 0x0862,
    0x0862, 0x0862, 0x0862, 0x0862, 0x0862, 0x0862, 0x0862, 0xDEDB,
    0xFFFF, 0xFFFF, 0xFFFF, 0xFFDF, 0xFFFF, 0x6B8E, 0x0862, 0x0862,
    0x0862, 0x31A7, 0xFFFF, 0xFFFF, 0xFFFF, 0xFFFF, 0xF7BE, 0x2125,
    0x0862, 0x0862, 0x0862, 0x0862, 0x0862, 0x0862, 0x0862, 0x0862,
    0x0862, 0x0862, 0x0862, 0x0862, 0x0862, 0x0862, 0x0862, 0x2986,
    0xFFFF, 0xFFFF, 0xFFFF, 0xFFFF, 0xFFFF, 0x31A7, 0x0862, 0x0862,
    0x0862, 0x0862, 0xCE59, 0xFFFF, 0xFFFF, 0xFFFF, 0xFFFF, 0xCE59,
    0x0862, 0x0862, 0x0862, 0x0862, 0x0862, 0x0862, 0x0862, 0x0862,
    0x8C72, 0xFFFF, 0xFFDF, 0xFFFF, 0xFFFF, 0xFFFF, 0x3187, 0x0862,
    0x0862, 0x0862, 0x0862, 0x0862, 0x0862, 0x0862, 0x5AEC, 0xFFFF,
    0xFFDF, 0xFFFF, 0xFFFF, 0xFFFF, 0x5AEC, 0x0862, 0x0862, 0x0862,
    0x2146, 0xF7BE, 0xFFFF, 0xFFFF, 0xFFDF, 0xFFFF, 0xAD75, 0x0862,
    0x0862, 0x0862, 0x0862, 0x0862, 0x0862, 0x0862, 0x0862, 0x0862,
    0x0862, 0x0862, 0x0862, 0x2986, 0xFFFF, 0xFFFF, 0xFFFF, 0xFFDF,
    0xFFFF, 0x8C51, 0x0862, 0x0862, 0x0862, 0x0862, 0xCE59, 0xFFFF,
    0xFFFF, 0xFFDF, 0xFFFF, 0x8C51, 0x0862, 0x0862, 0x0862, 0x0862,
    0x0862, 0x0862, 0x0862, 0x0862, 0x0862, 0x0862, 0x0862, 0x0862,
    0x0862, 0x0862, 0xE71C, 0xFFFF, 0xFFFF, 0xFFFF, 0xFFFF, 0x5B0C,
    0x0862, 0x0862, 0x0862, 0x0862, 0x0862, 0x0862, 0x0862, 0x0862,
    0x0862, 0x0862, 0x0862, 0x0862, 0x0862, 0x0862, 0x0862, 0x0862,
    0x0264, 0x05C8, 0x0548, 0x0568, 0x0568, 0x0568, 0x0568, 0x0568,
    0x0568, 0x0568, 0x0568, 0x0568, 0x0568, 0x0568, 0x0568, 0x0568,
    0x0568, 0x0568, 0x0568, 0x0568, 0x0568, 0x0548, 0x05C8, 0x0365,
    0x0862, 0x0862, 0x0862, 0x0446, 0x05A8, 0x0547, 0x0568, 0x05A8,
    0x05C8, 0x0507, 0x0365, 0x0183, 0x0862, 0x0862, 0x0862, 0x0862,
    0x0862, 0x0862, 0x0862, 0x0923, 0x02E5, 0x04A7, 0x05A8, 0x05C8,
    0x0568, 0x0568, 0x0183, 0x0862, 0x0862, 0x0862, 0x0862, 0x0862,
    0x0862, 0x0862, 0x0862, 0x0862, 0x0862, 0x0862, 0x0862, 0x0862,
    0x0862, 0x7BF0, 0xFFFF, 0xFFDF, 0xFFFF, 0xFFFF, 0xFFFF, 0x634D,
    0x0862, 0x18E4, 0x0862, 0x0862, 0x0862, 0x0862, 0x0862, 0x0862,
    0x0862, 0x0862, 0x0862, 0x0862, 0x2125, 0x4A6A, 0xCE59, 0xFFFF,
    0xFFFF, 0xFFFF, 0xFFFF, 0xFFFF, 0xFFDF, 0x2986, 0x0862, 0x0862,
    0x0862, 0x2986, 0xFFFF, 0xFFFF, 0xFFFF, 0xFFFF, 0xFFDF, 0x4A6A,
    0x2125, 0x2145, 0x2145, 0x2145, 0x2145, 0x2145, 0x2145, 0x2145,
    0x2145, 0x2145, 0x2145, 0x2145, 0x2145, 0x2145, 0x2125, 0x4A6A,
    0xFFFF, 0xFFFF, 0xFFFF, 0xFFFF, 0xFFFF, 0x31A7, 0x0862, 0x0862,
    0x0862, 0x0862, 0xCE59, 0xFFFF, 0xFFFF, 0xFFFF, 0xFFFF, 0xCE59,
    0x0862, 0x0862, 0x0862, 0x0862, 0x0862, 0x0862, 0x0862, 0x0862,
    0x8C72, 0xFFFF, 0xFFDF, 0xFFFF, 0xFFFF, 0xFFFF, 0x3187, 0x0862,
    0x0862, 0x0862, 0x0862, 0x0862, 0x0862, 0x0862, 0x5AEC, 0xFFFF,
    0xFFDF, 0xFFFF, 0xFFFF, 0xFFFF, 0x5AEC, 0x0862, 0x0862, 0x0862,
    0x2146, 0xF7BE, 0xFFFF, 0xFFFF, 0xFFDF, 0xFFFF, 0xB596, 0x0862,
    0x1904, 0x0862, 0x0862, 0x0862, 0x0862, 0x0862, 0x0862, 0x0862,
    0x0862, 0x18E4, 0x0862, 0x528A, 0xFFFF, 0xFFFF, 0xFFFF, 0xFFDF,
    0xFFFF, 0x73CF, 0x0862, 0x0862, 0x0862, 0x0862, 0xBDF8, 0xFFFF,
    0xFFFF, 0xFFDF, 0xFFFF, 0xA514, 0x18E4, 0x18E4, 0x0862, 0x0862,
    0x0862, 0x0862, 0x0862, 0x0862, 0x0862, 0x0862, 0x0862, 0x18E4,
    0x0862, 0x2966, 0xEF5D, 0xFFFF, 0xFFFF, 0xFFFF, 0xFFFF, 0x52CB,
    0x0862, 0x0862, 0x0862, 0x0862, 0x0862, 0x0862, 0x0862, 0x0862,
    0x0862, 0x0862, 0x0862, 0x0862, 0x0862, 0x0862, 0x0862, 0x0862,
    0x0264, 0x05C8, 0x0548, 0x0568, 0x0568, 0x0568, 0x0568, 0x0568,
    0x0568, 0x0568, 0x0568, 0x0568, 0x0568, 0x0568, 0x0568, 0x0568,
    0x0568, 0x0568, 0x0568, 0x0568, 0x0568, 0x0548, 0x05C8, 0x0365,
    0x0862, 0x0862, 0x0862, 0x0446, 0x05A8, 0x0568, 0x0568, 0x0568,
    0x0548, 0x0588, 0x05C8, 0x0588, 0x0446, 0x0284, 0x08E3, 0x0862,
    0x0862, 0x0862, 0x0862, 0x0862, 0x0862, 0x0862, 0x01E4, 0x03C6,
    0x0527, 0x05E9, 0x0183, 0x0862, 0x0862, 0x0862, 0x0862, 0x0862,
    0x0862, 0x0862, 0x0862, 0x0862, 0x0862, 0x0862, 0x0862, 0x0862,
    0x0862, 0x7BF0, 0xFFFF, 0xFFDF, 0xFFFF, 0xFFFF, 0xFFFF, 0xF79E,
    0xEF5D, 0xEF5D, 0xEF5D, 0xEF5D, 0xEF5D, 0xEF5D, 0xEF5D, 0xEF5D,
    0xEF5D, 0xEF5D, 0xEF5D, 0xEF5D, 0xEF7E, 0xFFFF, 0xFFFF, 0xFFFF,
    0xFFFF, 0xFFFF, 0xFFDF, 0xFFFF, 0xAD55, 0x0862, 0x0862, 0x0862,
    0x0862, 0x0862, 0xDEFB, 0xFFFF, 0xFFFF, 0xFFFF, 0xFFFF, 0xFFDF,
    0xF79E, 0xF79E, 0xF79E, 0xF79E, 0xF79E, 0xF79E, 0xF79E, 0xF79E,
    0xF79E, 0xF79E, 0xF79E, 0xF79E, 0xF79E, 0xF79E, 0xF79E, 0xF7BE,
    0xFFFF, 0xFFFF, 0xFFFF, 0xFFFF, 0xFFFF, 0x31A7, 0x0862, 0x0862,
    0x0862, 0x0862, 0xCE59, 0xFFFF, 0xFFFF, 0xFFFF, 0xFFFF, 0xCE59,
    0x0862, 0x0862, 0x0862, 0x0862, 0x0862, 0x0862, 0x0862, 0x0862,
    0x8C72, 0xFFFF, 0xFFDF, 0xFFFF, 0xFFFF, 0xFFFF, 0x3187, 0x0862,
    0x0862, 0x0862, 0x0862, 0x0862, 0x0862, 0x0862, 0x5AEC, 0xFFFF,
    0xFFDF, 0xFFFF, 0xFFFF, 0xFFFF, 0x5AEC, 0x0862, 0x0862, 0x0862,
    0x2146, 0xF7BE, 0xFFFF, 0xFFFF, 0xFFFF, 0xFFFF, 0xFFDF, 0xEF5D,
    0xEF5D, 0xEF5D, 0xEF5D, 0xEF5D, 0xEF5D, 0xEF5D, 0xEF5D, 0xEF5D,
    0xEF5D, 0xEF5D, 0xEF5D, 0xF7BE, 0xFFFF, 0xFFFF, 0xFFFF, 0xFFFF,
    0xFFFF, 0x4249, 0x0862, 0x0862, 0x0862, 0x0862, 0x8C51, 0xFFFF,
    0xFFDF, 0xFFFF, 0xFFFF, 0xFFFF, 0xEF5D, 0xEF5D, 0xEF5D, 0xEF5D,
    0xEF5D, 0xEF5D, 0xEF5D, 0xEF5D, 0xEF5D, 0xEF5D, 0xEF5D, 0xEF5D,
    0xEF5D, 0xF79E, 0xFFFF, 0xFFFF, 0xFFFF, 0xFFFF, 0xFFDF, 0x2966,
    0x0862, 0x0862, 0x0862, 0x0862, 0x0862, 0x0862, 0x0862, 0x0862,
    0x0862, 0x0862, 0x0862, 0x0862, 0x0862, 0x0862, 0x0862, 0x0862,
    0x0264, 0x05C8, 0x0548, 0x0568, 0x0568, 0x0568, 0x0568, 0x0568,
    0x0568, 0x0568, 0x0568, 0x0568, 0x0568, 0x0568, 0x0568, 0x0568,
    0x0568, 0x0568, 0x0568, 0x0568, 0x0568, 0x0548, 0x05C8, 0x0365,
    0x0862, 0x0862, 0x0862, 0x0446, 0x05A8, 0x0568, 0x0568, 0x0568,
    0x0568, 0x0568, 0x0548, 0x0568, 0x05A8, 0x05C8, 0x0507, 0x0386,
    0x01A3, 0x0862, 0x0862, 0x0862, 0x0862, 0x0862, 0x0862, 0x0862,
    0x0903, 0x02C5, 0x0923, 0x0862, 0x0862, 0x0862, 0x0862, 0x0862,
    0x0862, 0x0862, 0x0862, 0x0862, 0x0862, 0x0862, 0x0862, 0x0862,
    0x0862, 0x7BF0, 0xFFFF, 0xFFDF, 0xFFFF, 0xFFFF, 0xFFFF, 0xFFFF,
    0xFFFF, 0xFFFF, 0xFFFF, 0xFFFF, 0xFFFF, 0xFFFF, 0xFFFF, 0xFFFF,
    0xFFFF, 0xFFFF, 0xFFFF, 0xFFFF, 0xFFFF, 0xFFFF, 0xFFFF, 0xFFFF,
    0xFFFF, 0xFFDF, 0xFFFF, 0xE73C, 0x2125, 0x0862, 0x0862, 0x0862,
    0x0862, 0x0862, 0x73CF, 0xFFFF, 0xFFDF, 0xFFFF, 0xFFFF, 0xFFFF,
    0xFFFF, 0xFFFF, 0xFFFF, 0xFFFF, 0xFFFF, 0xFFFF, 0xFFFF, 0xFFFF,
    0xFFFF, 0xFFFF, 0xFFFF, 0xFFFF, 0xFFFF, 0xFFFF, 0xFFFF, 0xFFFF,
    0xFFFF, 0xFFFF, 0xFFFF, 0xFFFF, 0xFFFF, 0x31A7, 0x0862, 0x0862,
    0x0862, 0x0862, 0xCE59, 0xFFFF, 0xFFFF, 0xFFFF, 0xFFFF, 0xCE59,
    0x0862, 0x0862, 0x0862, 0x0862, 0x0862, 0x0862, 0x0862, 0x0862,
    0x8C72, 0xFFFF, 0xFFDF, 0xFFFF, 0xFFFF, 0xFFFF, 0x3187, 0x0862,
    0x0862, 0x0862, 0x0862, 0x0862, 0x0862, 0x0862, 0x5AEC, 0xFFFF,
    0xFFDF, 0xFFFF, 0xFFFF, 0xFFFF, 0x5AEC, 0x0862, 0x0862, 0x0862,
    0x2146, 0xF7BE, 0xFFFF, 0xFFFF, 0xFFFF, 0xFFFF, 0xFFFF, 0xFFFF,
    0xFFFF, 0xFFFF, 0xFFFF, 0xFFFF, 0xFFFF, 0xFFFF, 0xFFFF, 0xFFFF,
    0xFFFF, 0xFFFF, 0xFFFF, 0xFFFF, 0xFFFF, 0xFFFF, 0xFFDF, 0xFFFF,
    0xC659, 0x0862, 0x0862, 0x0862, 0x0862, 0x0862, 0x2966, 0xF7BE,
    0xFFFF, 0xFFFF, 0xFFFF, 0xFFFF, 0xFFFF, 0xFFFF, 0xFFFF, 0xFFFF,
    0xFFFF, 0xFFFF, 0xFFFF, 0xFFFF, 0xFFFF, 0xFFFF, 0xFFFF, 0xFFFF,
    0xFFFF, 0xFFFF, 0xFFFF, 0xFFFF, 0xFFDF, 0xFFFF, 0xAD55, 0x0862,
    0x0862, 0x0862, 0x0862, 0x0862, 0x0862, 0x0862, 0x0862, 0x0862,
    0x0862, 0x0862, 0x0862, 0x0862, 0x0862, 0x0862, 0x0862, 0x0862,
    0x0264, 0x05C8, 0x0548, 0x0568, 0x0568, 0x0568, 0x0568, 0x0568,
    0x0568, 0x0568, 0x0568, 0x0568, 0x0568, 0x0568, 0x0568, 0x0568,
    0x0568, 0x0568, 0x0568, 0x0568, 0x0568, 0x0527, 0x05A8, 0x0365,
    0x0862, 0x0862, 0x0862, 0x0446, 0x05A8, 0x0568, 0x0568, 0x0568,
    0x0568, 0x0568, 0x0568, 0x0568, 0x0568, 0x0548, 0x0588, 0x05C8,
    0x0588, 0x0467, 0x02A5, 0x08E3, 0x0862, 0x0862, 0x0862, 0x0862,
    0x0862, 0x0862, 0x0862, 0x0862, 0x0862, 0x0862, 0x0862, 0x0862,
    0x0862, 0x0862, 0x0862, 0x0862, 0x0862, 0x0862, 0x0862, 0x0862,
    0x0862, 0x7BEF, 0xFFDF, 0xF7BE, 0xFFDF, 0xFFDF, 0xFFDF, 0xFFDF,
    0xFFDF, 0xFFDF, 0xFFDF, 0xFFDF, 0xFFDF, 0xFFDF, 0xFFDF, 0xFFDF,
    0xFFDF, 0xFFDF, 0xFFDF, 0xFFDF, 0xFFDF, 0xFFDF, 0xFFDF, 0xFFFF,
    0xFFFF, 0xFFFF, 0xDEFC, 0x39C8, 0x0862, 0x0862, 0x0862, 0x0862,
    0x0862, 0x0862, 0x0862, 0xB5B7, 0xFFFF, 0xFFFF, 0xFFFF, 0xFFDF,
    0xFFDF, 0xFFDF, 0xFFDF, 0xFFDF, 0xFFDF, 0xFFDF, 0xFFDF, 0xFFDF,
    0xFFDF, 0xFFDF, 0xFFDF, 0xFFDF, 0xFFDF, 0xFFDF, 0xFFDF, 0xFFDF,
    0xFFDF, 0xFFDF, 0xFFDF, 0xFFDF, 0xFFDF, 0x31A7, 0x0862, 0x0862,
    0x0862, 0x0862, 0xC659, 0xFFDF, 0xFFDF, 0xFFDF, 0xFFDF, 0xC639,
    0x0862, 0x0862, 0x0862, 0x0862, 0x0862, 0x0862, 0x0862, 0x0862,
    0x8C71, 0xFFDF, 0xF7BE, 0xFFDF, 0xFFDF, 0xFFDF, 0x2986, 0x0862,
    0x0862, 0x0862, 0x0862, 0x0862, 0x0862, 0x0862, 0x5AEC, 0xFFDF,
    0xF7BE, 0xFFDF, 0xFFDF, 0xFFDF, 0x5AEC, 0x0862, 0x0862, 0x0862,
    0x2146, 0xF79E, 0xFFDF, 0xFFDF, 0xFFDF, 0xFFDF, 0xFFDF, 0xFFDF,
    0xFFDF, 0xFFDF, 0xFFDF, 0xFFDF, 0xFFDF, 0xFFDF, 0xFFDF, 0xFFDF,
    0xFFDF, 0xFFDF, 0xFFDF, 0xFFDF, 0xFFDF, 0xFFFF, 0xFFFF, 0xEF5D,
    0x3187, 0x0862, 0x0862, 0x0862, 0x0862, 0x0862, 0x0862, 0x6B4D,
    0xFFFF, 0xFFFF, 0xFFFF, 0xFFDF, 0xFFDF, 0xFFDF, 0xFFDF, 0xFFDF,
    0xFFDF, 0xFFDF, 0xFFDF, 0xFFDF, 0xFFDF, 0xFFDF, 0xFFDF, 0xFFDF,
    0xFFDF, 0xFFDF, 0xFFFF, 0xFFFF, 0xFFFF, 0xD6DB, 0x1905, 0x0862,
    0x0862, 0x0862, 0x0862, 0x0862, 0x0862, 0x0862, 0x0862, 0x0862,
    0x0862, 0x0862, 0x0862, 0x0862, 0x0862, 0x0862, 0x0862, 0x0862,
    0x0264, 0x05C8, 0x0548, 0x0568, 0x0568, 0x0568, 0x0568, 0x0568,
    0x0568, 0x0568, 0x0568, 0x0568, 0x0568, 0x0568, 0x0568, 0x0568,
    0x0568, 0x0568, 0x0548, 0x0548, 0x0588, 0x05A8, 0x05E9, 0x0305,
    0x0862, 0x0862, 0x0862, 0x0446, 0x05A8, 0x0568, 0x0568, 0x0568,
    0x0568, 0x0568, 0x0568, 0x0568, 0x0568, 0x0568, 0x0568, 0x0548,
    0x0568, 0x05A8, 0x05C8, 0x0528, 0x03A6, 0x01C4, 0x0862, 0x0862,
    0x0862, 0x0862, 0x0862, 0x0862, 0x0862, 0x0862, 0x0862, 0x0862,
    0x0862, 0x0862, 0x0862, 0x0862, 0x0862, 0x0862, 0x0862, 0x0862,
    0x0862, 0x8431, 0xFFFF, 0xFFFF, 0xFFFF, 0xFFFF, 0xFFFF, 0xFFFF,
    0xFFFF, 0xFFFF, 0xFFFF, 0xFFFF, 0xFFFF, 0xFFFF, 0xFFFF, 0xFFFF,
    0xFFFF, 0xFFFF, 0xFFFF, 0xFFFF, 0xFFFF, 0xFFFF, 0xFFFF, 0xFFFF,
    0xEF5D, 0x94B3, 0x1905, 0x0862, 0x0862, 0x0862, 0x0862, 0x0862,
    0x0862, 0x0862, 0x0862, 0x0862, 0x94B2, 0xF79E, 0xFFFF, 0xFFFF,
    0xFFFF, 0xFFFF, 0xFFFF, 0xFFFF, 0xFFFF, 0xFFFF, 0xFFFF, 0xFFFF,
    0xFFFF, 0xFFFF, 0xFFFF, 0xFFFF, 0xFFFF, 0xFFFF, 0xFFFF, 0xFFFF,
    0xFFFF, 0xFFFF, 0xFFFF, 0xFFFF, 0xFFFF, 0x31C7, 0x0862, 0x0862,
    0x0862, 0x0862, 0xD6DB, 0xFFFF, 0xFFFF, 0xFFFF, 0xFFFF, 0xD6BB,
    0x0862, 0x0862, 0x0862, 0x0862, 0x0862, 0x0862, 0x0862, 0x0862,
    0x94B3, 0xFFFF, 0xFFFF, 0xFFFF, 0xFFFF, 0xFFFF, 0x31A7, 0x0862,
    0x0862, 0x0862, 0x0862, 0x0862, 0x0862, 0x0862, 0x632C, 0xFFFF,
    0xFFFF, 0xFFFF, 0xFFFF, 0xFFFF, 0x632D, 0x0862, 0x0862, 0x0862,
    0x2966, 0xFFFF, 0xFFFF, 0xFFFF, 0xFFFF, 0xFFFF, 0xFFFF, 0xFFFF,
    0xFFFF, 0xFFFF, 0xFFFF, 0xFFFF, 0xFFFF, 0xFFFF, 0xFFFF, 0xFFFF,
    0xFFFF, 0xFFFF, 0xFFFF, 0xFFFF, 0xFFFF, 0xFFFF, 0xBDF8, 0x31A7,
    0x0862, 0x0862, 0x0862, 0x0862, 0x0862, 0x0862, 0x0862, 0x0862,
    0x5AEC, 0xDEDB, 0xFFFF, 0xFFFF, 0xFFFF, 0xFFFF, 0xFFFF, 0xFFFF,
    0xFFFF, 0xFFFF, 0xFFFF, 0xFFFF, 0xFFFF, 0xFFFF, 0xFFFF, 0xFFFF,
    0xFFFF, 0xFFFF, 0xFFFF, 0xFFDF, 0xAD55, 0x2105, 0x0862, 0x0862,
    0x0862, 0x0862, 0x0862, 0x0862, 0x0862, 0x0862, 0x0862, 0x0862,
    0x0862, 0x0862, 0x0862, 0x0862, 0x0862, 0x0862, 0x0862, 0x0862,
    0x0264, 0x05C8, 0x0548, 0x0568, 0x0568, 0x0568, 0x0568, 0x0568,
    0x0568, 0x0568, 0x0568, 0x0568, 0x0568, 0x0568, 0x0568, 0x0568,
    0x0548, 0x0568, 0x05A8, 0x05C8, 0x0548, 0x03C6, 0x01E4, 0x0862,
    0x0862, 0x0862, 0x0862, 0x0446, 0x05A8, 0x0568, 0x0568, 0x0568,
    0x0568, 0x0568, 0x0568, 0x0568, 0x0568, 0x0568, 0x0568, 0x0568,
    0x0568, 0x0548, 0x0548, 0x0588, 0x05C8, 0x05A8, 0x0487, 0x02C5,
    0x0903, 0x0862, 0x0862, 0x0862, 0x0862, 0x0862, 0x0862, 0x0862,
    0x0862, 0x0862, 0x0862, 0x0862, 0x0862, 0x0862, 0x0862, 0x0862,
    0x0862, 0x39E8, 0x73AF, 0x73AF, 0x73AF, 0x73AF, 0x73AF, 0x73AF,
    0x73AF, 0x73AF, 0x73AF, 0x73AF, 0x73AF, 0x73AF, 0x73AF, 0x73AF,
    0x73AF, 0x73AF, 0x73AF, 0x73AF, 0x73AF, 0x73AF, 0x6B6E, 0x4A8A,
    0x1904, 0x0862, 0x0862, 0x0862, 0x0862, 0x0862, 0x0862, 0x0862,
    0x0862, 0x0862, 0x0862, 0x0862, 0x0862, 0x2125, 0x5AEC, 0x73AE,
    0x73AF, 0x73AF, 0x73AF, 0x73AF, 0x73AF, 0x73AF, 0x73AF, 0x73AF,
    0x73AF, 0x73AF, 0x73AF, 0x73AF, 0x73AF, 0x73AF, 0x73AF, 0x73AF,
    0x73AF, 0x73AF, 0x73AF, 0x73AF, 0x73AF, 0x18E4, 0x0862, 0x0862,
    0x0862, 0x0862, 0x5B0C, 0x73AF, 0x73AF, 0x73AF, 0x73AF, 0x5AEC,
    0x0862, 0x0862, 0x0862, 0x0862, 0x0862, 0x0862, 0x0862, 0x0862,
    0x4229, 0x73AF, 0x73AF, 0x73AF, 0x73AF, 0x73AF, 0x18E4, 0x0862,
    0x0862, 0x0862, 0x0862, 0x0862, 0x0862, 0x0862, 0x2986, 0x73AF,
    0x73AF, 0x73AF, 0x73AF, 0x73AF, 0x2986, 0x0862, 0x0862, 0x0862,
    0x0862, 0x6B8E, 0x73AF, 0x73AF, 0x73AF, 0x73AF, 0x73AF, 0x73AF,
    0x73AF, 0x73AF, 0x73AF, 0x73AF, 0x73AF, 0x73AF, 0x73AF, 0x73AF,
    0x73AF, 0x73AF, 0x73AF, 0x73AF, 0x634D, 0x39E8, 0x0862, 0x0862,
    0x0862, 0x0862, 0x0862, 0x0862, 0x0862, 0x0862, 0x0862, 0x0862,
    0x0862, 0x0862, 0x4A6A, 0x6B6E, 0x73AF, 0x73AF, 0x73AF, 0x73AF,
    0x73AF, 0x73AF, 0x73AF, 0x73AF, 0x73AF, 0x73AF, 0x73AF, 0x73AF,
    0x73AF, 0x73AF, 0x630C, 0x3187, 0x0862, 0x0862, 0x0862, 0x0862,
    0x0862, 0x0862, 0x0862, 0x0862, 0x0862, 0x0862, 0x0862, 0x0862,
    0x0862, 0x0862, 0x0862, 0x0862, 0x0862, 0x0862, 0x0862, 0x0862,
    0x0264, 0x05C8, 0x0548, 0x0568, 0x0568, 0x0568, 0x0568, 0x0568,
    0x0568, 0x0568, 0x0568, 0x0568, 0x0568, 0x0548, 0x0548, 0x0588,
    0x05C8, 0x05A8, 0x0487, 0x02C5, 0x0903, 0x0862, 0x0862, 0x0862,
    0x0862, 0x0862, 0x0862, 0x0446, 0x05A8, 0x0568, 0x0568, 0x0568,
    0x0568, 0x0568, 0x0568, 0x0568, 0x0568, 0x0568, 0x0568, 0x0568,
    0x0568, 0x0568, 0x0568, 0x0568, 0x0548, 0x0568, 0x05A8, 0x05C8,
    0x0528, 0x03C6, 0x08E3, 0x0862, 0x0862, 0x0862, 0x0862, 0x0862,
    0x0862, 0x0862, 0x0862, 0x0862, 0x0862, 0x0862, 0x0862, 0x0862,
    0x0862, 0x0862, 0x0862, 0x0862, 0x0862, 0x0862, 0x0862, 0x0862,
    0x0862, 0x0862, 0x0862, 0x0862, 0x0862, 0x0862, 0x0862, 0x0862,
    0x0862, 0x0862, 0x0862, 0x0862, 0x0862, 0x0862, 0x0862, 0x0862,
    0x0862, 0x0862, 0x0862, 0x0862, 0x0862, 0x0862, 0x0862, 0x0862,
    0x0862, 0x0862, 0x0862, 0x0862, 0x0862, 0x0862, 0x0862, 0x0862,
    0x0862, 0x0862, 0x0862, 0x0862, 0x0862, 0x0862, 0x0862, 0x0862,
    0x0862, 0x0862, 0x0862, 0x0862, 0x0862, 0x0862, 0x0862, 0x0862,
    0x0862, 0x0862, 0x0862, 0x0862, 0x0862, 0x0862, 0x0862, 0x0862,
    0x0862, 0x0862, 0x0862, 0x0862, 0x0862, 0x0862, 0x0862, 0x0862,
    0x0862, 0x0862, 0x0862, 0x0862, 0x0862, 0x0862, 0x0862, 0x0862,
    0x0862, 0x0862, 0x0862, 0x0862, 0x0862, 0x0862, 0x0862, 0x0862,
    0x0862, 0x0862, 0x0862, 0x0862, 0x0862, 0x0862, 0x0862, 0x0862,
    0x0862, 0x0862, 0x0862, 0x0862, 0x0862, 0x0862, 0x0862, 0x0862,
    0x0862, 0x0862, 0x0862, 0x0862, 0x0862, 0x0862, 0x0862, 0x0862,
    0x0862, 0x0862, 0x0862, 0x0862, 0x0862, 0x0862, 0x0862, 0x0862,
    0x0862, 0x0862, 0x0862, 0x0862, 0x0862, 0x0862, 0x0862, 0x0862,
    0x0862, 0x0862, 0x0862, 0x0862, 0x0862, 0x0862, 0x0862, 0x0862,
    0x0862, 0x0862, 0x0862, 0x0862, 0x0862, 0x0862, 0x0862, 0x0862,
    0x0862, 0x0862, 0x0862, 0x0862, 0x0862, 0x0862, 0x0862, 0x0862,
    0x0862, 0x0862, 0x0862, 0x0862, 0x0862, 0x0862, 0x0862, 0x0862,
    0x0862, 0x0862, 0x0862, 0x0862, 0x0862, 0x0862, 0x0862, 0x0862,
    0x0862, 0x0862, 0x0862, 0x0862, 0x0862, 0x0862, 0x0862, 0x0862,
    0x0264, 0x05C8, 0x0548, 0x0568, 0x0568, 0x0568, 0x0568, 0x0568,
    0x0568, 0x0568, 0x0568, 0x0548, 0x0568, 0x05A8, 0x05C8, 0x0528,
    0x03A6, 0x01C4, 0x0862, 0x0862, 0x0862, 0x0862, 0x0862, 0x0862,
    0x0862, 0x0862, 0x0862, 0x0446, 0x05A8, 0x0568, 0x0568, 0x0568,
    0x0568, 0x0568, 0x0568, 0x0568, 0x0568, 0x0568, 0x0568, 0x0568,
    0x0568, 0x0568, 0x0568, 0x0568, 0x0568, 0x0568, 0x0548, 0x0548,
    0x0568, 0x05E8, 0x0183, 0x0862, 0x0862, 0x0862, 0x0862, 0x0862,
    0x0862, 0x0862, 0x0862, 0x0862, 0x0862, 0x0862, 0x0862, 0x0862,
    0x0862, 0x0862, 0x0862, 0x0862, 0x0862, 0x0862, 0x0862, 0x0862,
    0x0862, 0x0862, 0x0862, 0x0862, 0x0862, 0x0862, 0x0862, 0x0862,
    0x0862, 0x0862, 0x0862, 0x0862, 0x0862, 0x0862, 0x0862, 0x0862,
    0x0862, 0x0862, 0x0862, 0x0862, 0x0862, 0x0862, 0x0862, 0x0862,
    0x0862, 0x0862, 0x0862, 0x0862, 0x0862, 0x0862, 0x0862, 0x0862,
    0x0862, 0x0862, 0x0862, 0x0862, 0x0862, 0x0862, 0x0862, 0x0862,
    0x0862, 0x0862, 0x0862, 0x0862, 0x0862, 0x0862, 0x0862, 0x0862,
    0x0862, 0x0862, 0x0862, 0x0862, 0x0862, 0x0862, 0x0862, 0x0862,
    0x0862, 0x0862, 0x0862, 0x0862, 0x0862, 0x0862, 0x0862, 0x0862,
    0x0862, 0x0862, 0x0862, 0x0862, 0x0862, 0x0862, 0x0862, 0x0862,
    0x0862, 0x0862, 0x0862, 0x0862, 0x0862, 0x0862, 0x0862, 0x0862,
    0x0862, 0x0862, 0x0862, 0x0862, 0x0862, 0x0862, 0x0862, 0x0862,
    0x0862, 0x0862, 0x0862, 0x0862, 0x0862, 0x0862, 0x0862, 0x0862,
    0x0862, 0x0862, 0x0862, 0x0862, 0x0862, 0x0862, 0x0862, 0x0862,
    0x0862, 0x0862, 0x0862, 0x0862, 0x0862, 0x0862, 0x0862, 0x0862,
    0x0862, 0x0862, 0x0862, 0x0862, 0x0862, 0x0862, 0x0862, 0x0862,
    0x0862, 0x0862, 0x0862, 0x0862, 0x0862, 0x0862, 0x0862, 0x0862,
    0x0862, 0x0862, 0x0862, 0x0862, 0x0862, 0x0862, 0x0862, 0x0862,
    0x0862, 0x0862, 0x0862, 0x0862, 0x0862, 0x0862, 0x0862, 0x0862,
    0x0862, 0x0862, 0x0862, 0x0862, 0x0862, 0x0862, 0x0862, 0x0862,
    0x0862, 0x0862, 0x0862, 0x0862, 0x0862, 0x0862, 0x0862, 0x0862,
    0x0862, 0x0862, 0x0862, 0x0862, 0x0862, 0x0862, 0x0862, 0x0862,
    0x0264, 0x05C8, 0x0548, 0x0568, 0x0568, 0x0568, 0x0568, 0x0568,
    0x0548, 0x0548, 0x0588, 0x05C8, 0x0588, 0x0467, 0x0285, 0x0903,
    0x0862, 0x0862, 0x0862, 0x0862, 0x0862, 0x0862, 0x0862, 0x0903,
    0x0862, 0x0862, 0x0862, 0x0446, 0x05A8, 0x0568, 0x0568, 0x0568,
    0x0568, 0x0568, 0x0568, 0x0568, 0x0568, 0x0568, 0x0568, 0x0568,
    0x0568, 0x0568, 0x0568, 0x0568, 0x0568, 0x0568, 0x0568, 0x0568,
    0x0548, 0x0588, 0x0163, 0x0862, 0x0862, 0x0862, 0x0862, 0x0862,
    0x0862, 0x0862, 0x0862, 0x0862, 0x0862, 0x0862, 0x0862, 0x0862,
    0x0862, 0x0862, 0x0862, 0x0862, 0x0862, 0x0862, 0x0862, 0x0862,
    0x0862, 0x0862, 0x0862, 0x0862, 0x0862, 0x0862, 0x0862, 0x0862,
    0x0862, 0x0862, 0x0862, 0x0862, 0x0862, 0x0862, 0x0862, 0x0862,
    0x0862, 0x0862, 0x0862, 0x0862, 0x0862, 0x0862, 0x0862, 0x0862,
    0x0862, 0x0862, 0x0862, 0x0862, 0x0862, 0x0862, 0x0862, 0x0862,
    0x0862, 0x0862, 0x0862, 0x0862, 0x0862, 0x0862, 0x0862, 0x0862,
    0x0862, 0x0862, 0x0862, 0x0862, 0x0862, 0x0862, 0x0862, 0x0862,
    0x0862, 0x0862, 0x0862, 0x0862, 0x0862, 0x0862, 0x0862, 0x0862,
    0x0862, 0x0862, 0x0862, 0x0862, 0x0862, 0x0862, 0x0862, 0x0862,
    0x0862, 0x0862, 0x0862, 0x0862, 0x0862, 0x0862, 0x0862, 0x0862,
    0x0862, 0x0862, 0x0862, 0x0862, 0x0862, 0x0862, 0x0862, 0x0862,
    0x0862, 0x0862, 0x0862, 0x0862, 0x0862, 0x0862, 0x0862, 0x0862,
    0x0862, 0x0862, 0x0862, 0x0862, 0x0862, 0x0862, 0x0862, 0x0862,
    0x0862, 0x0862, 0x0862, 0x0862, 0x0862, 0x0862, 0x0862, 0x0862,
    0x0862, 0x0862, 0x0862, 0x0862, 0x0862, 0x0862, 0x0862, 0x0862,
    0x0862, 0x0862, 0x0862, 0x0862, 0x0862, 0x0862, 0x0862, 0x0862,
    0x0862, 0x0862, 0x0862, 0x0862, 0x0862, 0x0862, 0x0862, 0x0862,
    0x0862, 0x0862, 0x0862, 0x0862, 0x0862, 0x0862, 0x0862, 0x0862,
    0x0862, 0x0862, 0x0862, 0x0862, 0x0862, 0x0862, 0x0862, 0x0862,
    0x0862, 0x0862, 0x0862, 0x0862, 0x0862, 0x0862, 0x0862, 0x0862,
    0x0862, 0x0862, 0x0862, 0x0862, 0x0862, 0x0862, 0x0862, 0x0862,
    0x0862, 0x0862, 0x0862, 0x0862, 0x0862, 0x0862, 0x0862, 0x0862,
    0x0264, 0x05C8, 0x0548, 0x0568, 0x0568, 0x0568, 0x0548, 0x0568,
    0x05A8, 0x05C8, 0x0507, 0x0386, 0x01A3, 0x0862, 0x0862, 0x0862,
    0x0862, 0x0862, 0x0862, 0x0862, 0x0903, 0x02A5, 0x04E7, 0x0365,
    0x0862, 0x0862, 0x0862, 0x0446, 0x05A8, 0x0568, 0x0568, 0x0568,
    0x0568, 0x0568, 0x0568, 0x0568, 0x0568, 0x0568, 0x0568, 0x0568,
    0x0568, 0x0568, 0x0568, 0x0568, 0x0568, 0x0568, 0x0568, 0x0568,
    0x0568, 0x0588, 0x0183, 0x0862, 0x0862, 0x0862, 0x0862, 0x0862,
    0x0862, 0x0862, 0x0862, 0x0862, 0x0862, 0x0862, 0x0862, 0x0862,
    0x0862, 0x0862, 0x0862, 0x0862, 0x0862, 0x0862, 0x0862, 0x0862,
    0x0862, 0x0862, 0x0862, 0x0862, 0x0862, 0x0862, 0x0862, 0x0862,
    0x0862, 0x0862, 0x0862, 0x0862, 0x0862, 0x0862, 0x0862, 0x0862,
    0x0862, 0x0862, 0x0862, 0x0862, 0x0862, 0x0862, 0x0862, 0x0862,
    0x0862, 0x0862, 0x0862, 0x0862, 0x0862, 0x0862, 0x0862, 0x0862,
    0x0862, 0x0862, 0x0862, 0x0862, 0x0862, 0x0862, 0x0862, 0x0862,
    0x0862, 0x0862, 0x0862, 0x0862, 0x0862, 0x0862, 0x0862, 0x0862,
    0x0862, 0x0862, 0x0862, 0x0862, 0x0862, 0x0862, 0x0862, 0x0862,
    0x0862, 0x0862, 0x0862, 0x0862, 0x0862, 0x0862, 0x0862, 0x0862,
    0x0862, 0x0862, 0x0862, 0x0862, 0x0862, 0x0862, 0x0862, 0x0862,
    0x0862, 0x0862, 0x0862, 0x0862, 0x0862, 0x0862, 0x0862, 0x0862,
    0x0862, 0x0862, 0x0862, 0x0862, 0x0862, 0x0862, 0x0862, 0x0862,
    0x0862, 0x0862, 0x0862, 0x0862, 0x0862, 0x0862, 0x0862, 0x0862,
    0x0862, 0x0862, 0x0862, 0x0862, 0x0862, 0x0862, 0x0862, 0x0862,
    0x0862, 0x0862, 0x0862, 0x0862, 0x0862, 0x0862, 0x0862, 0x0862,
    0x0862, 0x0862, 0x0862, 0x0862, 0x0862, 0x0862, 0x0862, 0x0862,
    0x0862, 0x0862, 0x0862, 0x0862, 0x0862, 0x0862, 0x0862, 0x0862,
    0x0862, 0x0862, 0x0862, 0x0862, 0x0862, 0x0862, 0x0862, 0x0862,
    0x0862, 0x0862, 0x0862, 0x0862, 0x0862, 0x0862, 0x0862, 0x0862,
    0x0862, 0x0862, 0x0862, 0x0862, 0x0862, 0x0862, 0x0862, 0x0862,
    0x0862, 0x0862, 0x0862, 0x0862, 0x0862, 0x0862, 0x0862, 0x0862,
    0x0862, 0x0862, 0x0862, 0x0862, 0x0862, 0x0862, 0x0862, 0x0862,
    0x0264, 0x05C8, 0x0548, 0x0568, 0x0548, 0x0588, 0x05C8, 0x0588,
    0x0466, 0x0284, 0x08E3, 0x0862, 0x0862, 0x0862, 0x0862, 0x0862,
    0x0862, 0x0862, 0x01E4, 0x03C6, 0x0548, 0x05A8, 0x0609, 0x0365,
    0x0862, 0x0862, 0x0862, 0x0446, 0x05A8, 0x0568, 0x0568, 0x0568,
    0x0568, 0x0568, 0x0568, 0x0568, 0x0568, 0x0568, 0x0568, 0x0568,
    0x0568, 0x0568, 0x0568, 0x0568, 0x0568, 0x0568, 0x0568, 0x0568,
    0x0568, 0x0588, 0x0183, 0x0862, 0x0862, 0x0862, 0x0862, 0x0862,
    0x0862, 0x0862, 0x0862, 0x0862, 0x0862, 0x0862, 0x0862, 0x0862,
    0x0862, 0x0862, 0x0862, 0x0862, 0x0862, 0x0862, 0x0862, 0x0862,
    0x0862, 0x0862, 0x0862, 0x0862, 0x0862, 0x0862, 0x0862, 0x0862,
    0x0862, 0x0862, 0x0862, 0x0862, 0x0862, 0x0862, 0x0862, 0x0862,
    0x0862, 0x0862, 0x0862, 0x0862, 0x0862, 0x0862, 0x0862, 0x0862,
    0x0862, 0x0862, 0x0862, 0x0862, 0x0862, 0x0862, 0x0862, 0x0862,
    0x0862, 0x0862, 0x0862, 0x0862, 0x0862, 0x0862, 0x0862, 0x0862,
    0x0862, 0x0862, 0x0862, 0x0862, 0x0862, 0x0862, 0x0862, 0x0862,
    0x0862, 0x0862, 0x0862, 0x0862, 0x0862, 0x0862, 0x0862, 0x0862,
    0x0862, 0x0862, 0x0862, 0x0862, 0x0862, 0x0862, 0x0862, 0x0862,
    0x0862, 0x0862, 0x0862, 0x0862, 0x0862, 0x0862, 0x0862, 0x0862,
    0x0862, 0x0862, 0x0862, 0x0862, 0x0862, 0x0862, 0x0862, 0x0862,
    0x0862, 0x0862, 0x0862, 0x0862, 0x0862, 0x0862, 0x0862, 0x0862,
    0x0862, 0x0862, 0x0862, 0x0862, 0x0862, 0x0862, 0x0862, 0x0862,
    0x0862, 0x0862, 0x0862, 0x0862, 0x0862, 0x0862, 0x0862, 0x0862,
    0x0862, 0x0862, 0x0862, 0x0862, 0x0862, 0x0862, 0x0862, 0x0862,
    0x0862, 0x0862, 0x0862, 0x0862, 0x0862, 0x0862, 0x0862, 0x0862,
    0x0862, 0x0862, 0x0862, 0x0862, 0x0862, 0x0862, 0x0862, 0x0862,
    0x0862, 0x0862, 0x0862, 0x0862, 0x0862, 0x0862, 0x0862, 0x0862,
    0x0862, 0x0862, 0x0862, 0x0862, 0x0862, 0x0862, 0x0862, 0x0862,
    0x0862, 0x0862, 0x0862, 0x0862, 0x0862, 0x0862, 0x0862, 0x0862,
    0x0862, 0x0862, 0x0862, 0x0862, 0x0862, 0x0862, 0x0862, 0x0862,
    0x0862, 0x0862, 0x0862, 0x0862, 0x0862, 0x0862, 0x0862, 0x0862,
    0x0264, 0x05A8, 0x0548, 0x05A8, 0x05C8, 0x0507, 0x0365, 0x0183,
    0x0862, 0x0862, 0x0862, 0x0862, 0x0862, 0x0862, 0x0862, 0x0923,
    0x02C5, 0x04A7, 0x05A8, 0x05C8, 0x0588, 0x0548, 0x05A8, 0x0365,
    0x0862, 0x0862, 0x0862, 0x0446, 0x05A8, 0x0568, 0x0568, 0x0568,
    0x0568, 0x0568, 0x0568, 0x0568, 0x0568, 0x0568, 0x0568, 0x0568,
    0x0568, 0x0568, 0x0568, 0x0568, 0x0568, 0x0568, 0x0568, 0x0568,
    0x0568, 0x0588, 0x0183, 0x0862, 0x0862, 0x0862, 0x0862, 0x0862,
    0x0862, 0x0862, 0x0862, 0x0862, 0x0862, 0x0862, 0x0862, 0x0862,
    0x0862, 0x0862, 0x0862, 0x0862, 0x0862, 0x0862, 0x0862, 0x0862,
    0x0862, 0x0862, 0x0862, 0x0862, 0x0862, 0x0862, 0x0862, 0x0862,
    0x0862, 0x0862, 0x0862, 0x0862, 0x0862, 0x0862, 0x0862, 0x0862,
    0x0862, 0x0862, 0x0862, 0x0862, 0x0862, 0x0862, 0x0862, 0x0862,
    0x0862, 0x0862, 0x0862, 0x0862, 0x0862, 0x0862, 0x0862, 0x0862,
    0x0862, 0x0862, 0x0862, 0x0862, 0x0862, 0x0862, 0x0862, 0x0862,
    0x0862, 0x0862, 0x0862, 0x0862, 0x0862, 0x0862, 0x0862, 0x0862,
    0x0862, 0x0862, 0x0862, 0x0862, 0x0862, 0x0862, 0x0862, 0x0862,
    0x0862, 0x0862, 0x0862, 0x0862, 0x0862, 0x0862, 0x0862, 0x0862,
    0x0862, 0x0862, 0x0862, 0x0862, 0x0862, 0x0862, 0x0862, 0x0862,
    0x0862, 0x0862, 0x0862, 0x0862, 0x0862, 0x0862, 0x0862, 0x0862,
    0x0862, 0x0862, 0x0862, 0x0862, 0x0862, 0x0862, 0x0862, 0x0862,
    0x0862, 0x0862, 0x0862, 0x0862, 0x0862, 0x0862, 0x0862, 0x0862,
    0x0862, 0x0862, 0x0862, 0x0862, 0x0862, 0x0862, 0x0862, 0x0862,
    0x0862, 0x0862, 0x0862, 0x0862, 0x0862, 0x0862, 0x0862, 0x0862,
    0x0862, 0x0862, 0x0862, 0x0862, 0x0862, 0x0862, 0x0862, 0x0862,
    0x0862, 0x0862, 0x0862, 0x0862, 0x0862, 0x0862, 0x0862, 0x0862,
    0x0862, 0x0862, 0x0862, 0x0862, 0x0862, 0x0862, 0x0862, 0x0862,
    0x0862, 0x0862, 0x0862, 0x0862, 0x0862, 0x0862, 0x0862, 0x0862,
    0x0862, 0x0862, 0x0862, 0x0862, 0x0862, 0x0862, 0x0862, 0x0862,
    0x0862, 0x0862, 0x0862, 0x0862, 0x0862, 0x0862, 0x0862, 0x0862,
    0x0862, 0x0862, 0x0862, 0x0862, 0x0862, 0x0862, 0x0862, 0x0862,
    0x0264, 0x0629, 0x0568, 0x0446, 0x0264, 0x08C3, 0x0862, 0x0862,
    0x0862, 0x0862, 0x0862, 0x0862, 0x0862, 0x01E4, 0x03C6, 0x0548,
    0x05C8, 0x05A8, 0x0548, 0x0568, 0x0568, 0x0548, 0x05C8, 0x0365,
    0x0862, 0x0862, 0x0862, 0x0446, 0x05A8, 0x0568, 0x0568, 0x0568,
    0x0568, 0x0568, 0x0568, 0x0568, 0x0568, 0x0568, 0x0568, 0x0568,
    0x0568, 0x0568, 0x0568, 0x0568, 0x0568, 0x0568, 0x0568, 0x0568,
    0x0568, 0x0588, 0x0183, 0x0862, 0x0862, 0x0862, 0x0862, 0x0862,
    0x0862, 0x0862, 0x0862, 0x0862, 0x0862, 0x0862, 0x0862, 0x0862,
    0x0862, 0x31A7, 0x632C, 0x5AEC, 0x5B0C, 0x5B0C, 0x630C, 0x2125,
    0x0862, 0x0862, 0x0862, 0x0862, 0x0862, 0x0862, 0x0862, 0x0862,
    0x0862, 0x0862, 0x0862, 0x0862, 0x0862, 0x0862, 0x0862, 0x0862,
    0x0862, 0x0862, 0x0862, 0x0862, 0x0862, 0x0862, 0x0862, 0x0862,
    0x0862, 0x0862, 0x0862, 0x0862, 0x0862, 0x0862, 0x0862, 0x0862,
    0x0862, 0x0862, 0x0862, 0x0862, 0x0862, 0x0862, 0x0862, 0x0862,
    0x0862, 0x0862, 0x0862, 0x0862, 0x0862, 0x0862, 0x0862, 0x0862,
    0x0862, 0x2145, 0x6B6E, 0x6B6E, 0x6B6E, 0x6B6E, 0x6B6E, 0x39C8,
    0x0862, 0x0862, 0x0862, 0x0862, 0x0862, 0x0862, 0x0862, 0x0862,
    0x0862, 0x0862, 0x0862, 0x0862, 0x0862, 0x0862, 0x0862, 0x0862,
    0x0862, 0x0862, 0x0862, 0x0862, 0x0862, 0x0862, 0x0862, 0x0862,
    0x0862, 0x0862, 0x0862, 0x0862, 0x0862, 0x0862, 0x0862, 0x0862,
    0x0862, 0x0862, 0x0862, 0x0862, 0x0862, 0x0862, 0x0862, 0x0862,
    0x0862, 0x0862, 0x0862, 0x0862, 0x0862, 0x0862, 0x0862, 0x0862,
    0x0862, 0x0862, 0x0862, 0x0862, 0x0862, 0x0862, 0x0862, 0x0862,
    0x0862, 0x0862, 0x0862, 0x0862, 0x0862, 0x0862, 0x0862, 0x0862,
    0x0862, 0x0862, 0x0862, 0x0862, 0x0862, 0x0862, 0x0862, 0x0862,
    0x0862, 0x0862, 0x0862, 0x0862, 0x0862, 0x0862, 0x0862, 0x0862,
    0x0862, 0x0862, 0x0862, 0x0862, 0x0862, 0x0862, 0x0862, 0x0862,
    0x0862, 0x0862, 0x0862, 0x0862, 0x0862, 0x0862, 0x0862, 0x0862,
    0x0862, 0x0862, 0x0862, 0x0862, 0x0862, 0x0862, 0x0862, 0x0862,
    0x0862, 0x0862, 0x0862, 0x0862, 0x0862, 0x0862, 0x0862, 0x0862,
    0x0204, 0x03A6, 0x0163, 0x0862, 0x0862, 0x0862, 0x0862, 0x0862,
    0x0862, 0x0862, 0x0923, 0x02E5, 0x04C7, 0x05A8, 0x05C8, 0x0568,
    0x0548, 0x0568, 0x0568, 0x0568, 0x0568, 0x0548, 0x05C8, 0x0365,
    0x0862, 0x0862, 0x0862, 0x0446, 0x05A8, 0x0568, 0x0568, 0x0568,
    0x0568, 0x0568, 0x0568, 0x0568, 0x0568, 0x0568, 0x0568, 0x0568,
    0x0568, 0x0568, 0x0568, 0x0568, 0x0568, 0x0568, 0x0568, 0x0568,
    0x0568, 0x0588, 0x0183, 0x0862, 0x0862, 0x0862, 0x0862, 0x0862,
    0x0862, 0x0862, 0x0862, 0x0862, 0x0862, 0x0862, 0x0862, 0x0862,
    0x0862, 0x8431, 0xFFFF, 0xFFFF, 0xFFFF, 0xFFFF, 0xFFFF, 0x528B,
    0x0862, 0x0862, 0x0862, 0x0862, 0x0862, 0x0862, 0x0862, 0x0862,
    0x0862, 0x0862, 0x0862, 0x0862, 0x0862, 0x0862, 0x0862, 0x0862,
    0x0862, 0x0862, 0x0862, 0x0862, 0x0862, 0x0862, 0x0862, 0x0862,
    0x0862, 0x0862, 0x0862, 0x0862, 0x0862, 0x0862, 0x0862, 0x0862,
    0x0862, 0x0862, 0x0862, 0x0862, 0x0862, 0x0862, 0x0862, 0x0862,
    0x0862, 0x0862, 0x0862, 0x0862, 0x0862, 0x0862, 0x0862, 0x0862,
    0x0862, 0x52AB, 0xFFFF, 0xFFFF, 0xFFFF, 0xFFFF, 0xFFFF, 0x8431,
    0x0862, 0x0862, 0x0862, 0x0862, 0x0862, 0x0862, 0x0862, 0x0862,
    0x0862, 0x0862, 0x0862, 0x0862, 0x0862, 0x0862, 0x0862, 0x0862,
    0x0862, 0x0862, 0x0862, 0x0862, 0x0862, 0x0862, 0x0862, 0x0862,
    0x0862, 0x0862, 0x0862, 0x0862, 0x0862, 0x0862, 0x0862, 0x0862,
    0x0862, 0x0862, 0x0862, 0x0862, 0x0862, 0x0862, 0x0862, 0x0862,
    0x0862, 0x0862, 0x0862, 0x0862, 0x0862, 0x0862, 0x0862, 0x0862,
    0x0862, 0x0862, 0x0862, 0x0862, 0x0862, 0x0862, 0x0862, 0x0862,
    0x0862, 0x0862, 0x0862, 0x0862, 0x0862, 0x0862, 0x0862, 0x0862,
    0x0862, 0x0862, 0x0862, 0x0862, 0x0862, 0x0862, 0x0862, 0x0862,
    0x0862, 0x0862, 0x0862, 0x0862, 0x0862, 0x0862, 0x0862, 0x0862,
    0x0862, 0x0862, 0x0862, 0x0862, 0x0862, 0x0862, 0x0862, 0x0862,
    0x0862, 0x0862, 0x0862, 0x0862, 0x0862, 0x0862, 0x0862, 0x0862,
    0x0862, 0x0862, 0x0862, 0x0862, 0x0862, 0x0862, 0x0862, 0x0862,
    0x0862, 0x0862, 0x0862, 0x0862, 0x0862, 0x0862, 0x0862, 0x0862,
    0x0862, 0x0862, 0x0862, 0x0862, 0x0862, 0x0862, 0x0862, 0x0862,
    0x0204, 0x03E6, 0x0548, 0x05C8, 0x0588, 0x0548, 0x0568, 0x0568,
    0x0568, 0x0568, 0x0568, 0x0568, 0x0568, 0x0548, 0x05C8, 0x0365,
    0x0862, 0x0862, 0x0862, 0x0446, 0x05A8, 0x0568, 0x0568, 0x0568,
    0x0568, 0x0568, 0x0568, 0x0568, 0x0568, 0x0568, 0x0568, 0x0568,
    0x0568, 0x0568, 0x0568, 0x0568, 0x0568, 0x0568, 0x0568, 0x0568,
    0x0568, 0x0588, 0x0183, 0x0862, 0x0862, 0x0862, 0x0862, 0x0862,
    0x0862, 0x0862, 0x0862, 0x0862, 0x0862, 0x0862, 0x0862, 0x0862,
    0x0862, 0x7BF0, 0xFFFF, 0xFFDF, 0xFFFF, 0xFFDF, 0xFFFF, 0x4A6A,
    0x0862, 0x0862, 0x0862, 0x0862, 0x0862, 0x0862, 0x0862, 0x0862,
    0x0862, 0x0862, 0x0862, 0x0862, 0x0862, 0x0862, 0x0862, 0x0862,
    0x0862, 0x0862, 0x0862, 0x0862, 0x0862, 0x0862, 0x0862, 0x0862,
    0x0862, 0x0862, 0x0862, 0x0862, 0x0862, 0x0862, 0x0862, 0x0862,
    0x0862, 0x0862, 0x0862, 0x0862, 0x0862, 0x0862, 0x0862, 0x0862,
    0x0862, 0x0862, 0x0862, 0x0862, 0x0862, 0x0862, 0x0862, 0x0862,
    0x0862, 0x4A8A, 0xFFDF, 0xFFDF, 0xFFDF, 0xF7BE, 0xFFDF, 0x7BEF,
    0x0862, 0x0862, 0x0862, 0x0862, 0x0862, 0x0862, 0x0862, 0x0862,
    0x0862, 0x0862, 0x0862, 0x0862, 0x0862, 0x0862, 0x0862, 0x0862,
    0x0862, 0x0862, 0x0862, 0x0862, 0x0862, 0x0862, 0x0862, 0x0862,
    0x0862, 0x0862, 0x0862, 0x0862, 0x0862, 0x0862, 0x0862, 0x0862,
    0x0862, 0x0862, 0x0862, 0x0862, 0x0862, 0x0862, 0x0862, 0x0862,
    0x0862, 0x0862, 0x0862, 0x0862, 0x0862, 0x0862, 0x0862, 0x0862,
    0x0862, 0x0862, 0x0862, 0x0862, 0x0862, 0x0862, 0x0862, 0x0862,
    0x0862, 0x0862, 0x0862, 0x0862, 0x0862, 0x0862, 0x0862, 0x0862,
    0x0862, 0x0862, 0x0862, 0x0862, 0x0862, 0x0862, 0x0862, 0x0862,
    0x0862, 0x0862, 0x0862, 0x0862, 0x0862, 0x0862, 0x0862, 0x0862,
    0x0862, 0x0862, 0x0862, 0x0862, 0x0862, 0x0862, 0x0862, 0x0862,
    0x0862, 0x0862, 0x0862, 0x0862, 0x0862, 0x0862, 0x0862, 0x0862,
    0x0862, 0x0862, 0x0862, 0x0862, 0x0862, 0x0862, 0x0862, 0x0862,
    0x0862, 0x0862, 0x0862, 0x0862, 0x0862, 0x0862, 0x0862, 0x0862,
    0x0862, 0x0862, 0x0862, 0x0862, 0x0862, 0x0943, 0x0305, 0x04C7,
    0x05A8, 0x05C8, 0x0568, 0x0548, 0x0568, 0x0568, 0x0568, 0x0568,
    0x0568, 0x0568, 0x0568, 0x0568, 0x0568, 0x0548, 0x05C8, 0x0365,
    0x0862, 0x0862, 0x0862, 0x0446, 0x05A8, 0x0568, 0x0568, 0x0568,
    0x0568, 0x0568, 0x0568, 0x0568, 0x0568, 0x0568, 0x0568, 0x0568,
    0x0568, 0x0568, 0x0568, 0x0568, 0x0568, 0x0568, 0x0568, 0x0568,
    0x0568, 0x0588, 0x0183, 0x0862, 0x0862, 0x0862, 0x0862, 0x0862,
    0x0862, 0x0862, 0x0862, 0x0862, 0x0862, 0x0862, 0x0862, 0x0862,
    0x0862, 0x7BF0, 0xFFFF, 0xFFDF, 0xFFFF, 0xFFFF, 0xFFFF, 0x4A8A,
    0x0862, 0x0862, 0x0862, 0x0862, 0x0862, 0x0862, 0x0862, 0x0862,
    0x0862, 0x0862, 0x0862, 0x0862, 0x0862, 0x0862, 0x0862, 0x0862,
    0x0862, 0x0862, 0x0862, 0x0862, 0x0862, 0x0862, 0x0862, 0x0862,
    0x0862, 0x0862, 0x0862, 0x0862, 0x0862, 0x0862, 0x0862, 0x0862,
    0x0862, 0x0862, 0x0862, 0x0862, 0x0862, 0x0862, 0x0862, 0x0862,
    0x0862, 0x0862, 0x0862, 0x0862, 0x0862, 0x0862, 0x0862, 0x0862,
    0x0862, 0x4A8A, 0xFFFF, 0xFFFF, 0xFFFF, 0xFFDF, 0xFFFF, 0x7C10,
    0x0862, 0x0862, 0x0862, 0x0862, 0x0862, 0x0862, 0x0862, 0x0862,
    0x0862, 0x0862, 0x0862, 0x0862, 0x0862, 0x0862, 0x0862, 0x0862,
    0x0862, 0x0862, 0x0862, 0x0862, 0x0862, 0x0862, 0x0862, 0x0862,
    0x0862, 0x0862, 0x0862, 0x0862, 0x0862, 0x0862, 0x0862, 0x0862,
    0x0862, 0x0862, 0x0862, 0x0862, 0x0862, 0x0862, 0x0862, 0x0862,
    0x0862, 0x0862, 0x0862, 0x0862, 0x0862, 0x0862, 0x0862, 0x0862,
    0x0862, 0x0862, 0x0862, 0x0862, 0x0862, 0x0862, 0x0862, 0x0862,
    0x0862, 0x0862, 0x0862, 0x0862, 0x0862, 0x0862, 0x0862, 0x0862,
    0x0862, 0x0862, 0x0862, 0x0862, 0x0862, 0x0862, 0x0862, 0x0862,
    0x0862, 0x0862, 0x0862, 0x0862, 0x0862, 0x0862, 0x0862, 0x0862,
    0x0862, 0x0862, 0x0862, 0x0862, 0x0862, 0x0862, 0x0862, 0x0862,
    0x0862, 0x0862, 0x0862, 0x0862, 0x0862, 0x0862, 0x0862, 0x0862,
    0x0862, 0x0862, 0x0862, 0x0862, 0x0862, 0x0862, 0x0862, 0x0862,
    0x0862, 0x0862, 0x0862, 0x0862, 0x0862, 0x0862, 0x0862, 0x0862,
    0x0862, 0x0862, 0x0862, 0x0224, 0x0406, 0x0568, 0x05C8, 0x0588,
    0x0548, 0x0568, 0x0568, 0x0568, 0x0568, 0x0568, 0x0568, 0x0568,
    0x0568, 0x0568, 0x0568, 0x0568, 0x0568, 0x0548, 0x05C8, 0x0365,
    0x0862, 0x0862, 0x0862, 0x0446, 0x05A8, 0x0568, 0x0568, 0x0568,
    0x0568, 0x0568, 0x0568, 0x0568, 0x0568, 0x0568, 0x0568, 0x0568,
    0x0568, 0x0568, 0x0568, 0x0568, 0x0568, 0x0568, 0x0568, 0x0568,
    0x0568, 0x0588, 0x0183, 0x0862, 0x0862, 0x0862, 0x0862, 0x0862,
    0x0862, 0x0862, 0x0862, 0x0862, 0x0862, 0x0862, 0x0862, 0x0862,
    0x0862, 0x7BF0, 0xFFFF, 0xFFDF, 0xFFFF, 0xFFFF, 0xFFFF, 0x4A8A,
    0x0862, 0x0862, 0x0862, 0x0862, 0x0862, 0x0862, 0x0862, 0x0862,
    0x0862, 0x0862, 0x0862, 0x0862, 0x0862, 0x0862, 0x0862, 0x0862,
    0x0862, 0x0862, 0x0862, 0x0862, 0x0862, 0x0862, 0x0862, 0x0862,
    0x0862, 0x0862, 0x0862, 0x0862, 0x0862, 0x0862, 0x0862, 0x0862,
    0x0862, 0x0862, 0x0862, 0x0862, 0x0862, 0x0862, 0x0862, 0x0862,
    0x0862, 0x0862, 0x0862, 0x0862, 0x0862, 0x0862, 0x0862, 0x0862,
    0x0862, 0x4A8A, 0xFFFF, 0xFFFF, 0xFFFF, 0xFFDF, 0xFFFF, 0x73AF,
    0x0862, 0x0862, 0x0862, 0x0862, 0x0862, 0x0862, 0x0862, 0x0862,
    0x0862, 0x0862, 0x0862, 0x0862, 0x0862, 0x0862, 0x0862, 0x0862,
    0x0862, 0x0862, 0x0862, 0x0862, 0x0862, 0x0862, 0x0862, 0x0862,
    0x0862, 0x0862, 0x0862, 0x0862, 0x0862, 0x0862, 0x0862, 0x0862,
    0x0862, 0x0862, 0x0862, 0x0862, 0x0862, 0x0862, 0x0862, 0x0862,
    0x0862, 0x0862, 0x0862, 0x0862, 0x0862, 0x0862, 0x0862, 0x0862,
    0x0862, 0x0862, 0x0862, 0x0862, 0x0862, 0x0862, 0x0862, 0x0862,
    0x0862, 0x0862, 0x0862, 0x0862, 0x0862, 0x0862, 0x0862, 0x0862,
    0x0862, 0x0862, 0x0862, 0x0862, 0x0862, 0x0862, 0x0862, 0x0862,
    0x0862, 0x0862, 0x0862, 0x0862, 0x0862, 0x0862, 0x0862, 0x0862,
    0x0862, 0x0862, 0x0862, 0x0862, 0x0862, 0x0862, 0x0862, 0x0862,
    0x0862, 0x0862, 0x0862, 0x0862, 0x0862, 0x0862, 0x0862, 0x0862,
    0x0862, 0x0862, 0x0862, 0x0862, 0x0862, 0x0862, 0x0862, 0x0862,
    0x0862, 0x0862, 0x0862, 0x0862, 0x0862, 0x0862, 0x0862, 0x0862,
    0x0903, 0x0325, 0x04E7, 0x05C8, 0x05A8, 0x0568, 0x0548, 0x0568,
    0x0568, 0x0568, 0x0568, 0x0568, 0x0568, 0x0568, 0x0568, 0x0568,
    0x0568, 0x0568, 0x0568, 0x0568, 0x0568, 0x0548, 0x05C8, 0x0365,
    0x0862, 0x0862, 0x0862, 0x0446, 0x05A8, 0x0568, 0x0568, 0x0568,
    0x0568, 0x0568, 0x0568, 0x0568, 0x0568, 0x0568, 0x0568, 0x0568,
    0x0568, 0x0568, 0x0568, 0x0568, 0x0568, 0x0568, 0x0568, 0x0568,
    0x0568, 0x0588, 0x0183, 0x0862, 0x0862, 0x0862, 0x0862, 0x0862,
    0x0862, 0x0862, 0x0862, 0x0862, 0x0862, 0x0862, 0x0862, 0x0862,
    0x0862, 0x7BF0, 0xFFFF, 0xFFDF, 0xFFFF, 0xFFFF, 0xFFFF, 0x4A8A,
    0x0862, 0x0862, 0x0862, 0x0862, 0x0862, 0x0862, 0x0862, 0x0862,
    0x0862, 0x0862, 0x0862, 0x0862, 0x0862, 0x0862, 0x0862, 0x0862,
    0x0862, 0x0862, 0x18E4, 0x5AEC, 0x5ACB, 0x5ACB, 0x5ACB, 0x5ACB,
    0x5ACB, 0x5ACB, 0x5ACB, 0x5ACB, 0x5ACB, 0x5ACB, 0x5ACB, 0x5ACB,
    0x5ACB, 0x5ACB, 0x5ACB, 0x5ACB, 0x5ACB, 0x5ACB, 0x5ACB, 0x4A8A,
    0x2966, 0x0862, 0x0862, 0x0862, 0x0862, 0x0862, 0x0862, 0x0862,
    0x0862, 0x4A8A, 0xFFFF, 0xFFFF, 0xFFFF, 0xFFFF, 0xFFFF, 0xA555,
    0x5ACB, 0x5AEC, 0x5ACB, 0x5ACB, 0x5ACB, 0x5ACB, 0x5ACB, 0x5ACB,
    0x5ACB, 0x5ACB, 0x5ACB, 0x5ACB, 0x52CB, 0x4229, 0x0862, 0x0862,
    0x0862, 0x0862, 0x0862, 0x0862, 0x0862, 0x0862, 0x0862, 0x0862,
    0x0862, 0x0862, 0x0862, 0x0862, 0x0862, 0x0862, 0x0862, 0x0862,
    0x0862, 0x0862, 0x0862, 0x0862, 0x0862, 0x0862, 0x0862, 0x0862,
    0x0862, 0x0862, 0x0862, 0x0862, 0x0862, 0x0862, 0x0862, 0x0862,
    0x0862, 0x0862, 0x0862, 0x0862, 0x0862, 0x0862, 0x0862, 0x0862,
    0x0862, 0x0862, 0x0862, 0x0862, 0x0862, 0x0862, 0x0862, 0x0862,
    0x0862, 0x0862, 0x0862, 0x0862, 0x0862, 0x0862, 0x0862, 0x0862,
    0x0862, 0x0862, 0x0862, 0x0862, 0x0862, 0x0862, 0x0862, 0x0862,
    0x0862, 0x0862, 0x0862, 0x0862, 0x0862, 0x0862, 0x0862, 0x0862,
    0x0862, 0x0862, 0x0862, 0x0862, 0x0862, 0x0862, 0x0862, 0x0862,
    0x0862, 0x0862, 0x0862, 0x0862, 0x0862, 0x0862, 0x0862, 0x0862,
    0x0862, 0x0862, 0x0862, 0x0862, 0x0862, 0x0862, 0x0862, 0x0862,
    0x0284, 0x0629, 0x0588, 0x0568, 0x0568, 0x0568, 0x0568, 0x0568,
    0x0568, 0x0568, 0x0568, 0x0568, 0x0568, 0x0568, 0x0568, 0x0568,
    0x0568, 0x0568, 0x0568, 0x0568, 0x0568, 0x0548, 0x05C8, 0x0365,
    0x0862, 0x0862, 0x0862, 0x0446, 0x05A8, 0x0568, 0x0568, 0x0568,
    0x0568, 0x0568, 0x0568, 0x0568, 0x0568, 0x0568, 0x0568, 0x0568,
    0x0568, 0x0568, 0x0568, 0x0568, 0x0568, 0x0568, 0x0568, 0x0568,
    0x0568, 0x0588, 0x0183, 0x0862, 0x0862, 0x0862, 0x0862, 0x0862,
    0x0862, 0x0862, 0x0862, 0x0862, 0x0862, 0x0862, 0x0862, 0x0862,
    0x0862, 0x7BF0, 0xFFFF, 0xFFDF, 0xFFFF, 0xFFFF, 0xFFFF, 0x4A8A,
    0x0862, 0x0862, 0x0862, 0x0862, 0x0862, 0x0862, 0x0862, 0x0862,
    0x0862, 0x0862, 0x0862, 0x0862, 0x0862, 0x0862, 0x0862, 0x0862,
    0x0862, 0x0862, 0x0862, 0xF79E, 0xFFFF, 0xFFFF, 0xFFFF, 0xFFFF,
    0xFFFF, 0xFFFF, 0xFFFF, 0xFFFF, 0xFFFF, 0xFFFF, 0xFFFF, 0xFFFF,
    0xFFFF, 0xFFFF, 0xFFFF, 0xFFFF, 0xFFFF, 0xFFFF, 0xFFFF, 0xFFFF,
    0xF7BE, 0xB5B6, 0x3187, 0x0862, 0x0862, 0x0862, 0x0862, 0x0862,
    0x0862, 0x4A8A, 0xFFFF, 0xFFFF, 0xFFFF, 0xFFFF, 0xFFFF, 0xFFFF,
    0xFFFF, 0xFFFF, 0xFFFF, 0xFFFF, 0xFFFF, 0xFFFF, 0xFFFF, 0xFFFF,
    0xFFFF, 0xFFFF, 0xFFFF, 0xFFFF, 0xFFFF, 0xFFFF, 0xE75D, 0x8451,
    0x0862, 0x0862, 0x0862, 0x0862, 0x0862, 0x0862, 0x0862, 0x0862,
    0x0862, 0x0862, 0x0862, 0x0862, 0x0862, 0x0862, 0x0862, 0x0862,
    0x0862, 0x0862, 0x0862, 0x0862, 0x0862, 0x0862, 0x0862, 0x0862,
    0x0862, 0x0862, 0x0862, 0x0862, 0x0862, 0x0862, 0x0862, 0x0862,
    0x0862, 0x0862, 0x0862, 0x0862, 0x0862, 0x0862, 0x0862, 0x0862,
    0x0862, 0x0862, 0x0862, 0x0862, 0x0862, 0x0862, 0x0862, 0x0862,
    0x0862, 0x0862, 0x0862, 0x0862, 0x0862, 0x0862, 0x0862, 0x0862,
    0x0862, 0x0862, 0x0862, 0x0862, 0x0862, 0x0862, 0x0862, 0x0862,
    0x0862, 0x0862, 0x0862, 0x0862, 0x0862, 0x0862, 0x0862, 0x0862,
    0x0862, 0x0862, 0x0862, 0x0862, 0x0862, 0x0862, 0x0862, 0x0862,
    0x0862, 0x0862, 0x0862, 0x0862, 0x0862, 0x0862, 0x0862, 0x0862,
    0x0862, 0x0862, 0x0862, 0x0862, 0x0862, 0x0862, 0x0862, 0x0862,
    0x0264, 0x05A8, 0x0548, 0x0568, 0x0568, 0x0568, 0x0568, 0x0568,
    0x0568, 0x0568, 0x0568, 0x0568, 0x0568, 0x0568, 0x0568, 0x0568,
    0x0568, 0x0568, 0x0568, 0x0568, 0x0568, 0x0548, 0x05C8, 0x0365,
    0x0862, 0x0862, 0x0862, 0x0446, 0x05A8, 0x0568, 0x0568, 0x0568,
    0x0568, 0x0568, 0x0568, 0x0568, 0x0568, 0x0568, 0x0568, 0x0568,
    0x0568, 0x0568, 0x0568, 0x0568, 0x0568, 0x0568, 0x0568, 0x0568,
    0x0568, 0x0588, 0x0183, 0x0862, 0x0862, 0x0862, 0x0862, 0x0862,
    0x0862, 0x0862, 0x0862, 0x0862, 0x0862, 0x0862, 0x0862, 0x0862,
    0x0862, 0x7BF0, 0xFFFF, 0xFFDF, 0xFFFF, 0xFFFF, 0xFFFF, 0x4A8A,
    0x0862, 0x0862, 0x0862, 0x0862, 0x0862, 0x0862, 0x0862, 0x0862,
    0x0862, 0x0862, 0x0862, 0x0862, 0x0862, 0x0862, 0x0862, 0x0862,
    0x0862, 0x0862, 0x0862, 0x8C72, 0xFFDF, 0xF7BE, 0xFFDF, 0xFFDF,
    0xFFDF, 0xFFDF, 0xFFDF, 0xFFDF, 0xFFDF, 0xFFDF, 0xFFDF, 0xFFDF,
    0xFFDF, 0xFFDF, 0xFFDF, 0xFFDF, 0xFFDF, 0xFFDF, 0xFFDF, 0xFFFF,
    0xFFFF, 0xFFFF, 0xEF5D, 0x39E8, 0x0862, 0x0862, 0x0862, 0x0862,
    0x0862, 0x4A8A, 0xFFFF, 0xFFFF, 0xFFFF, 0xFFFF, 0xFFFF, 0xFFFF,
    0xFFDF, 0xFFDF, 0xFFDF, 0xFFDF, 0xFFDF, 0xFFDF, 0xFFDF, 0xFFDF,
    0xFFDF, 0xFFDF, 0xFFDF, 0xFFDF, 0xFFFF, 0xFFFF, 0xFFFF, 0xFFFF,
    0xBDD7, 0x0862, 0x0862, 0x0862, 0x0862, 0x0862, 0x0862, 0x0862,
    0x0862, 0x0862, 0x0862, 0x0862, 0x0862, 0x0862, 0x0862, 0x0862,
    0x0862, 0x0862, 0x0862, 0x0862, 0x0862, 0x0862, 0x0862, 0x0862,
    0x0862, 0x0862, 0x0862, 0x0862, 0x0862, 0x0862, 0x0862, 0x0862,
    0x0862, 0x0862, 0x0862, 0x0862, 0x0862, 0x0862, 0x0862, 0x0862,
    0x0862, 0x0862, 0x0862, 0x0862, 0x0862, 0x0862, 0x0862, 0x0862,
    0x0862, 0x0862, 0x0862, 0x0862, 0x0862, 0x0862, 0x0862, 0x0862,
    0x0862, 0x0862, 0x0862, 0x0862, 0x0862, 0x0862, 0x0862, 0x0862,
    0x0862, 0x0862, 0x0862, 0x0862, 0x0862, 0x0862, 0x0862, 0x0862,
    0x0862, 0x0862, 0x0862, 0x0862, 0x0862, 0x0862, 0x0862, 0x0862,
    0x0862, 0x0862, 0x0862, 0x0862, 0x0862, 0x0862, 0x0862, 0x0862,
    0x0862, 0x0862, 0x0862, 0x0862, 0x0862, 0x0862, 0x0862, 0x0862,
    0x0264, 0x05C8, 0x0548, 0x0568, 0x0568, 0x0568, 0x0568, 0x0568,
    0x0568, 0x0568, 0x0568, 0x0568, 0x0568, 0x0568, 0x0568, 0x0568,
    0x0568, 0x0568, 0x0568, 0x0568, 0x0568, 0x0548, 0x05C8, 0x0365,
    0x0862, 0x0862, 0x0862, 0x0446, 0x05A8, 0x0568, 0x0568, 0x0568,
    0x0568, 0x0568, 0x0568, 0x0568, 0x0568, 0x0568, 0x0568, 0x0568,
    0x0568, 0x0568, 0x0568, 0x0568, 0x0568, 0x0568, 0x0568, 0x0568,
    0x0568, 0x0588, 0x0183, 0x0862, 0x0862, 0x0862, 0x0862, 0x0862,
    0x0862, 0x0862, 0x0862, 0x0862, 0x0862, 0x0862, 0x0862, 0x0862,
    0x0862, 0x7BF0, 0xFFFF, 0xFFDF, 0xFFFF, 0xFFFF, 0xFFFF, 0x4A8A,
    0x0862, 0x0862, 0x0862, 0x0862, 0x0862, 0x0862, 0x0862, 0x0862,
    0x0862, 0x0862, 0x0862, 0x0862, 0x0862, 0x0862, 0x0862, 0x0862,
    0x0862, 0x0862, 0x0862, 0x39C8, 0xFFFF, 0xFFFF, 0xFFFF, 0xFFFF,
    0xFFFF, 0xFFFF, 0xFFFF, 0xFFFF, 0xFFFF, 0xFFFF, 0xFFFF, 0xFFFF,
    0xFFFF, 0xFFFF, 0xFFFF, 0xFFFF, 0xFFFF, 0xFFFF, 0xFFFF, 0xFFFF,
    0xFFFF, 0xFFDF, 0xFFFF, 0xD6DB, 0x0862, 0x0862, 0x0862, 0x0862,
    0x0862, 0x4A8A, 0xFFFF, 0xFFFF, 0xFFFF, 0xFFFF, 0xFFFF, 0xFFFF,
    0xFFFF, 0xFFFF, 0xFFFF, 0xFFFF, 0xFFFF, 0xFFFF, 0xFFFF, 0xFFFF,
    0xFFFF, 0xFFFF, 0xFFFF, 0xFFFF, 0xFFFF, 0xFFFF, 0xFFFF, 0xFFDF,
    0xFFFF, 0x8451, 0x0862, 0x0862, 0x0862, 0x0862, 0x0862, 0x0862,
    0x0862, 0x0862, 0x0862, 0x0862, 0x0862, 0x0862, 0x0862, 0x0862,
    0x0862, 0x0862, 0x0862, 0x0862, 0x0862, 0x0862, 0x0862, 0x0862,
    0x0862, 0x0862, 0x0862, 0x0862, 0x0862, 0x0862, 0x0862, 0x0862,
    0x0862, 0x0862, 0x0862, 0x0862, 0x0862, 0x0862, 0x0862, 0x0862,
    0x0862, 0x0862, 0x0862, 0x0862, 0x0862, 0x0862, 0x0862, 0x0862,
    0x0862, 0x0862, 0x0862, 0x0862, 0x0862, 0x0862, 0x0862, 0x0862,
    0x0862, 0x0862, 0x0862, 0x0862, 0x0862, 0x0862, 0x0862, 0x0862,
    0x0862, 0x0862, 0x0862, 0x0862, 0x0862, 0x0862, 0x0862, 0x0862,
    0x0862, 0x0862, 0x0862, 0x0862, 0x0862, 0x0862, 0x0862, 0x0862,
    0x0862, 0x0862, 0x0862, 0x0862, 0x0862, 0x0862, 0x0862, 0x0862,
    0x0862, 0x0862, 0x0862, 0x0862, 0x0862, 0x0862, 0x0862, 0x0862,
    0x0264, 0x05C8, 0x0548, 0x0568, 0x0568, 0x0568, 0x0568, 0x0568,
    0x0568, 0x0568, 0x0568, 0x0568, 0x0568, 0x0568, 0x0568, 0x0568,
    0x0568, 0x0568, 0x0568, 0x0568, 0x0568, 0x0548, 0x05C8, 0x0365,
    0x0862, 0x0862, 0x0862, 0x0446, 0x05A8, 0x0568, 0x0568, 0x0568,
    0x0568, 0x0568, 0x0568, 0x0568, 0x0568, 0x0568, 0x0568, 0x0568,
    0x0568, 0x0568, 0x0568, 0x0568, 0x0568, 0x0568, 0x0568, 0x0568,
    0x0568, 0x0588, 0x0183, 0x0862, 0x0862, 0x0862, 0x0862, 0x0862,
    0x0862, 0x0862, 0x0862, 0x0862, 0x0862, 0x0862, 0x0862, 0x0862,
    0x0862, 0x7BF0, 0xFFFF, 0xFFDF, 0xFFFF, 0xFFFF, 0xFFFF, 0x4A8A,
    0x0862, 0x0862, 0x0862, 0x0862, 0x0862, 0x0862, 0x0862, 0x0862,
    0x0862, 0x0862, 0x0862, 0x0862, 0x0862, 0x0862, 0x0862, 0x0862,
    0x0862, 0x0862, 0x0862, 0x0862, 0xC638, 0xFFDF, 0xF7BE, 0xFFDF,
    0xFFDF, 0xFFDF, 0xFFDF, 0xFFDF, 0xFFDF, 0xFFDF, 0xFFDF, 0xFFDF,
    0xFFDF, 0xFFDF, 0xFFDF, 0xFFDF, 0xFFDF, 0xFFDF, 0xFFDF, 0xFFFF,
    0xFFFF, 0xFFFF, 0xFFDF, 0xFFFF, 0x5AEC, 0x0862, 0x0862, 0x0862,
    0x0862, 0x4A8A, 0xFFFF, 0xFFFF, 0xFFFF, 0xFFFF, 0xFFFF, 0xFFFF,
    0xFFFF, 0xFFFF, 0xFFFF, 0xFFFF, 0xFFFF, 0xFFFF, 0xFFFF, 0xFFFF,
    0xFFFF, 0xFFFF, 0xFFFF, 0xFFFF, 0xFFFF, 0xFFFF, 0xFFFF, 0xFFFF,
    0xFFFF, 0xEF7D, 0x18E4, 0x0862, 0x0862, 0x0862, 0x0862, 0x0862,
    0x0862, 0x0862, 0x0862, 0x0862, 0x0862, 0x0862, 0x0862, 0x0862,
    0x0862, 0x0862, 0x0862, 0x0862, 0x0862, 0x0862, 0x0862, 0x0862,
    0x0862, 0x0862, 0x0862, 0x0862, 0x0862, 0x0862, 0x0862, 0x0862,
    0x0862, 0x0862, 0x0862, 0x0862, 0x0862, 0x0862, 0x0862, 0x0862,
    0x0862, 0x0862, 0x0862, 0x0862, 0x0862, 0x0862, 0x0862, 0x0862,
    0x0862, 0x0862, 0x0862, 0x0862, 0x0862, 0x0862, 0x0862, 0x0862,
    0x0862, 0x0862, 0x0862, 0x0862, 0x0862, 0x0862, 0x0862, 0x0862,
    0x0862, 0x0862, 0x0862, 0x0862, 0x0862, 0x0862, 0x0862, 0x0862,
    0x0862, 0x0862, 0x0862, 0x0862, 0x0862, 0x0862, 0x0862, 0x0862,
    0x0862, 0x0862, 0x0862, 0x0862, 0x0862, 0x0862, 0x0862, 0x0862,
    0x0862, 0x0862, 0x0862, 0x0862, 0x0862, 0x0862, 0x0862, 0x0862,
    0x0264, 0x05C8, 0x0548, 0x0568, 0x0568, 0x0568, 0x0568, 0x0568,
    0x0568, 0x0568, 0x0568, 0x0568, 0x0568, 0x0568, 0x0568, 0x0568,
    0x0568, 0x0568, 0x0568, 0x0568, 0x0568, 0x0548, 0x05C8, 0x0365,
    0x0862, 0x0862, 0x0862, 0x0446, 0x05A8, 0x0568, 0x0568, 0x0568,
    0x0568, 0x0568, 0x0568, 0x0568, 0x0568, 0x0568, 0x0568, 0x0568,
    0x0568, 0x0568, 0x0568, 0x0568, 0x0568, 0x0568, 0x0568, 0x0568,
    0x0568, 0x0588, 0x0183, 0x0862, 0x0862, 0x0862, 0x0862, 0x0862,
    0x0862, 0x0862, 0x0862, 0x0862, 0x0862, 0x0862, 0x0862, 0x0862,
    0x0862, 0x7BF0, 0xFFFF, 0xFFDF, 0xFFFF, 0xFFFF, 0xFFFF, 0x4A8A,
    0x0862, 0x0862, 0x0862, 0x0862, 0x0862, 0x0862, 0x0862, 0x0862,
    0x0862, 0x0862, 0x0862, 0x0862, 0x0862, 0x0862, 0x0862, 0x0862,
    0x0862, 0x0862, 0x0862, 0x0862, 0x18E4, 0x2986, 0x2986, 0x2986,
    0x2986, 0x2986, 0x2986, 0x2986, 0x2986, 0x2986, 0x2986, 0x2986,
    0x2986, 0x2986, 0x2986, 0x2986, 0x2986, 0x2986, 0x2986, 0xBDD7,
    0xFFFF, 0xFFFF, 0xFFDF, 0xFFFF, 0x94B3, 0x0862, 0x0862, 0x0862,
    0x0862, 0x4A8A, 0xFFFF, 0xFFFF, 0xFFFF, 0xFFFF, 0xFFFF, 0x94B3,
    0x39C8, 0x39E8, 0x39E8, 0x39E8, 0x39E8, 0x39E8, 0x39E8, 0x39E8,
    0x39E8, 0x39E8, 0x39E8, 0x39C8, 0x8C72, 0xFFFF, 0xFFFF, 0xFFFF,
    0xFFFF, 0xFFFF, 0x4229, 0x0862, 0x0862, 0x0862, 0x0862, 0x0862,
    0x0862, 0x0862, 0x0862, 0x0862, 0x0862, 0x0862, 0x0862, 0x0862,
    0x0862, 0x0862, 0x0862, 0x0862, 0x0862, 0x0862, 0x0862, 0x0862,
    0x0862, 0x0862, 0x0862, 0x0862, 0x0862, 0x0862, 0x0862, 0x0862,
    0x0862, 0x0862, 0x0862, 0x0862, 0x0862, 0x0862, 0x0862, 0x0862,
    0x0862, 0x0862, 0x0862, 0x0862, 0x0862, 0x0862, 0x0862, 0x0862,
    0x0862, 0x0862, 0x0862, 0x0862, 0x0862, 0x0862, 0x0862, 0x0862,
    0x0862, 0x0862, 0x0862, 0x0862, 0x0862, 0x0862, 0x0862, 0x0862,
    0x0862, 0x0862, 0x0862, 0x0862, 0x0862, 0x0862, 0x0862, 0x0862,
    0x0862, 0x0862, 0x0862, 0x0862, 0x0862, 0x0862, 0x0862, 0x0862,
    0x0862, 0x0862, 0x0862, 0x0862, 0x0862, 0x0862, 0x0862, 0x0862,
    0x0862, 0x0862, 0x0862, 0x0862, 0x0862, 0x0862, 0x0862, 0x0862,
    0x0264, 0x05C8, 0x0548, 0x0568, 0x0568, 0x0568, 0x0568, 0x0568,
    0x0568, 0x0568, 0x0568, 0x0568, 0x0568, 0x0568, 0x0568, 0x0568,
    0x0568, 0x0568, 0x0568, 0x0568, 0x0568, 0x0548, 0x05C8, 0x0365,
    0x0862, 0x0862, 0x0862, 0x0446, 0x05A8, 0x0568, 0x0568, 0x0568,
    0x0568, 0x0568, 0x0568, 0x0568, 0x0568, 0x0568, 0x0568, 0x0568,
    0x0568, 0x0568, 0x0568, 0x0568, 0x0568, 0x0568, 0x0568, 0x0568,
    0x0568, 0x0588, 0x0183, 0x0862, 0x0862, 0x0862, 0x0862, 0x0862,
    0x0862, 0x0862, 0x0862, 0x0862, 0x0862, 0x0862, 0x0862, 0x0862,
    0x0862, 0x7BF0, 0xFFFF, 0xFFDF, 0xFFFF, 0xFFFF, 0xFFFF, 0x4A8A,
    0x0862, 0x0862, 0x0862, 0x0862, 0x0862, 0x0862, 0x0862, 0x0862,
    0x0862, 0x0862, 0x0862, 0x0862, 0x0862, 0x0862, 0x0862, 0x0862,
    0x0862, 0x0862, 0x0862, 0x0862, 0x0862, 0x0862, 0x0862, 0x0862,
    0x0862, 0x0862, 0x0862, 0x0862, 0x0862, 0x0862, 0x0862, 0x0862,
    0x0862, 0x0862, 0x0862, 0x0862, 0x0862, 0x0862, 0x0862, 0x94D3,
    0xFFFF, 0xFFDF, 0xFFFF, 0xFFFF, 0xAD55, 0x0862, 0x0862, 0x0862,
    0x0862, 0x4A8A, 0xFFFF, 0xFFFF, 0xFFFF, 0xFFDF, 0xFFFF, 0x73CF,
    0x0862, 0x0862, 0x0862, 0x0862, 0x0862, 0x0862, 0x0862, 0x0862,
    0x0862, 0x0862, 0x0862, 0x0862, 0x52AB, 0xFFFF, 0xFFFF, 0xFFFF,
    0xFFFF, 0xFFFF, 0x5AEC, 0x0862, 0x0862, 0x0862, 0x0862, 0x0862,
    0x0862, 0x0862, 0x0862, 0x0862, 0x0862, 0x0862, 0x0862, 0x0862,
    0x0862, 0x0862, 0x0862, 0x0862, 0x0862, 0x0862, 0x0862, 0x0862,
    0x0862, 0x0862, 0x0862, 0x0862, 0x0862, 0x0862, 0x0862, 0x0862,
    0x0862, 0x0862, 0x0862, 0x0862, 0x0862, 0x0862, 0x0862, 0x0862,
    0x0862, 0x0862, 0x0862, 0x0862, 0x0862, 0x0862, 0x0862, 0x0862,
    0x0862, 0x0862, 0x0862, 0x0862, 0x0862, 0x0862, 0x0862, 0x0862,
    0x0862, 0x0862, 0x0862, 0x0862, 0x0862, 0x0862, 0x0862, 0x0862,
    0x0862, 0x0862, 0x0862, 0x0862, 0x0862, 0x0862, 0x0862, 0x0862,
    0x0862, 0x0862, 0x0862, 0x0862, 0x0862, 0x0862, 0x0862, 0x0862,
    0x0862, 0x0862, 0x0862, 0x0862, 0x0862, 0x0862, 0x0862, 0x0862,
    0x0862, 0x0862, 0x0862, 0x0862, 0x0862, 0x0862, 0x0862, 0x0862,
    0x0264, 0x05C8, 0x0548, 0x0568, 0x0568, 0x0568, 0x0568, 0x0568,
    0x0568, 0x0568, 0x0568, 0x0568, 0x0568, 0x0568, 0x0568, 0x0568,
    0x0568, 0x0568, 0x0568, 0x0568, 0x0568, 0x0548, 0x05C8, 0x0365,
    0x0862, 0x0862, 0x0862, 0x0446, 0x05A8, 0x0568, 0x0568, 0x0568,
    0x0568, 0x0568, 0x0568, 0x0568, 0x0568, 0x0568, 0x0568, 0x0568,
    0x0568, 0x0568, 0x0568, 0x0568, 0x0568, 0x0568, 0x0568, 0x0568,
    0x0568, 0x0588, 0x0183, 0x0862, 0x0862, 0x0862, 0x0862, 0x0862,
    0x0862, 0x0862, 0x0862, 0x0862, 0x0862, 0x0862, 0x0862, 0x0862,
    0x0862, 0x7BF0, 0xFFFF, 0xFFDF, 0xFFFF, 0xFFFF, 0xFFFF, 0x4A8A,
    0x0862, 0x0862, 0x0862, 0x0862, 0x0862, 0x0862, 0x0862, 0x0862,
    0x0862, 0x0862, 0x0862, 0x0862, 0x0862, 0x0862, 0x0862, 0x0862,
    0x0862, 0x0862, 0x0862, 0x0862, 0x0862, 0x0862, 0x0862, 0x0862,
    0x0862, 0x0862, 0x0862, 0x0862, 0x0862, 0x0862, 0x0862, 0x0862,
    0x0862, 0x0862, 0x0862, 0x0862, 0x0862, 0x0862, 0x0862, 0x9CD3,
    0xFFFF, 0xFFDF, 0xFFFF, 0xFFFF, 0xAD75, 0x0862, 0x0862, 0x0862,
    0x0862, 0x4A8A, 0xFFFF, 0xFFFF, 0xFFFF, 0xFFDF, 0xFFFF, 0x7BF0,
    0x0862, 0x0862, 0x0862, 0x0862, 0x0862, 0x0862, 0x0862, 0x0862,
    0x0862, 0x0862, 0x0862, 0x0862, 0x5B0C, 0xFFFF, 0xFFFF, 0xFFFF,
    0xFFFF, 0xFFFF, 0x5B0C, 0x0862, 0x0862, 0x0862, 0x0862, 0x0862,
    0x0862, 0x0862, 0x0862, 0x0862, 0x0862, 0x0862, 0x0862, 0x0862,
    0x0862, 0x0862, 0x0862, 0x0862, 0x0862, 0x0862, 0x0862, 0x0862,
    0x0862, 0x0862, 0x0862, 0x0862, 0x0862, 0x0862, 0x0862, 0x0862,
    0x0862, 0x0862, 0x0862, 0x0862, 0x0862, 0x0862, 0x0862, 0x0862,
    0x0862, 0x0862, 0x0862, 0x0862, 0x0862, 0x0862, 0x0862, 0x0862,
    0x0862, 0x0862, 0x0862, 0x0862, 0x0862, 0x0862, 0x0862, 0x0862,
    0x0862, 0x0862, 0x0862, 0x0862, 0x0862, 0x0862, 0x0862, 0x0862,
    0x0862, 0x0862, 0x0862, 0x0862, 0x0862, 0x0862, 0x0862, 0x0862,
    0x0862, 0x0862, 0x0862, 0x0862, 0x0862, 0x0862, 0x0862, 0x0862,
    0x0862, 0x0862, 0x0862, 0x0862, 0x0862, 0x0862, 0x0862, 0x0862,
    0x0862, 0x0862, 0x0862, 0x0862, 0x0862, 0x0862, 0x0862, 0x0862,
    0x0264, 0x05C8, 0x0548, 0x0568, 0x0568, 0x0568, 0x0568, 0x0568,
    0x0568, 0x0568, 0x0568, 0x0568, 0x0568, 0x0568, 0x0568, 0x0568,
    0x0568, 0x0568, 0x0568, 0x0568, 0x0568, 0x0548, 0x05C8, 0x0365,
    0x0862, 0x0862, 0x0862, 0x0446, 0x05A8, 0x0568, 0x0568, 0x0568,
    0x0568, 0x0568, 0x0568, 0x0568, 0x0568, 0x0568, 0x0568, 0x0568,
    0x0568, 0x0568, 0x0568, 0x0568, 0x0568, 0x0568, 0x0568, 0x0568,
    0x0568, 0x0588, 0x0183, 0x0862, 0x0862, 0x0862, 0x0862, 0x0862,
    0x0862, 0x0862, 0x0862, 0x0862, 0x0862, 0x0862, 0x0862, 0x0862,
    0x0862, 0x7BF0, 0xFFFF, 0xFFDF, 0xFFFF, 0xFFFF, 0xFFFF, 0x4A8A,
    0x0862, 0x0862, 0x0862, 0x0862, 0x0862, 0x0862, 0x0862, 0x0862,
    0x0862, 0x0862, 0x0862, 0x0862, 0x0862, 0x0862, 0x0862, 0x0862,
    0x0862, 0x0862, 0x0862, 0x0862, 0x39E8, 0x9492, 0xBDD7, 0xC618,
    0xC618, 0xC618, 0xC618, 0xC618, 0xC618, 0xC618, 0xC618, 0xC618,
    0xC618, 0xC618, 0xC618, 0xC618, 0xC618, 0xC618, 0xBE18, 0xE73C,
    0xFFFF, 0xFFFF, 0xFFFF, 0xFFFF, 0xAD75, 0x0862, 0x0862, 0x0862,
    0x0862, 0x4A8A, 0xFFFF, 0xFFFF, 0xFFFF, 0xFFDF, 0xFFFF, 0x7BF0,
    0x0862, 0x0862, 0x0862, 0x0862, 0x0862, 0x0862, 0x0862, 0x0862,
    0x0862, 0x0862, 0x0862, 0x0862, 0x5B0C, 0xFFFF, 0xFFFF, 0xFFFF,
    0xFFFF, 0xFFFF, 0x5B0C, 0x0862, 0x0862, 0x0862, 0x0862, 0x0862,
    0x0862, 0x0862, 0x0862, 0x0862, 0x0862, 0x0862, 0x0862, 0x0862,
    0x0862, 0x0862, 0x0862, 0x0862, 0x0862, 0x0862, 0x0862, 0x0862,
    0x0862, 0x0862, 0x0862, 0x0862, 0x0862, 0x0862, 0x0862, 0x0862,
    0x0862, 0x0862, 0x0862, 0x0862, 0x0862, 0x0862, 0x0862, 0x0862,
    0x0862, 0x0862, 0x0862, 0x0862, 0x0862, 0x0862, 0x0862, 0x0862,
    0x0862, 0x0862, 0x0862, 0x0862, 0x0862, 0x0862, 0x0862, 0x0862,
    0x0862, 0x0862, 0x0862, 0x0862, 0x0862, 0x0862, 0x0862, 0x0862,
    0x0862, 0x0862, 0x0862, 0x0862, 0x0862, 0x0862, 0x0862, 0x0862,
    0x0862, 0x0862, 0x0862, 0x0862, 0x0862, 0x0862, 0x0862, 0x0862,
    0x0862, 0x0862, 0x0862, 0x0862, 0x0862, 0x0862, 0x0862, 0x0862,
    0x0862, 0x0862, 0x0862, 0x0862, 0x0862, 0x0862, 0x0862, 0x0862,
    0x0264, 0x05C8, 0x0548, 0x0568, 0x0568, 0x0568, 0x0568, 0x0568,
    0x0568, 0x0568, 0x0568, 0x0568, 0x0568, 0x0568, 0x0568, 0x0568,
    0x0568, 0x0568, 0x0568, 0x0568, 0x0568, 0x0548, 0x05C8, 0x0365,
    0x0862, 0x0862, 0x0862, 0x0446, 0x05A8, 0x0568, 0x0568, 0x0568,
    0x0568, 0x0568, 0x0568, 0x0568, 0x0568, 0x0568, 0x0568, 0x0568,
    0x0568, 0x0568, 0x0568, 0x0568, 0x0568, 0x0568, 0x0568, 0x0568,
    0x0568, 0x0588, 0x0183, 0x0862, 0x0862, 0x0862, 0x0862, 0x0862,
    0x0862, 0x0862, 0x0862, 0x0862, 0x0862, 0x0862, 0x0862, 0x0862,
    0x0862, 0x7BF0, 0xFFFF, 0xFFDF, 0xFFFF, 0xFFFF, 0xFFFF, 0x4A8A,
    0x0862, 0x0862, 0x0862, 0x0862, 0x0862, 0x0862, 0x0862, 0x0862,
    0x0862, 0x0862, 0x0862, 0x0862, 0x0862, 0x0862, 0x0862, 0x0862,
    0x0862, 0x0862, 0x0862, 0x8C72, 0xFFFF, 0xFFFF, 0xFFFF, 0xFFFF,
    0xFFFF, 0xFFFF, 0xFFFF, 0xFFFF, 0xFFFF, 0xFFFF, 0xFFFF, 0xFFFF,
    0xFFFF, 0xFFFF, 0xFFFF, 0xFFFF, 0xFFFF, 0xFFFF, 0xFFFF, 0xFFFF,
    0xFFFF, 0xFFFF, 0xFFFF, 0xFFFF, 0xAD75, 0x0862, 0x0862, 0x0862,
    0x0862, 0x4A8A, 0xFFFF, 0xFFFF, 0xFFFF, 0xFFDF, 0xFFFF, 0x7BF0,
    0x0862, 0x0862, 0x0862, 0x0862, 0x0862, 0x0862, 0x0862, 0x0862,
    0x0862, 0x0862, 0x0862, 0x0862, 0x5B0C, 0xFFFF, 0xFFFF, 0xFFFF,
    0xFFFF, 0xFFFF, 0x5B0C, 0x0862, 0x0862, 0x0862, 0x0862, 0x0862,
    0x0862, 0x0862, 0x0862, 0x0862, 0x0862, 0x0862, 0x0862, 0x0862,
    0x0862, 0x0862, 0x0862, 0x0862, 0x0862, 0x0862, 0x0862, 0x0862,
    0x0862, 0x0862, 0x0862, 0x0862, 0x0862, 0x0862, 0x0862, 0x0862,
    0x0862, 0x0862, 0x0862, 0x0862, 0x0862, 0x0862, 0x0862, 0x0862,
    0x0862, 0x0862, 0x0862, 0x0862, 0x0862, 0x0862, 0x0862, 0x0862,
    0x0862, 0x0862, 0x0862, 0x0862, 0x0862, 0x0862, 0x0862, 0x0862,
    0x0862, 0x0862, 0x0862, 0x0862, 0x0862, 0x0862, 0x0862, 0x0862,
    0x0862, 0x0862, 0x0862, 0x0862, 0x0862, 0x0862, 0x0862, 0x0862,
    0x0862, 0x0862, 0x0862, 0x0862, 0x0862, 0x0862, 0x0862, 0x0862,
    0x0862, 0x0862, 0x0862, 0x0862, 0x0862, 0x0862, 0x0862, 0x0862,
    0x0862, 0x0862, 0x0862, 0x0862, 0x0862, 0x0862, 0x0862, 0x0862,
    0x0264, 0x05C8, 0x0548, 0x0568, 0x0568, 0x0568, 0x0568, 0x0568,
    0x0568, 0x0568, 0x0568, 0x0568, 0x0568, 0x0568, 0x0568, 0x0568,
    0x0568, 0x0568, 0x0568, 0x0568, 0x0568, 0x0548, 0x05C8, 0x0365,
    0x0862, 0x0862, 0x0862, 0x0446, 0x05A8, 0x0568, 0x0568, 0x0568,
    0x0568, 0x0568, 0x0568, 0x0568, 0x0568, 0x0568, 0x0568, 0x0568,
    0x0568, 0x0568, 0x0568, 0x0568, 0x0568, 0x0568, 0x0568, 0x0568,
    0x0568, 0x0588, 0x0183, 0x0862, 0x0862, 0x0862, 0x0862, 0x0862,
    0x0862, 0x0862, 0x0862, 0x0862, 0x0862, 0x0862, 0x0862, 0x0862,
    0x0862, 0x7BF0, 0xFFFF, 0xFFDF, 0xFFFF, 0xFFFF, 0xFFFF, 0x4A8A,
    0x0862, 0x0862, 0x0862, 0x0862, 0x0862, 0x0862, 0x0862, 0x0862,
    0x0862, 0x0862, 0x0862, 0x0862, 0x0862, 0x0862, 0x0862, 0x0862,
    0x0862, 0x0862, 0x8431, 0xFFFF, 0xFFFF, 0xFFDF, 0xFFDF, 0xFFDF,
    0xFFDF, 0xFFDF, 0xFFDF, 0xFFDF, 0xFFDF, 0xFFDF, 0xFFDF, 0xFFDF,
    0xFFDF, 0xFFDF, 0xFFDF, 0xFFDF, 0xFFDF, 0xFFDF, 0xFFDF, 0xFFFF,
    0xFFFF, 0xFFFF, 0xFFFF, 0xFFFF, 0xAD75, 0x0862, 0x0862, 0x0862,
    0x0862, 0x4A8A, 0xFFFF, 0xFFFF, 0xFFFF, 0xFFDF, 0xFFFF, 0x7BF0,
    0x0862, 0x0862, 0x0862, 0x0862, 0x0862, 0x0862, 0x0862, 0x0862,
    0x0862, 0x0862, 0x0862, 0x0862, 0x5B0C, 0xFFFF, 0xFFFF, 0xFFFF,
    0xFFFF, 0xFFFF, 0x5B0C, 0x0862, 0x0862, 0x0862, 0x0862, 0x0862,
    0x0862, 0x0862, 0x0862, 0x0862, 0x0862, 0x0862, 0x0862, 0x0862,
    0x0862, 0x0862, 0x0862, 0x0862, 0x0862, 0x0862, 0x0862, 0x0862,
    0x0862, 0x0862, 0x0862, 0x0862, 0x0862, 0x0862, 0x0862, 0x0862,
    0x0862, 0x0862, 0x0862, 0x0862, 0x0862, 0x0862, 0x0862, 0x0862,
    0x0862, 0x0862, 0x0862, 0x0862, 0x0862, 0x0862, 0x0862, 0x0862,
    0x0862, 0x0862, 0x0862, 0x0862, 0x0862, 0x0862, 0x0862, 0x0862,
    0x0862, 0x0862, 0x0862, 0x0862, 0x0862, 0x0862, 0x0862, 0x0862,
    0x0862, 0x0862, 0x0862, 0x0862, 0x0862, 0x0862, 0x0862, 0x0862,
    0x0862, 0x0862, 0x0862, 0x0862, 0x0862, 0x0862, 0x0862, 0x0862,
    0x0862, 0x0862, 0x0862, 0x0862, 0x0862, 0x0862, 0x0862, 0x0862,
    0x0862, 0x0862, 0x0862, 0x0862, 0x0862, 0x0862, 0x0862, 0x0862,
    0x0264, 0x05C8, 0x0548, 0x0568, 0x0568, 0x0568, 0x0568, 0x0568,
    0x0568, 0x0568, 0x0568, 0x0568, 0x0568, 0x0568, 0x0568, 0x0568,
    0x0568, 0x0568, 0x0568, 0x0568, 0x0568, 0x0548, 0x05C8, 0x0365,
    0x0862, 0x0862, 0x0862, 0x0446, 0x05A8, 0x0568, 0x0568, 0x0568,
    0x0568, 0x0568, 0x0568, 0x0568, 0x0568, 0x0568, 0x0568, 0x0568,
    0x0568, 0x0568, 0x0568, 0x0568, 0x0568, 0x0568, 0x0568, 0x0568,
    0x0568, 0x0588, 0x0183, 0x0862, 0x0862, 0x0862, 0x0862, 0x0862,
    0x0862, 0x0862, 0x0862, 0x0862, 0x0862, 0x0862, 0x0862, 0x0862,
    0x0862, 0x7BF0, 0xFFFF, 0xFFDF, 0xFFFF, 0xFFFF, 0xFFFF, 0x4A8A,
    0x0862, 0x0862, 0x0862, 0x0862, 0x0862, 0x0862, 0x0862, 0x0862,
    0x0862, 0x0862, 0x0862, 0x0862, 0x0862, 0x0862, 0x0862, 0x0862,
    0x0862, 0x2986, 0xFFFF, 0xFFFF, 0xFFFF, 0xFFFF, 0xFFFF, 0xFFFF,
    0xFFFF, 0xFFFF, 0xFFFF, 0xFFFF, 0xFFFF, 0xFFFF, 0xFFFF, 0xFFFF,
    0xFFFF, 0xFFFF, 0xFFFF, 0xFFFF, 0xFFFF, 0xFFFF, 0xFFFF, 0xFFFF,
    0xFFFF, 0xFFFF, 0xFFFF, 0xFFFF, 0xAD75, 0x0862, 0x0862, 0x0862,
    0x0862, 0x4A8A, 0xFFFF, 0xFFFF, 0xFFFF, 0xFFDF, 0xFFFF, 0x7BF0,
    0x0862, 0x0862, 0x0862, 0x0862, 0x0862, 0x0862, 0x0862, 0x0862,
    0x0862, 0x0862, 0x0862, 0x0862, 0x5B0C, 0xFFFF, 0xFFFF, 0xFFFF,
    0xFFFF, 0xFFFF, 0x5B0C, 0x0862, 0x0862, 0x0862, 0x0862, 0x0862,
    0x0862, 0x0862, 0x0862, 0x0862, 0x0862, 0x0862, 0x0862, 0x0862,
    0x0862, 0x0862, 0x0862, 0x0862, 0x0862, 0x0862, 0x0862, 0x0862,
    0x0862, 0x0862, 0x0862, 0x0862, 0x0862, 0x0862, 0x0862, 0x0862,
    0x0862, 0x0862, 0x0862, 0x0862, 0x0862, 0x0862, 0x0862, 0x0862,
    0x0862, 0x0862, 0x0862, 0x0862, 0x0862, 0x0862, 0x0862, 0x0862,
    0x0862, 0x0862, 0x0862, 0x0862, 0x0862, 0x0862, 0x0862, 0x0862,
    0x0862, 0x0862, 0x0862, 0x0862, 0x0862, 0x0862, 0x0862, 0x0862,
    0x0862, 0x0862, 0x0862, 0x0862, 0x0862, 0x0862, 0x0862, 0x0862,
    0x0862, 0x0862, 0x0862, 0x0862, 0x0862, 0x0862, 0x0862, 0x0862,
    0x0862, 0x0862, 0x0862, 0x0862, 0x0862, 0x0862, 0x0862, 0x0862,
    0x0862, 0x0862, 0x0862, 0x0862, 0x0862, 0x0862, 0x0862, 0x0862,
    0x0264, 0x05C8, 0x0548, 0x0568, 0x0568, 0x0568, 0x0568, 0x0568,
    0x0568, 0x0568, 0x0568, 0x0568, 0x0568, 0x0568, 0x0568, 0x0568,
    0x0568, 0x0568, 0x0568, 0x0568, 0x0568, 0x0548, 0x05C8, 0x0365,
    0x0862, 0x0862, 0x0862, 0x0446, 0x05A8, 0x0568, 0x0568, 0x0568,
    0x0568, 0x0568, 0x0568, 0x0568, 0x0568, 0x0568, 0x0568, 0x0568,
    0x0568, 0x0568, 0x0568, 0x0568, 0x0568, 0x0568, 0x0568, 0x0568,
    0x0568, 0x0588, 0x0183, 0x0862, 0x0862, 0x0862, 0x0862, 0x0862,
    0x0862, 0x0862, 0x0862, 0x0862, 0x0862, 0x0862, 0x0862, 0x0862,
    0x0862, 0x7BF0, 0xFFFF, 0xFFDF, 0xFFFF, 0xFFFF, 0xFFFF, 0x4A8A,
    0x0862, 0x0862, 0x0862, 0x0862, 0x0862, 0x0862, 0x0862, 0x0862,
    0x0862, 0x0862, 0x0862, 0x0862, 0x0862, 0x0862, 0x0862, 0x0862,
    0x0862, 0x7C10, 0xFFFF, 0xFFDF, 0xFFFF, 0xFFFF, 0xEF5D, 0xAD75,
    0xAD75, 0xAD75, 0xAD75, 0xAD75, 0xAD75, 0xAD75, 0xAD75, 0xAD75,
    0xAD75, 0xAD75, 0xAD75, 0xAD75, 0xAD75, 0xAD75, 0xAD55, 0xDEFB,
    0xFFFF, 0xFFFF, 0xFFFF, 0xFFFF, 0xAD75, 0x0862, 0x0862, 0x0862,
    0x0862, 0x4A8A, 0xFFFF, 0xFFFF, 0xFFFF, 0xFFDF, 0xFFFF, 0x7BF0,
    0x0862, 0x0862, 0x0862, 0x0862, 0x0862, 0x0862, 0x0862, 0x0862,
    0x0862, 0x0862, 0x0862, 0x0862, 0x5B0C, 0xFFFF, 0xFFFF, 0xFFFF,
    0xFFFF, 0xFFFF, 0x5B0C, 0x0862, 0x0862, 0x0862, 0x0862, 0x0862,
    0x0862, 0x0862, 0x0862, 0x0862, 0x0862, 0x0862, 0x0862, 0x0862,
    0x0862, 0x0862, 0x0862, 0x0862, 0x0862, 0x0862, 0x0862, 0x0862,
    0x0862, 0x0862, 0x0862, 0x0862, 0x0862, 0x0862, 0x0862, 0x0862,
    0x0862, 0x0862, 0x0862, 0x0862, 0x0862, 0x0862, 0x0862, 0x0862,
    0x0862, 0x0862, 0x0862, 0x0862, 0x0862, 0x0862, 0x0862, 0x0862,
    0x0862, 0x0862, 0x0862, 0x0862, 0x0862, 0x0862, 0x0862, 0x0862,
    0x0862, 0x0862, 0x0862, 0x0862, 0x0862, 0x0862, 0x0862, 0x0862,
    0x0862, 0x0862, 0x0862, 0x0862, 0x0862, 0x0862, 0x0862, 0x0862,
    0x0862, 0x0862, 0x0862, 0x0862, 0x0862, 0x0862, 0x0862, 0x0862,
    0x0862, 0x0862, 0x0862, 0x0862, 0x0862, 0x0862, 0x0862, 0x0862,
    0x0862, 0x0862, 0x0862, 0x0862, 0x0862, 0x0862, 0x0862, 0x0862,
    0x0264, 0x05C8, 0x0548, 0x0568, 0x0568, 0x0568, 0x0568, 0x0568,
    0x0568, 0x0568, 0x0568, 0x0568, 0x0568, 0x0568, 0x0568, 0x0568,
    0x0568, 0x0568, 0x0568, 0x0568, 0x0568, 0x0548, 0x05C8, 0x0365,
    0x0862, 0x0862, 0x0862, 0x0446, 0x05A8, 0x0568, 0x0568, 0x0568,
    0x0568, 0x0568, 0x0568, 0x0568, 0x0568, 0x0568, 0x0568, 0x0568,
    0x0568, 0x0568, 0x0568, 0x0568, 0x0568, 0x0568, 0x0568, 0x0568,
    0x0568, 0x0588, 0x0183, 0x0862, 0x0862, 0x0862, 0x0862, 0x0862,
    0x0862, 0x0862, 0x0862, 0x0862, 0x0862, 0x0862, 0x0862, 0x0862,
    0x0862, 0x7BF0, 0xFFFF, 0xFFDF, 0xFFFF, 0xFFFF, 0xFFFF, 0x4A8A,
    0x0862, 0x0862, 0x0862, 0x0862, 0x0862, 0x0862, 0x0862, 0x0862,
    0x0862, 0x0862, 0x0862, 0x0862, 0x0862, 0x0862, 0x0862, 0x0862,
    0x0862, 0xA535, 0xFFFF, 0xFFDF, 0xFFDF, 0xFFFF, 0x9CF4, 0x0862,
    0x0862, 0x0862, 0x0862, 0x0862, 0x0862, 0x0862, 0x0862, 0x0862,
    0x0862, 0x0862, 0x0862, 0x0862, 0x0862, 0x0862, 0x0862, 0x94B3,
    0xFFFF, 0xFFDF, 0xFFFF, 0xFFFF, 0xAD75, 0x0862, 0x0862, 0x0862,
    0x0862, 0x4A8A, 0xFFFF, 0xFFFF, 0xFFFF, 0xFFDF, 0xFFFF, 0x7BF0,
    0x0862, 0x0862, 0x0862, 0x0862, 0x0862, 0x0862, 0x0862, 0x0862,
    0x0862, 0x0862, 0x0862, 0x0862, 0x5B0C, 0xFFFF, 0xFFFF, 0xFFFF,
    0xFFFF, 0xFFFF, 0x5B0C, 0x0862, 0x0862, 0x0862, 0x0862, 0x0862,
    0x0862, 0x0862, 0x0862, 0x0862, 0x0862, 0x0862, 0x0862, 0x0862,
    0x0862, 0x0862, 0x0862, 0x0862, 0x0862, 0x0862, 0x0862, 0x0862,
    0x0862, 0x0862, 0x0862, 0x0862, 0x0862, 0x0862, 0x0862, 0x0862,
    0x0862, 0x0862, 0x0862, 0x0862, 0x0862, 0x0862, 0x0862, 0x0862,
    0x0862, 0x0862, 0x0862, 0x0862, 0x0862, 0x0862, 0x0862, 0x0862,
    0x0862, 0x0862, 0x0862, 0x0862, 0x0862, 0x0862, 0x0862, 0x0862,
    0x0862, 0x0862, 0x0862, 0x0862, 0x0862, 0x0862, 0x0862, 0x0862,
    0x0862, 0x0862, 0x0862, 0x0862, 0x0862, 0x0862, 0x0862, 0x0862,
    0x0862, 0x0862, 0x0862, 0x0862, 0x0862, 0x0862, 0x0862, 0x0862,
    0x0862, 0x0862, 0x0862, 0x0862, 0x0862, 0x0862, 0x0862, 0x0862,
    0x0862, 0x0862, 0x0862, 0x0862, 0x0862, 0x0862, 0x0862, 0x0862,
    0x0264, 0x05C8, 0x0548, 0x0568, 0x0568, 0x0568, 0x0568, 0x0568,
    0x0568, 0x0568, 0x0568, 0x0568, 0x0568, 0x0568, 0x0568, 0x0568,
    0x0568, 0x0568, 0x0568, 0x0568, 0x0568, 0x0548, 0x05C8, 0x0365,
    0x0862, 0x0862, 0x0862, 0x0446, 0x05A8, 0x0568, 0x0568, 0x0568,
    0x0568, 0x0568, 0x0568, 0x0568, 0x0568, 0x0568, 0x0568, 0x0568,
    0x0568, 0x0568, 0x0568, 0x0568, 0x0568, 0x0568, 0x0568, 0x0568,
    0x0568, 0x0588, 0x0183, 0x0862, 0x0862, 0x0862, 0x0862, 0x0862,
    0x0862, 0x0862, 0x0862, 0x0862, 0x0862, 0x0862, 0x0862, 0x0862,
    0x0862, 0x7BF0, 0xFFFF, 0xFFDF, 0xFFFF, 0xFFFF, 0xFFFF, 0x4A8A,
    0x0862, 0x0862, 0x0862, 0x0862, 0x0862, 0x0862, 0x0862, 0x0862,
    0x0862, 0x0862, 0x0862, 0x0862, 0x0862, 0x0862, 0x0862, 0x0862,
    0x0862, 0xAD76, 0xFFFF, 0xFFDF, 0xFFDF, 0xFFFF, 0x9D14, 0x0862,
    0x0862, 0x0862, 0x0862, 0x0862, 0x0862, 0x0862, 0x0862, 0x0862,
    0x0862, 0x0862, 0x0862, 0x0862, 0x0862, 0x0862, 0x0862, 0x9D14,
    0xFFFF, 0xFFDF, 0xFFFF, 0xFFFF, 0xAD75, 0x0862, 0x0862, 0x0862,
    0x0862, 0x4A8A, 0xFFFF, 0xFFFF, 0xFFFF, 0xFFDF, 0xFFFF, 0x7C10,
    0x0862, 0x0862, 0x0862, 0x0862, 0x0862, 0x0862, 0x0862, 0x0862,
    0x0862, 0x0862, 0x0862, 0x0862, 0x5B0C, 0xFFFF, 0xFFFF, 0xFFFF,
    0xFFFF, 0xFFFF, 0x5B0C, 0x0862, 0x0862, 0x0862, 0x0862, 0x0862,
    0x0862, 0x0862, 0x0862, 0x0862, 0x0862, 0x0862, 0x0862, 0x0862,
    0x0862, 0x0862, 0x0862, 0x0862, 0x0862, 0x0862, 0x0862, 0x0862,
    0x0862, 0x0862, 0x0862, 0x0862, 0x0862, 0x0862, 0x0862, 0x0862,
    0x0862, 0x0862, 0x0862, 0x0862, 0x0862, 0x0862, 0x0862, 0x0862,
    0x0862, 0x0862, 0x0862, 0x0862, 0x0862, 0x0862, 0x0862, 0x0862,
    0x0862, 0x0862, 0x0862, 0x0862, 0x0862, 0x0862, 0x0862, 0x0862,
    0x0862, 0x0862, 0x0862, 0x0862, 0x0862, 0x0862, 0x0862, 0x0862,
    0x0862, 0x0862, 0x0862, 0x0862, 0x0862, 0x0862, 0x0862, 0x0862,
    0x0862, 0x0862, 0x0862, 0x0862, 0x0862, 0x0862, 0x0862, 0x0862,
    0x0862, 0x0862, 0x0862, 0x0862, 0x0862, 0x0862, 0x0862, 0x0862,
    0x0862, 0x0862, 0x0862, 0x0862, 0x0862, 0x0862, 0x0862, 0x0862,
    0x0264, 0x05C8, 0x0548, 0x0568, 0x0568, 0x0568, 0x0568, 0x0568,
    0x0568, 0x0568, 0x0568, 0x0568, 0x0568, 0x0568, 0x0568, 0x0568,
    0x0568, 0x0568, 0x0568, 0x0568, 0x0568, 0x0548, 0x05C8, 0x0365,
    0x0862, 0x0862, 0x0862, 0x0446, 0x05A8, 0x0568, 0x0568, 0x0568,
    0x0568, 0x0568, 0x0568, 0x0568, 0x0568, 0x0568, 0x0568, 0x0568,
    0x0568, 0x0568, 0x0568, 0x0568, 0x0568, 0x0568, 0x0568, 0x0568,
    0x0568, 0x0588, 0x0183, 0x0862, 0x0862, 0x0862, 0x0862, 0x0862,
    0x0862, 0x0862, 0x0862, 0x0862, 0x0862, 0x0862, 0x0862, 0x0862,
    0x0862, 0x7BF0, 0xFFFF, 0xFFDF, 0xFFFF, 0xFFFF, 0xFFFF, 0x4249,
    0x0862, 0x0862, 0x0862, 0x0862, 0x0862, 0x0862, 0x0862, 0x0862,
    0x0862, 0x0862, 0x0862, 0x0862, 0x0862, 0x0862, 0x0862, 0x0862,
    0x0862, 0xAD75, 0xFFFF, 0xFFDF, 0xFFDF, 0xFFFF, 0x94D3, 0x0862,
    0x0862, 0x0862, 0x0862, 0x0862, 0x0862, 0x0862, 0x0862, 0x0862,
    0x0862, 0x0862, 0x0862, 0x0862, 0x0862, 0x0862, 0x0862, 0x94B3,
    0xFFFF, 0xFFDF, 0xFFFF, 0xFFFF, 0xAD75, 0x0862, 0x0862, 0x0862,
    0x0862, 0x4A8A, 0xFFFF, 0xFFFF, 0xFFFF, 0xFFDF, 0xFFFF, 0x73AF,
    0x0862, 0x0862, 0x0862, 0x0862, 0x0862, 0x0862, 0x0862, 0x0862,
    0x0862, 0x0862, 0x0862, 0x0862, 0x52AB, 0xFFFF, 0xFFFF, 0xFFFF,
    0xFFFF, 0xFFFF, 0x52CB, 0x0862, 0x0862, 0x0862, 0x0862, 0x0862,
    0x0862, 0x0862, 0x0862, 0x0862, 0x0862, 0x0862, 0x0862, 0x0862,
    0x0862, 0x0862, 0x0862, 0x0862, 0x0862, 0x0862, 0x0862, 0x0862,
    0x0862, 0x0862, 0x0862, 0x0862, 0x0862, 0x0862, 0x0862, 0x0862,
    0x0862, 0x0862, 0x0862, 0x0862, 0x0862, 0x0862, 0x0862, 0x0862,
    0x0862, 0x0862, 0x0862, 0x0862, 0x0862, 0x0862, 0x0862, 0x0862,
    0x0862, 0x0862, 0x0862, 0x0862, 0x0862, 0x0862, 0x0862, 0x0862,
    0x0862, 0x0862, 0x0862, 0x0862, 0x0862, 0x0862, 0x0862, 0x0862,
    0x0862, 0x0862, 0x0862, 0x0862, 0x0862, 0x0862, 0x0862, 0x0862,
    0x0862, 0x0862, 0x0862, 0x0862, 0x0862, 0x0862, 0x0862, 0x0862,
    0x0862, 0x0862, 0x0862, 0x0862, 0x0862, 0x0862, 0x0862, 0x0862,
    0x0862, 0x0862, 0x0862, 0x0862, 0x0862, 0x0862, 0x0862, 0x0862,
    0x0264, 0x05C8, 0x0548, 0x0568, 0x0568, 0x0568, 0x0568, 0x0568,
    0x0568, 0x0568, 0x0568, 0x0568, 0x0568, 0x0568, 0x0568, 0x0568,
    0x0568, 0x0568, 0x0568, 0x0568, 0x0568, 0x0548, 0x05C8, 0x0365,
    0x0862, 0x0862, 0x0862, 0x0446, 0x05A8, 0x0568, 0x0568, 0x0568,
    0x0568, 0x0568, 0x0568, 0x0568, 0x0568, 0x0568, 0x0568, 0x0568,
    0x0568, 0x0568, 0x0568, 0x0568, 0x0568, 0x0568, 0x0568, 0x0568,
    0x0568, 0x0588, 0x0183, 0x0862, 0x0862, 0x0862, 0x0862, 0x0862,
    0x0862, 0x0862, 0x0862, 0x0862, 0x0862, 0x0862, 0x0862, 0x0862,
    0x0862, 0x7BF0, 0xFFFF, 0xFFDF, 0xFFFF, 0xFFFF, 0xFFFF, 0xCE79,
    0xBDD7, 0xBDD7, 0xBDD7, 0xBDD7, 0xBDD7, 0xBDD7, 0xBDD7, 0xBDD7,
    0xBDD7, 0xBDD7, 0xBDD7, 0xBDF7, 0xAD55, 0x0862, 0x0862, 0x0862,
    0x0862, 0x9492, 0xFFFF, 0xFFDF, 0xFFFF, 0xFFFF, 0xCE7A, 0x5AEC,
    0x5AEC, 0x5AEC, 0x5AEC, 0x5AEC, 0x5AEC, 0x5AEC, 0x5AEC, 0x5AEC,
    0x5AEC, 0x5AEC, 0x5AEC, 0x5AEC, 0x5AEC, 0x5AEC, 0x52CB, 0xBDF7,
    0xFFFF, 0xFFFF, 0xFFFF, 0xFFFF, 0xAD75, 0x0862, 0x0862, 0x0862,
    0x0862, 0x4A8A, 0xFFFF, 0xFFFF, 0xFFFF, 0xFFFF, 0xFFFF, 0xA555,
    0x52CB, 0x5AEC, 0x5AEC, 0x5AEC, 0x5AEC, 0x5AEC, 0x5AEC, 0x5AEC,
    0x5AEC, 0x5AEC, 0x5AEC, 0x52CB, 0xA535, 0xFFFF, 0xFFFF, 0xFFFF,
    0xFFFF, 0xFFFF, 0x3A08, 0x0862, 0x0862, 0x0862, 0x0862, 0x0862,
    0x0862, 0x0862, 0x0862, 0x0862, 0x0862, 0x0862, 0x0862, 0x0862,
    0x0862, 0x0862, 0x0862, 0x0862, 0x0862, 0x0862, 0x0862, 0x0862,
    0x0862, 0x0862, 0x0862, 0x0862, 0x0862, 0x0862, 0x0862, 0x0862,
    0x0862, 0x0862, 0x0862, 0x0862, 0x0862, 0x0862, 0x0862, 0x0862,
    0x0862, 0x0862, 0x0862, 0x0862, 0x0862, 0x0862, 0x0862, 0x0862,
    0x0862, 0x0862, 0x0862, 0x0862, 0x0862, 0x0862, 0x0862, 0x0862,
    0x0862, 0x0862, 0x0862, 0x0862, 0x0862, 0x0862, 0x0862, 0x0862,
    0x0862, 0x0862, 0x0862, 0x0862, 0x0862, 0x0862, 0x0862, 0x0862,
    0x0862, 0x0862, 0x0862, 0x0862, 0x0862, 0x0862, 0x0862, 0x0862,
    0x0862, 0x0862, 0x0862, 0x0862, 0x0862, 0x0862, 0x0862, 0x0862,
    0x0862, 0x0862, 0x0862, 0x0862, 0x0862, 0x0862, 0x0862, 0x0862,
    0x0264, 0x05C8, 0x0548, 0x0568, 0x0568, 0x0568, 0x0568, 0x0568,
    0x0568, 0x0568, 0x0568, 0x0568, 0x0568, 0x0568, 0x0568, 0x0568,
    0x0568, 0x0568, 0x0568, 0x0568, 0x0568, 0x0548, 0x05C8, 0x0365,
    0x0862, 0x0862, 0x0862, 0x0446, 0x05A8, 0x0568, 0x0568, 0x0568,
    0x0568, 0x0568, 0x0568, 0x0568, 0x0568, 0x0568, 0x0568, 0x0568,
    0x0568, 0x0568, 0x0568, 0x0568, 0x0568, 0x0568, 0x0568, 0x0568,
    0x0568, 0x0588, 0x0183, 0x0862, 0x0862, 0x0862, 0x0862, 0x0862,
    0x0862, 0x0862, 0x0862, 0x0862, 0x0862, 0x0862, 0x0862, 0x0862,
    0x0862, 0x7BF0, 0xFFFF, 0xFFDF, 0xFFFF, 0xFFFF, 0xFFFF, 0xFFFF,
    0xFFFF, 0xFFFF, 0xFFFF, 0xFFFF, 0xFFFF, 0xFFFF, 0xFFFF, 0xFFFF,
    0xFFFF, 0xFFFF, 0xFFFF, 0xFFFF, 0xFFFF, 0x528A, 0x0862, 0x0862,
    0x0862, 0x4A6A, 0xFFFF, 0xFFDF, 0xFFFF, 0xFFFF, 0xFFFF, 0xFFFF,
    0xFFFF, 0xFFFF, 0xFFFF, 0xFFFF, 0xFFFF, 0xFFFF, 0xFFFF, 0xFFFF,
    0xFFFF, 0xFFFF, 0xFFFF, 0xFFFF, 0xFFFF, 0xFFFF, 0xFFFF, 0xFFFF,
    0xFFFF, 0xFFFF, 0xFFFF, 0xFFFF, 0xAD76, 0x0862, 0x0862, 0x0862,
    0x0862, 0x4A8A, 0xFFFF, 0xFFFF, 0xFFFF, 0xFFFF, 0xFFFF, 0xFFFF,
    0xFFFF, 0xFFFF, 0xFFFF, 0xFFFF, 0xFFFF, 0xFFFF, 0xFFFF, 0xFFFF,
    0xFFFF, 0xFFFF, 0xFFFF, 0xFFFF, 0xFFFF, 0xFFFF, 0xFFFF, 0xFFFF,
    0xFFFF, 0xE71C, 0x0862, 0x0862, 0x0862, 0x0862, 0x0862, 0x0862,
    0x0862, 0x0862, 0x0862, 0x0862, 0x0862, 0x0862, 0x0862, 0x0862,
    0x0862, 0x0862, 0x0862, 0x0862, 0x0862, 0x0862, 0x0862, 0x0862,
    0x0862, 0x0862, 0x0862, 0x0862, 0x0862, 0x0862, 0x0862, 0x0862,
    0x0862, 0x0862, 0x0862, 0x0862, 0x0862, 0x0862, 0x0862, 0x0862,
    0x0862, 0x0862, 0x0862, 0x0862, 0x0862, 0x0862, 0x0862, 0x0862,
    0x0862, 0x0862, 0x0862, 0x0862, 0x0862, 0x0862, 0x0862, 0x0862,
    0x0862, 0x0862, 0x0862, 0x0862, 0x0862, 0x0862, 0x0862, 0x0862,
    0x0862, 0x0862, 0x0862, 0x0862, 0x0862, 0x0862, 0x0862, 0x0862,
    0x0862, 0x0862, 0x0862, 0x0862, 0x0862, 0x0862, 0x0862, 0x0862,
    0x0862, 0x0862, 0x0862, 0x0862, 0x0862, 0x0862, 0x0862, 0x0862,
    0x0862, 0x0862, 0x0862, 0x0862, 0x0862, 0x0862, 0x0862, 0x0862,
    0x0264, 0x05A8, 0x0548, 0x0568, 0x0568, 0x0568, 0x0568, 0x0568,
    0x0568, 0x0568, 0x0568, 0x0568, 0x0568, 0x0568, 0x0568, 0x0568,
    0x0568, 0x0568, 0x0568, 0x0568, 0x0568, 0x0548, 0x05A8, 0x0365,
    0x0862, 0x0862, 0x0862, 0x0447, 0x05A8, 0x0548, 0x0568, 0x0568,
    0x0568, 0x0568, 0x0568, 0x0568, 0x0568, 0x0568, 0x0568, 0x0568,
    0x0568, 0x0568, 0x0568, 0x0568, 0x0568, 0x0568, 0x0568, 0x0568,
    0x0568, 0x0588, 0x0183, 0x0862, 0x0862, 0x0862, 0x0862, 0x0862,
    0x0862, 0x0862, 0x0862, 0x0862, 0x0862, 0x0862, 0x0862, 0x0862,
    0x0862, 0x7BF0, 0xFFFF, 0xFFDF, 0xFFFF, 0xFFFF, 0xFFFF, 0xFFFF,
    0xFFDF, 0xFFDF, 0xFFDF, 0xFFDF, 0xFFDF, 0xFFDF, 0xFFDF, 0xFFDF,
    0xFFDF, 0xFFDF, 0xFFDF, 0xF7BE, 0xFFDF, 0xAD55, 0x0862, 0x0862,
    0x0862, 0x0862, 0xBDF7, 0xFFFF, 0xFFDF, 0xFFFF, 0xFFFF, 0xFFDF,
    0xFFDF, 0xFFDF, 0xFFDF, 0xFFDF, 0xFFDF, 0xFFDF, 0xFFDF, 0xFFDF,
    0xFFDF, 0xFFDF, 0xFFDF, 0xFFDF, 0xFFDF, 0xFFDF, 0xFFDF, 0xFFFF,
    0xFFFF, 0xFFFF, 0xFFDF, 0xFFFF, 0xA514, 0x0862, 0x0862, 0x0862,
    0x0862, 0x4A8A, 0xFFFF, 0xFFFF, 0xFFFF, 0xFFFF, 0xFFFF, 0xFFFF,
    0xFFDF, 0xFFDF, 0xFFDF, 0xFFDF, 0xFFDF, 0xFFDF, 0xFFDF, 0xFFDF,
    0xFFDF, 0xFFDF, 0xFFDF, 0xFFDF, 0xFFFF, 0xFFFF, 0xFFFF, 0xFFDF,
    0xFFFF, 0x6B6E, 0x0862, 0x0862, 0x0862, 0x0862, 0x0862, 0x0862,
    0x0862, 0x0862, 0x0862, 0x0862, 0x0862, 0x0862, 0x0862, 0x0862,
    0x0862, 0x0862, 0x0862, 0x0862, 0x0862, 0x0862, 0x0862, 0x0862,
    0x0862, 0x0862, 0x0862, 0x0862, 0x0862, 0x0862, 0x0862, 0x0862,
    0x0862, 0x0862, 0x0862, 0x0862, 0x0862, 0x0862, 0x0862, 0x0862,
    0x0862, 0x0862, 0x0862, 0x0862, 0x0862, 0x0862, 0x0862, 0x0862,
    0x0862, 0x0862, 0x0862, 0x0862, 0x0862, 0x0862, 0x0862, 0x0862,
    0x0862, 0x0862, 0x0862, 0x0862, 0x0862, 0x0862, 0x0862, 0x0862,
    0x0862, 0x0862, 0x0862, 0x0862, 0x0862, 0x0862, 0x0862, 0x0862,
    0x0862, 0x0862, 0x0862, 0x0862, 0x0862, 0x0862, 0x0862, 0x0862,
    0x0862, 0x0862, 0x0862, 0x0862, 0x0862, 0x0862, 0x0862, 0x0862,
    0x0862, 0x0862, 0x0862, 0x0862, 0x0862, 0x0862, 0x0862, 0x0862,
    0x0264, 0x05C8, 0x0568, 0x0568, 0x0568, 0x0568, 0x0568, 0x0568,
    0x0568, 0x0568, 0x0568, 0x0568, 0x0568, 0x0568, 0x0568, 0x0568,
    0x0568, 0x0568, 0x0568, 0x0568, 0x0568, 0x0548, 0x05C8, 0x0365,
    0x0862, 0x0862, 0x0862, 0x0466, 0x05A8, 0x0568, 0x0568, 0x0568,
    0x0568, 0x0568, 0x0568, 0x0568, 0x0568, 0x0568, 0x0568, 0x0568,
    0x0568, 0x0568, 0x0568, 0x0568, 0x0568, 0x0568, 0x0568, 0x0568,
    0x0568, 0x0588, 0x0183, 0x0862, 0x0862, 0x0862, 0x0862, 0x0862,
    0x0862, 0x0862, 0x0862, 0x0862, 0x0862, 0x0862, 0x0862, 0x0862,
    0x0862, 0x7BF0, 0xFFFF, 0xFFFF, 0xFFFF, 0xFFFF, 0xFFFF, 0xFFFF,
    0xFFFF, 0xFFFF, 0xFFFF, 0xFFFF, 0xFFFF, 0xFFFF, 0xFFFF, 0xFFFF,
    0xFFFF, 0xFFFF, 0xFFFF, 0xFFFF, 0xFFFF, 0xF79E, 0x2105, 0x0862,
    0x0862, 0x0862, 0x2125, 0xCE9A, 0xFFFF, 0xFFFF, 0xFFFF, 0xFFFF,
    0xFFFF, 0xFFFF, 0xFFFF, 0xFFFF, 0xFFFF, 0xFFFF, 0xFFFF, 0xFFFF,
    0xFFFF, 0xFFFF, 0xFFFF, 0xFFFF, 0xFFFF, 0xFFFF, 0xFFFF, 0xFFFF,
    0xFFFF, 0xFFFF, 0xFFFF, 0xFFFF, 0x9CF4, 0x0862, 0x0862, 0x0862,
    0x0862, 0x4A8A, 0xFFFF, 0xFFFF, 0xFFFF, 0xFFFF, 0xFFFF, 0xFFFF,
    0xFFFF, 0xFFFF, 0xFFFF, 0xFFFF, 0xFFFF, 0xFFFF, 0xFFFF, 0xFFFF,
    0xFFFF, 0xFFFF, 0xFFFF, 0xFFFF, 0xFFFF, 0xFFFF, 0xFFFF, 0xFFFF,
    0x9492, 0x0862, 0x0862, 0x0862, 0x0862, 0x0862, 0x0862, 0x0862,
    0x0862, 0x0862, 0x0862, 0x0862, 0x0862, 0x0862, 0x0862, 0x0862,
    0x0862, 0x0862, 0x0862, 0x0862, 0x0862, 0x0862, 0x0862, 0x0862,
    0x0862, 0x0862, 0x0862, 0x0862, 0x0862, 0x0862, 0x0862, 0x0862,
    0x0862, 0x0862, 0x0862, 0x0862, 0x0862, 0x0862, 0x0862, 0x0862,
    0x0862, 0x0862, 0x0862, 0x0862, 0x0862, 0x0862, 0x0862, 0x0862,
    0x0862, 0x0862, 0x0862, 0x0862, 0x0862, 0x0862, 0x0862, 0x0862,
    0x0862, 0x0862, 0x0862, 0x0862, 0x0862, 0x0862, 0x0862, 0x0862,
    0x0862, 0x0862, 0x0862, 0x0862, 0x0862, 0x0862, 0x0862, 0x0862,
    0x0862, 0x0862, 0x0862, 0x0862, 0x0862, 0x0862, 0x0862, 0x0862,
    0x0862, 0x0862, 0x0862, 0x0862, 0x0862, 0x0862, 0x0862, 0x0862,
    0x0862, 0x0862, 0x0862, 0x0862, 0x0862, 0x0862, 0x0862, 0x0862,
    0x0264, 0x05A8, 0x0528, 0x0548, 0x0548, 0x0548, 0x0548, 0x0548,
    0x0548, 0x0548, 0x0548, 0x0548, 0x0548, 0x0548, 0x0548, 0x0548,
    0x0548, 0x0548, 0x0548, 0x0548, 0x0548, 0x0528, 0x05A8, 0x0345,
    0x0862, 0x0862, 0x0862, 0x0446, 0x0588, 0x0548, 0x0548, 0x0548,
    0x0548, 0x0548, 0x0548, 0x0548, 0x0548, 0x0548, 0x0548, 0x0548,
    0x0548, 0x0548, 0x0548, 0x0548, 0x0548, 0x0548, 0x0548, 0x0548,
    0x0548, 0x0568, 0x0163, 0x0862, 0x0862, 0x0862, 0x0862, 0x0862,
    0x0862, 0x0862, 0x0862, 0x0862, 0x0862, 0x0862, 0x0862, 0x0862,
    0x0862, 0x7BCF, 0xFFDF, 0xF7BE, 0xFFDF, 0xFFDF, 0xFFDF, 0xFFDF,
    0xFFDF, 0xFFDF, 0xFFDF, 0xFFDF, 0xFFDF, 0xFFDF, 0xFFDF, 0xFFDF,
    0xFFDF, 0xFFDF, 0xFFDF, 0xFFDF, 0xF7BE, 0xFFDF, 0x6B6E, 0x0862,
    0x0862, 0x0862, 0x0862, 0x0862, 0x8431, 0xDEDB, 0xF7BE, 0xFFDF,
    0xFFDF, 0xFFDF, 0xFFDF, 0xFFDF, 0xFFDF, 0xFFDF, 0xFFDF, 0xFFDF,
    0xFFDF, 0xFFDF, 0xFFDF, 0xFFDF, 0xFFDF, 0xFFDF, 0xFFDF, 0xFFDF,
    0xFFDF, 0xFFDF, 0xF7BE, 0xFFDF, 0x9CD3, 0x0862, 0x0862, 0x0862,
    0x0862, 0x4A6A, 0xFFDF, 0xF7BE, 0xFFDF, 0xFFDF, 0xFFDF, 0xFFDF,
    0xFFDF, 0xFFDF, 0xFFDF, 0xFFDF, 0xFFDF, 0xFFDF, 0xFFDF, 0xFFDF,
    0xFFDF, 0xFFDF, 0xFFDF, 0xFFDF, 0xFFDF, 0xF79E, 0xC618, 0x5AEC,
    0x0862, 0x0862, 0x0862, 0x0862, 0x0862, 0x0862, 0x0862, 0x0862,
    0x0862, 0x0862, 0x0862, 0x0862, 0x0862, 0x0862, 0x0862, 0x0862,
    0x0862, 0x0862, 0x0862, 0x0862, 0x0862, 0x0862, 0x0862, 0x0862,
    0x0862, 0x0862, 0x0862, 0x0862, 0x0862, 0x0862, 0x0862, 0x0862,
    0x0862, 0x0862, 0x0862, 0x0862, 0x0862, 0x0862, 0x0862, 0x0862,
    0x0862, 0x0862, 0x0862, 0x0862, 0x0862, 0x0862, 0x0862, 0x0862,
    0x0862, 0x0862, 0x0862, 0x0862, 0x0862, 0x0862, 0x0862, 0x0862,
    0x0862, 0x0862, 0x0862, 0x0862, 0x0862, 0x0862, 0x0862, 0x0862,
    0x0862, 0x0862, 0x0862, 0x0862, 0x0862, 0x0862, 0x0862, 0x0862,
    0x0862, 0x0862, 0x0862, 0x0862, 0x0862, 0x0862, 0x0862, 0x0862,
    0x0862, 0x0862, 0x0862, 0x0862, 0x0862, 0x0862, 0x0862, 0x0862,
    0x0862, 0x0862, 0x0862, 0x0862, 0x0862, 0x0862, 0x0862, 0x0862,
    0x0862, 0x0923, 0x0903, 0x0903, 0x0903, 0x0903, 0x0903, 0x0903,
    0x0903, 0x0903, 0x0903, 0x0903, 0x0903, 0x0903, 0x0903, 0x0903,
    0x0903, 0x0903, 0x0903, 0x0903, 0x0903, 0x0903, 0x0923, 0x08C2,
    0x0862, 0x0862, 0x0862, 0x08E3, 0x0903, 0x0903, 0x0903, 0x0903,
    0x0903, 0x0903, 0x0903, 0x0903, 0x0903, 0x0903, 0x0903, 0x0903,
    0x0903, 0x0903, 0x0903, 0x0903, 0x0903, 0x0903, 0x0903, 0x0903,
    0x0903, 0x0923, 0x0862, 0x0862, 0x0862, 0x0862, 0x0862, 0x0862,
    0x0862, 0x0862, 0x0862, 0x0862, 0x0862, 0x0862, 0x0862, 0x0862,
    0x0862, 0x0862, 0x2966, 0x2966, 0x2966, 0x2966, 0x2966, 0x2966,
    0x2966, 0x2966, 0x2966, 0x2966, 0x2966, 0x2966, 0x2966, 0x2966,
    0x2966, 0x2966, 0x2966, 0x2966, 0x2966, 0x2966, 0x2105, 0x0862,
    0x0862, 0x0862, 0x0862, 0x0862, 0x0862, 0x0862, 0x2145, 0x2966,
    0x2966, 0x2966, 0x2966, 0x2966, 0x2966, 0x2966, 0x2966, 0x2966,
    0x2966, 0x2966, 0x2966, 0x2966, 0x2966, 0x2966, 0x2966, 0x2966,
    0x2966, 0x2966, 0x2966, 0x2966, 0x1904, 0x0862, 0x0862, 0x0862,
    0x0862, 0x0862, 0x2966, 0x2966, 0x2966, 0x2966, 0x2966, 0x2966,
    0x2966, 0x2966, 0x2966, 0x2966, 0x2966, 0x2966, 0x2966, 0x2966,
    0x2966, 0x2966, 0x2966, 0x2966, 0x2966, 0x2105, 0x0862, 0x0862,
    0x0862, 0x0862, 0x0862, 0x0862, 0x0862, 0x0862, 0x0862, 0x0862,
    0x0862, 0x0862, 0x0862, 0x0862, 0x0862, 0x0862, 0x0862, 0x0862,
    0x0862, 0x0862, 0x0862, 0x0862, 0x0862, 0x0862, 0x0862, 0x0862,
    0x0862, 0x0862, 0x0862, 0x0862, 0x0862, 0x0862, 0x0862, 0x0862,
    0x0862, 0x0862, 0x0862, 0x0862, 0x0862, 0x0862, 0x0862, 0x0862,
    0x0862, 0x0862, 0x0862, 0x0862, 0x0862, 0x0862, 0x0862, 0x0862,
    0x0862, 0x0862, 0x0862, 0x0862, 0x0862, 0x0862, 0x0862, 0x0862,
    0x0862, 0x0862, 0x0862, 0x0862, 0x0862, 0x0862, 0x0862, 0x0862,
    0x0862, 0x0862, 0x0862, 0x0862, 0x0862, 0x0862, 0x0862, 0x0862,
    0x0862, 0x0862, 0x0862, 0x0862, 0x0862, 0x0862, 0x0862, 0x0862,
    0x0862, 0x0862, 0x0862, 0x0862, 0x0862, 0x0862, 0x0862, 0x0862,
    0x0862, 0x0862, 0x0862, 0x0862, 0x0862, 0x0862, 0x0862, 0x0862,
    0x0862, 0x0862, 0x0862, 0x0862, 0x0862, 0x0862, 0x0862, 0x0862,
    0x0862, 0x0862, 0x0862, 0x0862, 0x0862, 0x0862, 0x0862, 0x0862,
    0x0862, 0x0862, 0x0862, 0x0862, 0x0862, 0x0862, 0x0862, 0x0862,
    0x0862, 0x0862, 0x0862, 0x0862, 0x0862, 0x0862, 0x0862, 0x0862,
    0x0862, 0x0862, 0x0862, 0x0862, 0x0862, 0x0862, 0x0862, 0x0862,
    0x0862, 0x0862, 0x0862, 0x0862, 0x0862, 0x0862, 0x0862, 0x0862,
    0x0862, 0x0862, 0x0862, 0x0862, 0x0862, 0x0862, 0x0862, 0x0862,
    0x0862, 0x0862, 0x0862, 0x0862, 0x0862, 0x0862, 0x0862, 0x0862,
    0x0862, 0x0862, 0x0862, 0x0862, 0x0862, 0x0862, 0x0862, 0x0862,
    0x0862, 0x0862, 0x0862, 0x0862, 0x0862, 0x0862, 0x0862, 0x0862,
    0x0862, 0x0862, 0x0862, 0x0862, 0x0862, 0x0862, 0x0862, 0x0862,
    0x0862, 0x0862, 0x0862, 0x0862, 0x0862, 0x0862, 0x0862, 0x0862,
    0x0862, 0x0862, 0x0862, 0x0862, 0x0862, 0x0862, 0x0862, 0x0862,
    0x0862, 0x0862, 0x0862, 0x0862, 0x0862, 0x0862, 0x0862, 0x0862,
    0x0862, 0x0862, 0x0862, 0x0862, 0x0862, 0x0862, 0x0862, 0x0862,
    0x0862, 0x0862, 0x0862, 0x0862, 0x0862, 0x0862, 0x0862, 0x0862,
    0x0862, 0x0862, 0x0862, 0x0862, 0x0862, 0x0862, 0x0862, 0x0862,
    0x0862, 0x0862, 0x0862, 0x0862, 0x0862, 0x0862, 0x0862, 0x0862,
    0x0862, 0x0862, 0x0862, 0x0862, 0x0862, 0x0862, 0x0862, 0x0862,
    0x0862, 0x0862, 0x0862, 0x0862, 0x0862, 0x0862, 0x0862, 0x0862,
    0x0862, 0x0862, 0x0862, 0x0862, 0x0862, 0x0862, 0x0862, 0x0862,
    0x0862, 0x0862, 0x0862, 0x0862, 0x0862, 0x0862, 0x0862, 0x0862,
    0x0862, 0x0862, 0x0862, 0x0862, 0x0862, 0x0862, 0x0862, 0x0862,
    0x0862, 0x0862, 0x0862, 0x0862, 0x0862, 0x0862, 0x0862, 0x0862,
    0x0862, 0x0862, 0x0862, 0x0862, 0x0862, 0x0862, 0x0862, 0x0862,
    0x0862, 0x0862, 0x0862, 0x0862, 0x0862, 0x0862, 0x0862, 0x0862,
    0x0862, 0x0862, 0x0862, 0x0862, 0x0862, 0x0862, 0x0862, 0x0862,
    0x0862, 0x0862, 0x0862, 0x0862, 0x0862, 0x0862, 0x0862, 0x0862,
    0x0862, 0x0862, 0x0862, 0x0862, 0x0862, 0x0862, 0x0862, 0x0862,
    0x0862, 0x0862, 0x0862, 0x0862, 0x0862, 0x0862, 0x0862, 0x0862,
    0x0862, 0x0862, 0x0862, 0x0862, 0x0862, 0x0862, 0x0862, 0x0862,
    0x0862, 0x0862, 0x0862, 0x0862, 0x0862, 0x0862, 0x0862, 0x0862,
    0x0862, 0x0862, 0x0862, 0x0862, 0x0862, 0x0862, 0x0862, 0x0862,
    0x0862, 0x0862, 0x0862, 0x0862, 0x0862, 0x0862, 0x0862, 0x0862,
    0x0862, 0x0862, 0x0862, 0x0862, 0x0862, 0x0862, 0x0862, 0x0862,
    0x0862, 0x0862, 0x0862, 0x0862, 0x0862, 0x0862, 0x0862, 0x0862,
    0x0862, 0x0862, 0x0862, 0x0862, 0x0862, 0x0862, 0x0862, 0x0862,
    0x0862, 0x0862, 0x0862, 0x0862, 0x0862, 0x0862, 0x0862, 0x0862,
    0x0862, 0x0862, 0x0862, 0x0862, 0x0862, 0x0862, 0x0862, 0x0862,
    0x0862, 0x0862, 0x0862, 0x0862, 0x0862, 0x0862, 0x0862, 0x0862,
    0x0862, 0x0862, 0x0862, 0x0862, 0x0862, 0x0862, 0x0862, 0x0862,
    0x0862, 0x0862, 0x0862, 0x0862, 0x0862, 0x0862, 0x0862, 0x0862,
    0x0862, 0x0862, 0x0862, 0x0862, 0x0862, 0x0862, 0x0862, 0x0862,
    0x0862, 0x0862, 0x0862, 0x0862, 0x0862, 0x0862, 0x0862, 0x0862,
    0x0862, 0x0862, 0x0862, 0x0862, 0x0862, 0x0862, 0x0862, 0x0862,
    0x0862, 0x0862, 0x0862, 0x0862, 0x0862, 0x0862, 0x0862, 0x0862,
    0x0862, 0x0862, 0x0862, 0x0862, 0x0862, 0x0862, 0x0862, 0x0862,
    0x0862, 0x0862, 0x0862, 0x0862, 0x0862, 0x0862, 0x0862, 0x0862,
    0x0862, 0x0862, 0x0862, 0x0862, 0x0862, 0x0862, 0x0862, 0x0862,
    0x0862, 0x0862, 0x0862, 0x0862, 0x0862, 0x0862, 0x0862, 0x0862,
    0x0862, 0x0862, 0x0862, 0x0862, 0x0862, 0x0862, 0x0862, 0x0862,
    0x0862, 0x0862, 0x0862, 0x0862, 0x0862, 0x0862, 0x0862, 0x0862,
    0x0862, 0x0862, 0x0862, 0x0862, 0x0862, 0x0862, 0x0862, 0x0862,
    0x0862, 0x0862, 0x0862, 0x0862, 0x0862, 0x0862, 0x0862, 0x0862,
    0x0862, 0x0862, 0x0862, 0x0862, 0x0862, 0x0862, 0x0862, 0x0862,
    0x0862, 0x0862, 0x0862, 0x0862, 0x0862, 0x0862, 0x0862, 0x0862,
    0x0862, 0x0862, 0x0862, 0x0862, 0x0862, 0x0862, 0x0862, 0x0862,
    0x0862, 0x0862, 0x0862, 0x0862, 0x0862, 0x0862, 0x0862, 0x0862,
    0x0862, 0x0862, 0x0862, 0x0862, 0x0862, 0x0862, 0x0862, 0x0862,
    0x0862, 0x0862, 0x0862, 0x0862, 0x0862, 0x0862, 0x0862, 0x0862,
    0x0862, 0x0862, 0x0862, 0x0862, 0x0862, 0x0862, 0x0862, 0x0862,
    0x0862, 0x0862, 0x0862, 0x0862, 0x0862, 0x0862, 0x0862, 0x0862,
    0x0862, 0x0862, 0x0862, 0x0862, 0x0862, 0x0862, 0x0862, 0x0862,
    0x0862, 0x0862, 0x0862, 0x0862, 0x0862, 0x0862, 0x0862, 0x0862,
    0x0862, 0x0862, 0x0862, 0x0862, 0x0862, 0x0862, 0x0862, 0x0862,
    0x0862, 0x0862, 0x0862, 0x0862, 0x0862, 0x0862, 0x0862, 0x0862,
    0x0862, 0x0862, 0x0862, 0x0862, 0x0862, 0x0862, 0x0862, 0x0862,
    0x0862, 0x0862, 0x0862, 0x0862, 0x0862, 0x0862, 0x0862, 0x0862,
    0x0862, 0x0862, 0x0862, 0x0862, 0x0862, 0x0862, 0x0862, 0x0862,
    0x0862, 0x0862, 0x0862, 0x0862, 0x0862, 0x0862, 0x0862, 0x0862,
    0x0862, 0x0862, 0x0862, 0x0862, 0x0862, 0x0862, 0x0862, 0x0862,
    0x0862, 0x0862, 0x0862, 0x0862, 0x0862, 0x0862, 0x0862, 0x0862,
    0x0862, 0x0862, 0x0862, 0x0862, 0x0862, 0x0862, 0x0862, 0x0862,
    0x0862, 0x0862, 0x0862, 0x0862, 0x0862, 0x0862, 0x0862, 0x0862,
    0x0862, 0x0862, 0x0862, 0x0862, 0x0862, 0x0862, 0x0862, 0x0862,
    0x0862, 0x0862, 0x0862, 0x0862, 0x0862, 0x0862, 0x0862, 0x0862,
    0x0862, 0x0862, 0x0862, 0x0862, 0x0862, 0x0862, 0x0862, 0x0862,
    0x0862, 0x0862, 0x0862, 0x0862, 0x0862, 0x0862, 0x0862, 0x0862,
    0x0862, 0x0862, 0x0862, 0x0862, 0x0862, 0x0862, 0x0862, 0x0862,
    0x0862, 0x0862, 0x0862, 0x0862, 0x0862, 0x0862, 0x0862, 0x0862,
    0x0862, 0x0862, 0x0862, 0x0862, 0x0862, 0x0862, 0x0862, 0x0862,
    0x0862, 0x0862, 0x0862, 0x0862, 0x0862, 0x0862, 0x0862, 0x0862,
    0x0862, 0x0862, 0x0862, 0x0862, 0x0862, 0x0862, 0x0862, 0x0862,
    0x0862, 0x0862, 0x0862, 0x0862, 0x0862, 0x0862, 0x0862, 0x0862,
    0x0862, 0x0862, 0x0862, 0x0862, 0x0862, 0x0862, 0x0862, 0x0862,
    0x0862, 0x0862, 0x0862, 0x0862, 0x0862, 0x0862, 0x0862, 0x0862,
    0x0862, 0x0862, 0x0862, 0x0862, 0x0862, 0x0862, 0x0862, 0x0862,
    0x0862, 0x0862, 0x0862, 0x0862, 0x0862, 0x0862, 0x0862, 0x0862,
    0x0862, 0x0862, 0x0862, 0x0862, 0x0862, 0x0862, 0x0862, 0x0862,
    0x0862, 0x0862, 0x0862, 0x0862, 0x0862, 0x0862, 0x0862, 0x0862,
    0x0862, 0x0862, 0x0862, 0x0862, 0x0862, 0x0862, 0x0862, 0x0862,
    0x0862, 0x0862, 0x0862, 0x0862, 0x0862, 0x0862, 0x0862, 0x0862,
    0x0862, 0x0862, 0x0862, 0x0862, 0x0862, 0x0862, 0x0862, 0x0862,
    0x0862, 0x0862, 0x0862, 0x0862, 0x0862, 0x0862, 0x0862, 0x0862,
    0x0862, 0x0862, 0x0862, 0x0862, 0x0862, 0x0862, 0x0862, 0x0862,
    0x0862, 0x0862, 0x0862, 0x0862, 0x0862, 0x0862, 0x0862, 0x0862,
    0x0862, 0x0862, 0x0862, 0x0862, 0x0862, 0x0862, 0x0862, 0x0862,
    0x0862, 0x0862, 0x0862, 0x0862, 0x0862, 0x0862, 0x0862, 0x0862,
    0x0862, 0x0862, 0x0862, 0x0862, 0x0862, 0x0862, 0x0862, 0x0862,
    0x0862, 0x0862, 0x0862, 0x0862, 0x0862, 0x0862, 0x0862, 0x0862,
    0x0862, 0x0862, 0x0862, 0x0862, 0x0862, 0x0862, 0x0862, 0x0862,
    0x0862, 0x0862, 0x0862, 0x0862, 0x0862, 0x0862, 0x0862, 0x0862,
    0x0862, 0x0862, 0x0862, 0x0862, 0x0862, 0x0862, 0x0862, 0x0862,
    0x0862, 0x0862, 0x0862, 0x0862, 0x0862, 0x0862, 0x0862, 0x0862,
    0x0862, 0x0862, 0x0862, 0x0862, 0x0862, 0x0862, 0x0862, 0x0862,
    0x0862, 0x0862, 0x0862, 0x0862, 0x0862, 0x0862, 0x0862, 0x0862,
    0x0862, 0x0862, 0x0862, 0x0862, 0x0862, 0x0862, 0x0862, 0x0862,
    0x0862, 0x0862, 0x0862, 0x0862, 0x0862, 0x0862, 0x0862, 0x0862,
    0x0862, 0x0862, 0x0862, 0x0862, 0x0862, 0x0862, 0x0862, 0x0862,
    0x0862, 0x0862, 0x0862, 0x0862, 0x0862, 0x0862, 0x0862, 0x0862,
    0x0862, 0x0862, 0x0862, 0x0862, 0x0862, 0x0862, 0x0862, 0x0862,
    0x0862, 0x0862, 0x0862, 0x0862, 0x0862, 0x0862, 0x0862, 0x0862,
    0x0862, 0x0862, 0x0862, 0x0862, 0x0862, 0x0862, 0x0862, 0x0862,
    0x0862, 0x0862, 0x0862, 0x0862, 0x0862, 0x0862, 0x0862, 0x0862,
    0x0862, 0x0862, 0x0862, 0x0862, 0x0862, 0x0862, 0x0862, 0x0862,
    0x0862, 0x0862, 0x0862, 0x0862, 0x0862, 0x0862, 0x0862, 0x0862,
    0x0862, 0x0862, 0x0862, 0x0862, 0x0862, 0x0862, 0x0862, 0x0862,
    0x0862, 0x0862, 0x0862, 0x0862, 0x0862, 0x0862, 0x0862, 0x0862,
    0x0862, 0x0862, 0x0862, 0x0862, 0x0862, 0x0862, 0x0862, 0x0862,
    0x0862, 0x0862, 0x0862, 0x0862, 0x0862, 0x0862, 0x0862, 0x0862,
    0x0862, 0x0862, 0x0862, 0x0862, 0x0862, 0x0862, 0x0862, 0x0862,
    0x0862, 0x0862, 0x0862, 0x0862, 0x0862, 0x0862, 0x0862, 0x0862,
    0x0862, 0x0862, 0x0862, 0x0862, 0x0862, 0x0862, 0x0862, 0x0862,
    0x0862, 0x0862, 0x0862, 0x0862, 0x0862, 0x0862, 0x0862, 0x0862,
    0x0862, 0x0862, 0x0862, 0x0862, 0x0862, 0x0862, 0x0862, 0x0862,
    0x0862, 0x0862, 0x0862, 0x0862, 0x0862, 0x0862, 0x0862, 0x0862,
    0x0862, 0x0862, 0x0862, 0x0862, 0x0862, 0x0862, 0x0862, 0x0862,
    0x0862, 0x0862, 0x0862, 0x0862, 0x0862, 0x0862, 0x0862, 0x0862,
    0x0862, 0x0862, 0x0862, 0x0862, 0x0862, 0x0862, 0x0862, 0x0862,
    0x0862, 0x0862, 0x0862, 0x0862, 0x0862, 0x0862, 0x0862, 0x0862,
    0x0862, 0x0862, 0x0862, 0x0862, 0x0862, 0x0862, 0x0862, 0x0862,
    0x0862, 0x0862, 0x0862, 0x0862, 0x0862, 0x0862, 0x0862, 0x0862,
    0x0862, 0x0862, 0x0862, 0x0862, 0x0862, 0x0862, 0x0862, 0x0862,
    0x0862, 0x0862, 0x0862, 0x0862, 0x0862, 0x0862, 0x0862, 0x0862,
    0x0862, 0x0862, 0x0862, 0x0862, 0x0862, 0x0862, 0x0862, 0x0862,
    0x0862, 0x0862, 0x0862, 0x0862, 0x0862, 0x0862, 0x0862, 0x0862,
    0x0862, 0x0862, 0x0862, 0x0862, 0x0862, 0x0862, 0x0862, 0x0862,
    0x0862, 0x0862, 0x0862, 0x0862, 0x0862, 0x0862, 0x0862, 0x0862,
    0x0862, 0x0862, 0x0862, 0x0862, 0x0862, 0x0862, 0x0862, 0x0862,
    0x0862, 0x0862, 0x0862, 0x0862, 0x0862, 0x0862, 0x0862, 0x0862,
    0x0862, 0x0862, 0x0862, 0x0862, 0x0862, 0x0862, 0x0862, 0x0862,
    0x0862, 0x0862, 0x0862, 0x0862, 0x0862, 0x0862, 0x0862, 0x0862,
    0x0862, 0x0862, 0x0862, 0x0862, 0x0862, 0x0862, 0x0862, 0x0862,
    0x0862, 0x0862, 0x0862, 0x0862, 0x0862, 0x0862, 0x0862, 0x0862,
    0x0862, 0x0862, 0x0862, 0x0862, 0x0862, 0x0862, 0x0862, 0x0862,
    0x0862, 0x0862, 0x0862, 0x0862, 0x0862, 0x0862, 0x0862, 0x0862,
    0x0862, 0x0862, 0x0862, 0x0862, 0x0862, 0x0862, 0x0862, 0x0862,
    0x0862, 0x0862, 0x0862, 0x0862, 0x0862, 0x0862, 0x0862, 0x0862,
    0x0862, 0x0862, 0x0862, 0x0862, 0x0862, 0x0862, 0x0862, 0x0862,
    0x0862, 0x0862, 0x0862, 0x0862, 0x0862, 0x0862, 0x0862, 0x0862,
    0x0862, 0x0862, 0x0862, 0x0862, 0x0862, 0x0862, 0x0862, 0x0862,
    0x0862, 0x0862, 0x0862, 0x0862, 0x0862, 0x0862, 0x0862, 0x0862,
    0x0862, 0x0862, 0x0862, 0x0862, 0x0862, 0x0862, 0x0862, 0x0862,
    0x0862, 0x0862, 0x0862, 0x0862, 0x0862, 0x0862, 0x0862, 0x0862,
    0x0862, 0x0862, 0x0862, 0x0862, 0x0862, 0x0862, 0x0862, 0x0862,
    0x0862, 0x0862, 0x0862, 0x0862, 0x0862, 0x0862, 0x0862, 0x0862,
    0x0862, 0x0862, 0x0862, 0x0862, 0x0862, 0x0862, 0x0862, 0x0862,
    0x0862, 0x0862, 0x0862, 0x0862, 0x0862, 0x0862, 0x0862, 0x0862,
    0x0862, 0x0862, 0x0862, 0x0862, 0x0862, 0x0862, 0x0862, 0x0862,
    0x0862, 0x0862, 0x0862, 0x0862, 0x0862, 0x0862, 0x0862, 0x0862,
    0x0862, 0x0862, 0x0862, 0x0862, 0x0862, 0x0862, 0x0862, 0x0862,
    0x0862, 0x0862, 0x0862, 0x0862, 0x0862, 0x0862, 0x0862, 0x0862,
    0x0862, 0x0862, 0x0862, 0x0862, 0x0862, 0x0862, 0x0862, 0x0862,
    0x0862, 0x0862, 0x0862, 0x0862, 0x0862, 0x0862, 0x0862, 0x0862,
    0x0862, 0x0862, 0x0862, 0x0862, 0x0862, 0x0862, 0x0862, 0x0862,
    0x0862, 0x0862, 0x0862, 0x0862, 0x0862, 0x0862, 0x0862, 0x0862,
    0x0862, 0x0862, 0x0862, 0x0862, 0x0862, 0x0862, 0x0862, 0x0862,
    0x0862, 0x0862, 0x0862, 0x0862, 0x0862, 0x0862, 0x0862, 0x0862,
    0x0862, 0x0862, 0x0862, 0x0862, 0x0862, 0x0862, 0x0862, 0x0862,
    0x0862, 0x0862, 0x0862, 0x0862, 0x0862, 0x0862, 0x0862, 0x0862,
    0x0862, 0x0862, 0x0862, 0x0862, 0x0862, 0x0862, 0x0862, 0x0862,
    0x0862, 0x0862, 0x0862, 0x0862, 0x0862, 0x0862, 0x0862, 0x0862,
    0x0862, 0x0862, 0x0862, 0x0862, 0x0862, 0x0862, 0x0862, 0x0862,
    0x0862, 0x0862, 0x0862, 0x0862, 0x0862, 0x0862, 0x0862, 0x0862,
    0x0862, 0x0862, 0x0862, 0x0862, 0x0862, 0x0862, 0x0862, 0x0862,
    0x0862, 0x0862, 0x0862, 0x0862, 0x0862, 0x0862, 0x0862, 0x0862,
    0x0862, 0x0862, 0x0862, 0x0862, 0x0862, 0x0862, 0x0862, 0x0862,
    0x0862, 0x0862, 0x0862, 0x0862, 0x0862, 0x0862, 0x0862, 0x0862,
    0x0862, 0x0862, 0x0862, 0x0862, 0x0862, 0x0862, 0x0862, 0x0862,
    0x0862, 0x0862, 0x0862, 0x0862, 0x0862, 0x0862, 0x0862, 0x0862,
    0x0862, 0x0862, 0x0862, 0x0862, 0x0862, 0x0862, 0x0862, 0x0862,
    0x0862, 0x0862, 0x0862, 0x0862, 0x0862, 0x0862, 0x0862, 0x0862,
    0x0862, 0x0862, 0x0862, 0x0862, 0x0862, 0x0862, 0x0862, 0x0862,
    0x0862, 0x0862, 0x0862, 0x0862, 0x0862, 0x0862, 0x0862, 0x0862,
    0x0862, 0x0862, 0x0862, 0x0862, 0x0862, 0x0862, 0x0862, 0x0862,
    0x0862, 0x0862, 0x0862, 0x0862, 0x0862, 0x0862, 0x0862, 0x0862,
    0x0862, 0x0862, 0x0862, 0x0862, 0x0862, 0x0862, 0x0862, 0x0862,
    0x0862, 0x0862, 0x0862, 0x0862, 0x0862, 0x0862, 0x0862, 0x0862,
    0x0862, 0x0862, 0x0862, 0x0862, 0x0862, 0x0862, 0x0862, 0x0862,
    0x0862, 0x0862, 0x0862, 0x0862, 0x0862, 0x0862, 0x0862, 0x0862,
    0x0862, 0x0862, 0x0862, 0x0862, 0x0862, 0x0862, 0x0862, 0x0862,
    0x0862, 0x0862, 0x0862, 0x0862, 0x0862, 0x0862, 0x0862, 0x0862,
    0x0862, 0x0862, 0x0862, 0x0862, 0x0862, 0x0862, 0x0862, 0x0862,
    0x0862, 0x0862, 0x0862, 0x0862, 0x0862, 0x0862, 0x0862, 0x0862,
    0x0862, 0x0862, 0x0862, 0x0862, 0x0862, 0x0862, 0x0862, 0x0862,
    0x0862, 0x0862, 0x0862, 0x0862, 0x0862, 0x0862, 0x0862, 0x0862,
    0x0862, 0x0862, 0x0862, 0x0862, 0x0862, 0x0862, 0x0862, 0x0862,
    0x0862, 0x0862, 0x0862, 0x0862, 0x0862, 0x0862, 0x0862, 0x0862,
    0x0862, 0x0862, 0x0862, 0x0862, 0x0862, 0x0862, 0x0862, 0x0862,
    0x0862, 0x0862, 0x0862, 0x0862, 0x0862, 0x0862, 0x0862, 0x0862,
    0x0862, 0x0862, 0x0862, 0x0862, 0x0862, 0x0862, 0x0862, 0x0862,
    0x0862, 0x0862, 0x0862, 0x0862, 0x0862, 0x0862, 0x0862, 0x0862,
    0x0862, 0x0862, 0x0862, 0x0862, 0x0862, 0x0862, 0x0862, 0x0862,
    0x0862, 0x0862, 0x0862, 0x0862, 0x0862, 0x0862, 0x0862, 0x0862,
    0x0862, 0x0862, 0x0862, 0x0862, 0x0862, 0x0862, 0x0862, 0x0862,
    0x0862, 0x0862, 0x0862, 0x0862, 0x0862, 0x0862, 0x0862, 0x0862,
    0x0862, 0x0862, 0x0862, 0x0862, 0x0862, 0x0862, 0x0862, 0x0862,
    0x0862, 0x0862, 0x0862, 0x0862, 0x0862, 0x0862, 0x0862, 0x0862,
    0x0862, 0x0862, 0x0862, 0x0862, 0x0862, 0x0862, 0x0862, 0x0862,
    0x0862, 0x0862, 0x0862, 0x0862, 0x0862, 0x0862, 0x0862, 0x0862,
    0x0862, 0x0862, 0x0862, 0x0862, 0x0862, 0x0862, 0x0862, 0x0862,
    0x0862, 0x0862, 0x0862, 0x0862, 0x0862, 0x0862, 0x0862, 0x0862,
    0x0862, 0x0862, 0x0862, 0x0862, 0x0862, 0x0862, 0x0862, 0x0862,
    0x0862, 0x0862, 0x0862, 0x0862, 0x0862, 0x0862, 0x0862, 0x0862,
    0x0862, 0x0862, 0x0862, 0x0862, 0x0862, 0x0862, 0x0862, 0x0862,
    0x0862, 0x0862, 0x0862, 0x0862, 0x0862, 0x0862, 0x0862, 0x0862,
    0x0862, 0x0862, 0x0862, 0x0862, 0x0862, 0x0862, 0x0862, 0x0862,
    0x0862, 0x0862, 0x0862, 0x0862, 0x0862, 0x0862, 0x0862, 0x0862,
    0x0862, 0x0862, 0x0862, 0x0862, 0x0862, 0x0862, 0x0862, 0x0862,
    0x0862, 0x0862, 0x0862, 0x0862, 0x0862, 0x0862, 0x0862, 0x0862,
    0x0862, 0x0862, 0x0862, 0x0862, 0x0862, 0x0862, 0x0862, 0x0862,
    0x0862, 0x0862, 0x0862, 0x0862, 0x0862, 0x0862, 0x0862, 0x0862,
    0x0862, 0x0862, 0x0862, 0x0862, 0x0862, 0x0862, 0x0862, 0x0862,
    0x0862, 0x0862, 0x0862, 0x0862, 0x0862, 0x0862, 0x0862, 0x0862,
    0x0862, 0x0862, 0x0862, 0x0862, 0x0862, 0x0862, 0x0862, 0x0862,
    0x0862, 0x0862, 0x0862, 0x0862, 0x0862, 0x0862, 0x0862, 0x0862,
    0x0862, 0x0862, 0x0862, 0x0862, 0x0862, 0x0862, 0x0862, 0x0862,
    0x0862, 0x0862, 0x0862, 0x0862, 0x0862, 0x0862, 0x0862, 0x0862,
    0x0862, 0x0862, 0x0862, 0x0862, 0x0862, 0x0862, 0x0862, 0x0862,
    0x0862, 0x0862, 0x0862, 0x0862, 0x0862, 0x0862, 0x0862, 0x0862,
    0x0862, 0x0862, 0x0862, 0x0862, 0x0862, 0x0862, 0x0862, 0x0862,
    0x0862, 0x0862, 0x0862, 0x0862, 0x0862, 0x0862, 0x0862, 0x0862,
    0x0862, 0x0862, 0x0862, 0x0862, 0x0862, 0x0862, 0x0862, 0x0862,
    0x0862, 0x0862, 0x0862, 0x0862, 0x0862, 0x0862, 0x0862, 0x0862,
    0x0862, 0x0862, 0x0862, 0x0862, 0x0862, 0x0862, 0x0862, 0x0862,
    0x0862, 0x0862, 0x0862, 0x0862, 0x0862, 0x0862, 0x0862, 0x0862,
    0x0862, 0x0862, 0x0862, 0x0862, 0x0862, 0x0862, 0x0862, 0x0862,
    0x0862, 0x0862, 0x0862, 0x0862, 0x0862, 0x0862, 0x0862, 0x0862,
    0x0862, 0x0862, 0x0862, 0x0862, 0x0862, 0x0862, 0x0862, 0x0862,
    0x0862, 0x0862, 0x0862, 0x0862, 0x0862, 0x0862, 0x0862, 0x0862,
    0x0862, 0x0862, 0x0862, 0x0862, 0x0862, 0x0862, 0x0862, 0x0862,
    0x0862, 0x0862, 0x0862, 0x0862, 0x0862, 0x0862, 0x0862, 0x0862,
    0x0862, 0x0862, 0x0862, 0x0862, 0x0862, 0x0862, 0x0862, 0x0862,
    0x0862, 0x0862, 0x0862, 0x0862, 0x0862, 0x0862, 0x0862, 0x0862,
    0x0862, 0x0862, 0x0862, 0x0862, 0x0862, 0x0862, 0x0862, 0x0862,
    0x0862, 0x0862, 0x0862, 0x0862, 0x0862, 0x0862, 0x0862, 0x0862,
    0x0862, 0x0862, 0x0862, 0x0862, 0x0862, 0x0862, 0x0862, 0x0862,
    0x0862, 0x0862, 0x0862, 0x0862, 0x0862, 0x0862, 0x0862, 0x0862,
    0x0862, 0x0862, 0x0862, 0x0862, 0x0862, 0x0862, 0x0862, 0x0862,
    0x0862, 0x0862, 0x0862, 0x0862, 0x0862, 0x0862, 0x0862, 0x0862,
    0x0862, 0x0862, 0x0862, 0x0862, 0x0862, 0x0862, 0x0862, 0x0862,
    0x0862, 0x0862, 0x0862, 0x0862, 0x0862, 0x0862, 0x0862, 0x0862,
    0x0862, 0x0862, 0x0862, 0x0862, 0x0862, 0x0862, 0x0862, 0x0862,
    0x0862, 0x0862, 0x0862, 0x0862, 0x0862, 0x0862, 0x0862, 0x0862,
    0x0862, 0x0862, 0x0862, 0x0862, 0x0862, 0x0862, 0x0862, 0x0862,
    0x0862, 0x0862, 0x0862, 0x0862, 0x0862, 0x0862, 0x0862, 0x0862,
    0x0862, 0x0862, 0x0862, 0x0862, 0x0862, 0x0862, 0x0862, 0x0862,
    0x0862, 0x0862, 0x0862, 0x0862, 0x0862, 0x0862, 0x0862, 0x0862,
    0x0862, 0x0862, 0x0862, 0x0862, 0x0862, 0x0862, 0x0862, 0x0862,
    0x0862, 0x0862, 0x0862, 0x0862, 0x0862, 0x0862, 0x0862, 0x0862,
    0x0862, 0x0862, 0x0862, 0x0862, 0x0862, 0x0862, 0x0862, 0x0862,
    0x0862, 0x0862, 0x0862, 0x0862, 0x0862, 0x0862, 0x0862, 0x0862,
    0x0862, 0x0862, 0x0862, 0x0862, 0x0862, 0x0862, 0x0862, 0x0862,
    0x0862, 0x0862, 0x0862, 0x0862, 0x0862, 0x0862, 0x0862, 0x0862,
    0x0862, 0x0862, 0x0862, 0x0862, 0x0862, 0x0862, 0x0862, 0x0862,
    0x0862, 0x0862, 0x0862, 0x0862, 0x0862, 0x0862, 0x0862, 0x0862,
    0x0862, 0x0862, 0x0862, 0x0862, 0x0862, 0x0862, 0x0862, 0x0862,
    0x0862, 0x0862, 0x0862, 0x0862, 0x0862, 0x0862, 0x0862, 0x0862,
    0x0862, 0x0862, 0x0862, 0x0862, 0x0862, 0x0862, 0x0862, 0x0862,
    0x0862, 0x0862, 0x0862, 0x0862, 0x0862, 0x0862, 0x0862, 0x0862,
    0x0862, 0x0862, 0x0862, 0x0862, 0x0862, 0x0862, 0x0862, 0x0862,
    0x0862, 0x0862, 0x0862, 0x0862, 0x0862, 0x0862, 0x0862, 0x0862,
    0x0862, 0x0862, 0x0862, 0x0862, 0x0862, 0x0862, 0x0862, 0x0862,
    0x0862, 0x0862, 0x0862, 0x0862, 0x0862, 0x0862, 0x0862, 0x0862,
    0x0862, 0x0862, 0x0862, 0x0862, 0x0862, 0x0862, 0x0862, 0x0862,
    0x0862, 0x0862, 0x0862, 0x0862, 0x0862, 0x0862, 0x0862, 0x0862,
    0x0862, 0x0862, 0x0862, 0x0862, 0x0862, 0x0862, 0x0862, 0x0862,
    0x0862, 0x0862, 0x0862, 0x0862, 0x0862, 0x0862, 0x0862, 0x0862,
    0x0862, 0x0862, 0x0862, 0x0862, 0x0862, 0x0862, 0x0862, 0x0862,
    0x0862, 0x0862, 0x0862, 0x0862, 0x0862, 0x0862, 0x0862, 0x0862,
    0x0862, 0x0862, 0x0862, 0x0862, 0x0862, 0x0862, 0x0862, 0x0862,
    0x0862, 0x0862, 0x0862, 0x0862, 0x0862, 0x0862, 0x0862, 0x0862,
    0x0862, 0x0862, 0x0862, 0x0862, 0x0862, 0x0862, 0x0862, 0x0862,
    0x0862, 0x0862, 0x0862, 0x0862, 0x0862, 0x0862, 0x0862, 0x0862,
    0x0862, 0x0862, 0x0862, 0x0862, 0x0862, 0x0862, 0x0862, 0x0862,
    0x0862, 0x0862, 0x0862, 0x0862, 0x0862, 0x0862, 0x0862, 0x0862,
    0x0862, 0x0862, 0x0862, 0x0862, 0x0862, 0x0862, 0x0862, 0x0862,
    0x0862, 0x0862, 0x0862, 0x0862, 0x0862, 0x0862, 0x0862, 0x0862,
    0x0862, 0x0862, 0x0862, 0x0862, 0x0862, 0x0862, 0x0862, 0x0862,
    0x0862, 0x0862, 0x0862, 0x0862, 0x0862, 0x0862, 0x0862, 0x0862,
    0x0862, 0x0862, 0x0862, 0x0862, 0x0862, 0x0862, 0x0862, 0x0862,
    0x0862, 0x0862, 0x0862, 0x0862, 0x0862, 0x0862, 0x0862, 0x0862,
    0x0862, 0x0862, 0x0862, 0x0862, 0x0862, 0x0862, 0x0862, 0x0862,
    0x0862, 0x0862, 0x0862, 0x0862, 0x0862, 0x0862, 0x0862, 0x0862,
    0x0862, 0x0862, 0x0862, 0x0862, 0x0862, 0x0862, 0x0862, 0x0862,
    0x0862, 0x0862, 0x0862, 0x0862, 0x0862, 0x0862, 0x0862, 0x0862,
    0x0862, 0x0862, 0x0862, 0x0862, 0x0862, 0x0862, 0x0862, 0x0862,
    0x0862, 0x0862, 0x0862, 0x0862, 0x0862, 0x0862, 0x0862, 0x0862,
    0x0862, 0x0862, 0x0862, 0x0862, 0x0862, 0x0862, 0x0862, 0x0862,
};

const lv_image_dsc_t logo_bambu_img = {
    .header = { .w = 240, .h = 87, .cf = LV_COLOR_FORMAT_NATIVE },
    .data = (const uint8_t *)logo_bambu_px,
    .data_size = sizeof(logo_bambu_px),
};
