// party_award_b.c —— 酒神结算图(RGB565 240x320,黑金奢华)。
// 由 tools/gen_award_c.py 生成,勿手改。
#include "lvgl.h"

#ifndef LV_ATTRIBUTE_IMG_DATA
#define LV_ATTRIBUTE_IMG_DATA const
#endif

static LV_ATTRIBUTE_IMG_DATA uint16_t party_award_b_px[] = {
    0xFE89, 0xFE89, 0xFE89, 0xFE89, 0xFE89, 0xFE89, 0xFE89, 0xFE89,
    0xFE89, 0xFE89, 0xFE89, 0xFE89, 0xFE89, 0xFE89, 0xFE89, 0xFE89,
    0xFE89, 0xFE89, 0xFE89, 0xFE89, 0xFE89, 0xFE89, 0xFE89, 0xFE89,
    0xFE89, 0xFE89, 0xFE89, 0xFE89, 0xFE89, 0xFE89, 0xFE89, 0xFE89,
    0xFE89, 0xFE89, 0xFE89, 0xFE89, 0xFE89, 0xFE89, 0xFE89, 0xFE89,
    0xFE89, 0xFE89, 0xFE89, 0xFE89, 0xFE89, 0xFE89, 0xFE89, 0xFE89,
    0xFE89, 0xFE89, 0xFE89, 0xFE89, 0xFE89, 0xFE89, 0xFE89, 0xFE89,
    0xFE89, 0xFE89, 0xFE89, 0xFE89, 0xFE89, 0xFE89, 0xFE89, 0xFE89,
    0xFE89, 0xFE89, 0xFE89, 0xFE89, 0xFE89, 0xFE89, 0xFE89, 0xFE89,
    0xFE89, 0xFE89, 0xFE89, 0xFE89, 0xFE89, 0xFE89, 0xFE89, 0xFE89,
    0xFE89, 0xFE89, 0xFE89, 0xFE89, 0xFE89, 0xFE89, 0xFE89, 0xFE89,
    0xFE89, 0xFE89, 0xFE89, 0xFE89, 0xFE89, 0xFE89, 0xFE89, 0xFE89,
    0xFE89, 0xFE89, 0xFE89, 0xFE89, 0xFE89, 0xFE89, 0xFE89, 0xFE89,
    0xFE89, 0xFE89, 0xFE89, 0xFE89, 0xFE89, 0xFE89, 0xFE89, 0xFE89,
    0xFE89, 0xFE89, 0xFE89, 0xFE89, 0xFE89, 0xFE89, 0xFE89, 0xFE89,
    0xFE89, 0xFE89, 0xFE89, 0xFE89, 0xFE89, 0xFE89, 0xFE89, 0xFE89,
    0xFE89, 0xFE89, 0xFE89, 0xFE89, 0xFE89, 0xFE89, 0xFE89, 0xFE89,
    0xFE89, 0xFE89, 0xFE89, 0xFE89, 0xFE89, 0xFE89, 0xFE89, 0xFE89,
    0xFE89, 0xFE89, 0xFE89, 0xFE89, 0xFE89, 0xFE89, 0xFE89, 0xFE89,
    0xFE89, 0xFE89, 0xFE89, 0xFE89, 0xFE89, 0xFE89, 0xFE89, 0xFE89,
    0xFE89, 0xFE89, 0xFE89, 0xFE89, 0xFE89, 0xFE89, 0xFE89, 0xFE89,
    0xFE89, 0xFE89, 0xFE89, 0xFE89, 0xFE89, 0xFE89, 0xFE89, 0xFE89,
    0xFE89, 0xFE89, 0xFE89, 0xFE89, 0xFE89, 0xFE89, 0xFE89, 0xFE89,
    0xFE89, 0xFE89, 0xFE89, 0xFE89, 0xFE89, 0xFE89, 0xFE89, 0xFE89,
    0xFE89, 0xFE89, 0xFE89, 0xFE89, 0xFE89, 0xFE89, 0xFE89, 0xFE89,
    0xFE89, 0xFE89, 0xFE89, 0xFE89, 0xFE89, 0xFE89, 0xFE89, 0xFE89,
    0xFE89, 0xFE89, 0xFE89, 0xFE89, 0xFE89, 0xFE89, 0xFE89, 0xFE89,
    0xFE89, 0xFE89, 0xFE89, 0xFE89, 0xFE89, 0xFE89, 0xFE89, 0xFE89,
    0xFE89, 0xFE89, 0xFE89, 0xFE89, 0xFE89, 0xFE89, 0xFE89, 0xFE89,
    0xFE89, 0xFE89, 0xFE89, 0xFE89, 0xFE89, 0xFE89, 0xFE89, 0xFE89,
    0xFE89, 0xFE89, 0xFE89, 0xFE89, 0xFE89, 0xFE89, 0xFE89, 0xFE89,
    0xFE89, 0xFE89, 0xFE89, 0xFE89, 0xFE89, 0xFE89, 0xFE89, 0xFE89,
    0xFE89, 0xFE89, 0xFE89, 0xFE89, 0xFE89, 0xFE89, 0xFE89, 0xFE89,
    0xFE89, 0xFE89, 0xFE89, 0xFE89, 0xFE89, 0xFE89, 0xFE89, 0xFE89,
    0xFE89, 0xFE89, 0xFE89, 0xFE89, 0xFE89, 0xFE89, 0xFE89, 0xFE89,
    0xFE89, 0xFE89, 0xFE89, 0xFE89, 0xFE89, 0xFE89, 0xFE89, 0xFE89,
    0xFE89, 0xFE89, 0xFE89, 0xFE89, 0xFE89, 0xFE89, 0xFE89, 0xFE89,
    0xFE89, 0xFE89, 0xFE89, 0xFE89, 0xFE89, 0xFE89, 0xFE89, 0xFE89,
    0xFE89, 0xFE89, 0xFE89, 0xFE89, 0xFE89, 0xFE89, 0xFE89, 0xFE89,
    0xFE89, 0xFE89, 0xFE89, 0xFE89, 0xFE89, 0xFE89, 0xFE89, 0xFE89,
    0xFE89, 0xFE89, 0xFE89, 0xFE89, 0xFE89, 0xFE89, 0xFE89, 0xFE89,
    0xFE89, 0xFE89, 0xFE89, 0xFE89, 0xFE89, 0xFE89, 0xFE89, 0xFE89,
    0xFE89, 0xFE89, 0xFE89, 0xFE89, 0xFE89, 0xFE89, 0xFE89, 0xFE89,
    0xFE89, 0xFE89, 0xFE89, 0xFE89, 0xFE89, 0xFE89, 0xFE89, 0xFE89,
    0xFE89, 0xFE89, 0xFE89, 0xFE89, 0xFE89, 0xFE89, 0xFE89, 0xFE89,
    0xFE89, 0xFE89, 0xFE89, 0xFE89, 0xFE89, 0xFE89, 0xFE89, 0xFE89,
    0xFE89, 0xFE89, 0xFE89, 0xFE89, 0xFE89, 0xFE89, 0xFE89, 0xFE89,
    0xFE89, 0xFE89, 0xFE89, 0xFE89, 0xFE89, 0xFE89, 0xFE89, 0xFE89,
    0xFE89, 0xFE89, 0xFE89, 0xFE89, 0xFE89, 0xFE89, 0xFE89, 0xFE89,
    0xFE89, 0xFE89, 0xFE89, 0xFE89, 0xFE89, 0xFE89, 0xFE89, 0xFE89,
    0xFE89, 0xFE89, 0xFE89, 0xFE89, 0xFE89, 0xFE89, 0xFE89, 0xFE89,
    0xFE89, 0xFE89, 0xFE89, 0xFE89, 0xFE89, 0xFE89, 0xFE89, 0xFE89,
    0xFE89, 0xFE89, 0xFE89, 0xFE89, 0xFE89, 0xFE89, 0xFE89, 0xFE89,
    0xFE89, 0xFE89, 0xFE89, 0xFE89, 0xFE89, 0xFE89, 0xFE89, 0xFE89,
    0xFE89, 0xFE89, 0xFE89, 0xFE89, 0xFE89, 0xFE89, 0xFE89, 0xFE89,
    0xFE89, 0xFE89, 0xFE89, 0xFE89, 0xFE89, 0xFE89, 0xFE89, 0xFE89,
    0xFE89, 0xFE89, 0xFE89, 0xFE89, 0xFE89, 0xFE89, 0xFE89, 0xFE89,
    0xFE89, 0xFE89, 0xFE89, 0xFE89, 0xFE89, 0xFE89, 0xFE89, 0xFE89,
    0xFE89, 0xFE89, 0xFE89, 0xFE89, 0xFE89, 0xFE89, 0xFE89, 0xFE89,
    0xFE89, 0xFE89, 0xFE89, 0xFE89, 0xFE89, 0xFE89, 0xFE89, 0xFE89,
    0xFE89, 0xFE89, 0xFE89, 0xFE89, 0xFE89, 0xFE89, 0xFE89, 0xFE89,
    0xFE89, 0xFE89, 0xFE89, 0xFE89, 0xFE89, 0xFE89, 0xFE89, 0xFE89,
    0xFE89, 0xFE89, 0xFE89, 0xFE89, 0xFE89, 0xFE89, 0xFE89, 0xFE89,
    0xFE89, 0xFE89, 0xFE89, 0xFE89, 0xFE89, 0xFE89, 0xFE89, 0xFE89,
    0xFE89, 0xFE89, 0xFE89, 0xFE89, 0xFE89, 0xFE89, 0xFE89, 0xFE89,
    0xFE89, 0xFE89, 0xFE89, 0xFE89, 0xFE89, 0xFE89, 0xFE89, 0xFE89,
    0xFE89, 0xFE89, 0xFE89, 0xFE89, 0xFE89, 0xFE89, 0xFE89, 0xFE89,
    0xFE89, 0xFE89, 0xFE89, 0xFE89, 0xFE89, 0xFE89, 0xFE89, 0xFE89,
    0xFE89, 0xFE89, 0xFE89, 0xFE89, 0xFE89, 0xFE89, 0xFE89, 0xFE89,
    0xFE89, 0xFE89, 0xFE89, 0xFE89, 0xFE89, 0xFE89, 0xFE89, 0xFE89,
    0xFE89, 0xFE89, 0xFE89, 0xFE89, 0xFE89, 0xFE89, 0xFE89, 0xFE89,
    0xFE89, 0xFE89, 0xFE89, 0xFE89, 0xFE89, 0xFE89, 0xFE89, 0xFE89,
    0xFE89, 0xFE89, 0xFE89, 0xFE89, 0xFE89, 0xFE89, 0xFE89, 0xFE89,
    0xFE89, 0xFE89, 0xFE89, 0xFE89, 0xFE89, 0xFE89, 0xFE89, 0xFE89,
    0xFE89, 0xFE89, 0xFE89, 0xFE89, 0xFE89, 0xFE89, 0xFE89, 0xFE89,
    0xFE89, 0xFE89, 0xFE89, 0xFE89, 0xFE89, 0xFE89, 0xFE89, 0xFE89,
    0xFE89, 0xFE89, 0xFE89, 0xFE89, 0xFE89, 0xFE89, 0xFE89, 0xFE89,
    0xFE89, 0xFE89, 0xFE89, 0xFE89, 0xFE89, 0xFE89, 0xFE89, 0xFE89,
    0xFE89, 0xFE89, 0xFE89, 0xFE89, 0xFE89, 0xFE89, 0xFE89, 0xFE89,
    0xFE89, 0xFE89, 0xFE89, 0xFE89, 0xFE89, 0xFE89, 0xFE89, 0xFE89,
    0xFE89, 0xFE89, 0xFE89, 0xFE89, 0xFE89, 0xFE89, 0xFE89, 0xFE89,
    0xFE89, 0xFE89, 0xFE89, 0xFE89, 0xFE89, 0xFE89, 0xFE89, 0xFE89,
    0xFE89, 0xFE89, 0xFE89, 0xFE89, 0xFE89, 0xFE89, 0xFE89, 0xFE89,
    0xFE89, 0xFE89, 0xFE89, 0xFE89, 0xFE89, 0xFE89, 0xFE89, 0xFE89,
    0xFE89, 0xFE89, 0xFE89, 0xFE89, 0xFE89, 0xFE89, 0xFE89, 0xFE89,
    0xFE89, 0xFE89, 0xFE89, 0xFE89, 0xFE89, 0xFE89, 0xFE89, 0xFE89,
    0xFE89, 0xFE89, 0xFE89, 0xFE89, 0xFE89, 0xFE89, 0xFE89, 0xFE89,
    0xFE89, 0xFE89, 0xFE89, 0xFE89, 0xFE89, 0xFE89, 0xFE89, 0xFE89,
    0xFE89, 0xFE89, 0xFE89, 0xFE89, 0xFE89, 0xFE89, 0xFE89, 0xFE89,
    0xFE89, 0xFE89, 0xFE89, 0xFE89, 0xFE89, 0xFE89, 0xFE89, 0xFE89,
    0x10A4, 0x10A4, 0x10A4, 0x10A4, 0x10A4, 0x10A4, 0x10A4, 0x10A4,
    0x10A4, 0x10A4, 0x10A4, 0x10A4, 0x10A4, 0x10A4, 0x10A4, 0x10A4,
    0x10A4, 0x10A4, 0x10A4, 0x10A4, 0x10A4, 0x10A4, 0x10A4, 0x10A4,
    0x10A4, 0x10A4, 0x10A4, 0x10A4, 0x10A4, 0x10A4, 0x10A4, 0x10A4,
    0x10A4, 0x10A4, 0x10A4, 0x10A4, 0x10A4, 0x10A4, 0x10A4, 0x10A4,
    0x10A4, 0x10A4, 0x10A4, 0x10A4, 0x10A4, 0x10A4, 0x10A4, 0x10A4,
    0x10A4, 0x10A4, 0x10A4, 0x10A4, 0x10A4, 0x10A4, 0x10A4, 0x10A4,
    0x10A4, 0x10A4, 0x10A4, 0x10A4, 0x10A4, 0x10A4, 0x10A4, 0x10A4,
    0x10A4, 0x10A4, 0x10A4, 0x10A4, 0x10A4, 0x10A4, 0x10A4, 0x10A4,
    0x10A4, 0x10A4, 0x10A4, 0x10A4, 0x10A4, 0x10A4, 0x10A4, 0x10A4,
    0x10A4, 0x10A4, 0x10A4, 0x10A4, 0x10A4, 0x10A4, 0x10A4, 0x10A4,
    0x10A4, 0x10A4, 0x10A4, 0x10A4, 0x10A4, 0x10A4, 0x10A4, 0x10A4,
    0x10A4, 0x10A4, 0x10A4, 0x10A4, 0x10A4, 0x10A4, 0x10A4, 0x10A4,
    0x10A4, 0x10A4, 0x10A4, 0x10A4, 0x10A4, 0x10A4, 0x10A4, 0x10A4,
    0x10A4, 0x10A4, 0x10A4, 0x10A4, 0x10A4, 0x10A4, 0x10A4, 0x10A4,
    0x10A4, 0x10A4, 0x10A4, 0x10A4, 0x10A4, 0x10A4, 0x10A4, 0x10A4,
    0x10A4, 0x10A4, 0x10A4, 0x10A4, 0x10A4, 0x10A4, 0x10A4, 0x10A4,
    0x10A4, 0x10A4, 0x10A4, 0x10A4, 0x10A4, 0x10A4, 0x10A4, 0x10A4,
    0x10A4, 0x10A4, 0x10A4, 0x10A4, 0x10A4, 0x10A4, 0x10A4, 0x10A4,
    0x10A4, 0x10A4, 0x10A4, 0x10A4, 0x10A4, 0x10A4, 0x10A4, 0x10A4,
    0x10A4, 0x10A4, 0x10A4, 0x10A4, 0x10A4, 0x10A4, 0x10A4, 0x10A4,
    0x10A4, 0x10A4, 0x10A4, 0x10A4, 0x10A4, 0x10A4, 0x10A4, 0x10A4,
    0x10A4, 0x10A4, 0x10A4, 0x10A4, 0x10A4, 0x10A4, 0x10A4, 0x10A4,
    0x10A4, 0x10A4, 0x10A4, 0x10A4, 0x10A4, 0x10A4, 0x10A4, 0x10A4,
    0x10A4, 0x10A4, 0x10A4, 0x10A4, 0x10A4, 0x10A4, 0x10A4, 0x10A4,
    0x10A4, 0x10A4, 0x10A4, 0x10A4, 0x10A4, 0x10A4, 0x10A4, 0x10A4,
    0x10A4, 0x10A4, 0x10A4, 0x10A4, 0x10A4, 0x10A4, 0x10A4, 0x10A4,
    0x10A4, 0x10A4, 0x10A4, 0x10A4, 0x10A4, 0x10A4, 0x10A4, 0x10A4,
    0x10A4, 0x10A4, 0x10A4, 0x10A4, 0x10A4, 0x10A4, 0x10A4, 0x10A4,
    0x10A4, 0x10A4, 0x10A4, 0x10A4, 0x10A4, 0x10A4, 0x10A4, 0x10A4,
    0x10A4, 0x10A4, 0x10A4, 0x10A4, 0x10A4, 0x10A4, 0x10A4, 0x10A4,
    0x10A4, 0x10A4, 0x10A4, 0x10A4, 0x10A4, 0x10A4, 0x10A4, 0x10A4,
    0x10A4, 0x10A4, 0x10A4, 0x10A4, 0x10A4, 0x10A4, 0x10A4, 0x10A4,
    0x10A4, 0x10A4, 0x10A4, 0x10A4, 0x10A4, 0x10A4, 0x10A4, 0x10A4,
    0x10A4, 0x10A4, 0x10A4, 0x10A4, 0x10A4, 0x10A4, 0x10A4, 0x10A4,
    0x10A4, 0x10A4, 0x10A4, 0x10A4, 0x10A4, 0x10A4, 0x10A4, 0x10A4,
    0x10A4, 0x10A4, 0x10A4, 0x10A4, 0x10A4, 0x10A4, 0x10A4, 0x10A4,
    0x10A4, 0x10A4, 0x10A4, 0x10A4, 0x10A4, 0x10A4, 0x10A4, 0x10A4,
    0x10A4, 0x10A4, 0x10A4, 0x10A4, 0x10A4, 0x10A4, 0x10A4, 0x10A4,
    0x10A4, 0x10A4, 0x10A4, 0x10A4, 0x10A4, 0x10A4, 0x10A4, 0x10A4,
    0x10A4, 0x10A4, 0x10A4, 0x10A4, 0x10A4, 0x10A4, 0x10A4, 0x10A4,
    0x10A4, 0x10A4, 0x10A4, 0x10A4, 0x10A4, 0x10A4, 0x10A4, 0x10A4,
    0x10A4, 0x10A4, 0x10A4, 0x10A4, 0x10A4, 0x10A4, 0x10A4, 0x10A4,
    0x10A4, 0x10A4, 0x10A4, 0x10A4, 0x10A4, 0x10A4, 0x10A4, 0x10A4,
    0x10A4, 0x10A4, 0x10A4, 0x10A4, 0x10A4, 0x10A4, 0x10A4, 0x10A4,
    0x10A4, 0x10A4, 0x10A4, 0x10A4, 0x10A4, 0x10A4, 0x10A4, 0x10A4,
    0x10A4, 0x10A4, 0x10A4, 0x10A4, 0x10A4, 0x10A4, 0x10A4, 0x10A4,
    0x10A4, 0x10A4, 0x10A4, 0x10A4, 0x10A4, 0x10A4, 0x10A4, 0x10A4,
    0x10A4, 0x10A4, 0x10A4, 0x10A4, 0x10A4, 0x10A4, 0x10A4, 0x10A4,
    0x10A4, 0x10A4, 0x10A4, 0x10A4, 0x10A4, 0x10A4, 0x10A4, 0x10A4,
    0x10A4, 0x10A4, 0x10A4, 0x10A4, 0x10A4, 0x10A4, 0x10A4, 0x10A4,
    0x10A4, 0x10A4, 0x10A4, 0x10A4, 0x10A4, 0x10A4, 0x10A4, 0x10A4,
    0x10A4, 0x10A4, 0x10A4, 0x10A4, 0x10A4, 0x10A4, 0x10A4, 0x10A4,
    0x10A4, 0x10A4, 0x10A4, 0x10A4, 0x10A4, 0x10A4, 0x10A4, 0x10A4,
    0x10A4, 0x10A4, 0x10A4, 0x10A4, 0x10A4, 0x10A4, 0x10A4, 0x10A4,
    0x10A4, 0x10A4, 0x10A4, 0x10A4, 0x10A4, 0x10A4, 0x10A4, 0x10A4,
    0x10A4, 0x10A4, 0x10A4, 0x10A4, 0x10A4, 0x10A4, 0x10A4, 0x10A4,
    0x10A4, 0x10A4, 0x10A4, 0x10A4, 0x10A4, 0x10A4, 0x10A4, 0x10A4,
    0x10A4, 0x10A4, 0x10A4, 0x10A4, 0x10A4, 0x10A4, 0x10A4, 0x10A4,
    0x10A4, 0x10A4, 0x10A4, 0x10A4, 0x10A4, 0x10A4, 0x10A4, 0x10A4,
    0x10A4, 0x10A4, 0x10A4, 0x10A4, 0x10A4, 0x10A4, 0x10A4, 0x10A4,
    0x10A4, 0x10A4, 0x10A4, 0x10A4, 0x10A4, 0x10A4, 0x10A4, 0x10A4,
    0x10A4, 0x10A4, 0x10A4, 0x10A4, 0x10A4, 0x10A4, 0x10A4, 0x10A4,
    0x10A4, 0x10A4, 0x10A4, 0x10A4, 0x10A4, 0x10A4, 0x10A4, 0x10A4,
    0x10A4, 0x10A4, 0x10A4, 0x10A4, 0x10A4, 0x10A4, 0x10A4, 0x10A4,
    0x10A4, 0x10A4, 0x10A4, 0x10A4, 0x10A4, 0x10A4, 0x10A4, 0x10A4,
    0x10A4, 0x10A4, 0x10A4, 0x10A4, 0x10A4, 0x10A4, 0x10A4, 0x10A4,
    0x10A4, 0x10A4, 0x10A4, 0x10A4, 0x10A4, 0x10A4, 0x10A4, 0x10A4,
    0x10A4, 0x10A4, 0x10A4, 0x10A4, 0x10A4, 0x10A4, 0x10A4, 0x10A4,
    0x10A4, 0x10A4, 0x10A4, 0x10A4, 0x10A4, 0x10A4, 0x10A4, 0x10A4,
    0x10A4, 0x10A4, 0x10A4, 0x10A4, 0x10A4, 0x10A4, 0x10A4, 0x10A4,
    0x10A4, 0x10A4, 0x10A4, 0x10A4, 0x10A4, 0x10A4, 0x10A4, 0x10A4,
    0x10A4, 0x10A4, 0x10A4, 0x10A4, 0x10A4, 0x10A4, 0x10A4, 0x10A4,
    0x10A4, 0x10A4, 0x10A4, 0x10A4, 0x10A4, 0x10A4, 0x10A4, 0x10A4,
    0x10A4, 0x10A4, 0x10A4, 0x10A4, 0x10A4, 0x10A4, 0x10A4, 0x10A4,
    0x10A4, 0x10A4, 0x10A4, 0x10A4, 0x10A4, 0x10A4, 0x10A4, 0x10A4,
    0x10A4, 0x10A4, 0x10A4, 0x10A4, 0x10A4, 0x10A4, 0x10A4, 0x10A4,
    0x10A4, 0x10A4, 0x10A4, 0x10A4, 0x10A4, 0x10A4, 0x10A4, 0x10A4,
    0x10A4, 0x10A4, 0x10A4, 0x10A4, 0x10A4, 0x10A4, 0x10A4, 0x10A4,
    0x10A4, 0x10A4, 0x10A4, 0x10A4, 0x10A4, 0x10A4, 0x10A4, 0x10A4,
    0x10A4, 0x10A4, 0x10A4, 0x10A4, 0x10A4, 0x10A4, 0x10A4, 0x10A4,
    0x10A4, 0x10A4, 0x10A4, 0x10A4, 0x10A4, 0x10A4, 0x10A4, 0x10A4,
    0x10A4, 0x10A4, 0x10A4, 0x10A4, 0x10A4, 0x10A4, 0x10A4, 0x10A4,
    0x10A4, 0x10A4, 0x10A4, 0x10A4, 0x10A4, 0x10A4, 0x10A4, 0x10A4,
    0x10A4, 0x10A4, 0x10A4, 0x10A4, 0x10A4, 0x10A4, 0x10A4, 0x10A4,
    0x10A4, 0x10A4, 0x10A4, 0x10A4, 0x10A4, 0x10A4, 0x10A4, 0x10A4,
    0x10A4, 0x10A4, 0x10A4, 0x10A4, 0x10A4, 0x10A4, 0x10A4, 0x10A4,
    0x10A4, 0x10A4, 0x10A4, 0x10A4, 0x10A4, 0x10A4, 0x10A4, 0x10A4,
    0x10A4, 0x10A4, 0x10A4, 0x10A4, 0x10A4, 0x10A4, 0x10A4, 0x10A4,
    0x10A4, 0x10A4, 0x10A4, 0x10A4, 0x10A4, 0x10A4, 0x10A4, 0x10A4,
    0x10A4, 0x10A4, 0x10A4, 0x10A4, 0x10A4, 0x10A4, 0x10A4, 0x10A4,
    0x10A4, 0x10A4, 0x10A4, 0x10A4, 0x10A4, 0x10A4, 0x10A4, 0x10A4,
    0x10A4, 0x10A4, 0x10A4, 0x10A4, 0x10A4, 0x10A4, 0x10A4, 0x10A4,
    0x10A4, 0x10A4, 0x10A4, 0x10A4, 0x10A4, 0x10A4, 0x10A4, 0x10A4,
    0x10A4, 0x10A4, 0x10A4, 0x10A4, 0x10A4, 0x10A4, 0x10A4, 0x10A4,
    0x10A4, 0x10A4, 0x10A4, 0x10A4, 0x10A4, 0x10A4, 0x10A4, 0x10A4,
    0x10A4, 0x10A4, 0x10A4, 0x10A4, 0x10A4, 0x10A4, 0x10A4, 0x10A4,
    0x10A4, 0x10A4, 0x10A4, 0x10A4, 0x10A4, 0x10A4, 0x10A4, 0x10A4,
    0x10A4, 0x10A4, 0x10A4, 0x10A4, 0x10A4, 0x10A4, 0x10A4, 0x10A4,
    0x10A4, 0x10A4, 0x10A4, 0x10A4, 0x10A4, 0x10A4, 0x10A4, 0x10A4,
    0x10A4, 0x10A4, 0x10A4, 0x10A4, 0x10A4, 0x10A4, 0x10A4, 0x10A4,
    0x10A4, 0x10A4, 0x10A4, 0x10A4, 0x10A4, 0x10A4, 0x10A4, 0x10A4,
    0x10A4, 0x10A4, 0x10A4, 0x10A4, 0x10A4, 0x10A4, 0x10A4, 0x10A4,
    0x10A4, 0x10A4, 0x10A4, 0x10A4, 0x10A4, 0x10A4, 0x10A4, 0x10A4,
    0x10A4, 0x10A4, 0x10A4, 0x10A4, 0x10A4, 0x10A4, 0x10A4, 0x10A4,
    0x10A4, 0x10A4, 0x10A4, 0x10A4, 0x10A4, 0x10A4, 0x10A4, 0x10A4,
    0x10A4, 0x10A4, 0x10A4, 0x10A4, 0x10A4, 0x10A4, 0x10A4, 0x10A4,
    0x10A4, 0x10A4, 0x10A4, 0x10A4, 0x10A4, 0x10A4, 0x10A4, 0x10A4,
    0x10A4, 0x10A4, 0x10A4, 0x10A4, 0x10A4, 0x10A4, 0x10A4, 0x10A4,
    0x10A4, 0x10A4, 0x10A4, 0x10A4, 0x10A4, 0x10A4, 0x10A4, 0x10A4,
    0x10A4, 0x10A4, 0x10A4, 0x10A4, 0x10A4, 0x10A4, 0x10A4, 0x10A4,
    0x10A4, 0x10A4, 0x10A4, 0x10A4, 0x10A4, 0x10A4, 0x10A4, 0x10A4,
    0x10A4, 0x10A4, 0x10A4, 0x10A4, 0x10A4, 0x10A4, 0x10A4, 0x10A4,
    0x10A4, 0x10A4, 0x10A4, 0x10A4, 0x10A4, 0x10A4, 0x10A4, 0x10A4,
    0x10A4, 0x10A4, 0x10A4, 0x10A4, 0x10A4, 0x10A4, 0x10A4, 0x10A4,
    0x10A4, 0x10A4, 0x10A4, 0x10A4, 0x10A4, 0x10A4, 0x10A4, 0x10A4,
    0x10A4, 0x10A4, 0x10A4, 0x10A4, 0x10A4, 0x10A4, 0x10A4, 0x10A4,
    0x10A4, 0x10A4, 0x10A4, 0x10A4, 0x10A4, 0x10A4, 0x10A4, 0x10A4,
    0x10A4, 0x10A4, 0x10A4, 0x10A4, 0x10A4, 0x10A4, 0x10A4, 0x10A4,
    0x10A4, 0x10A4, 0x10A4, 0x10A4, 0x10A4, 0x10A4, 0x10A4, 0x10A4,
    0x10A4, 0x10A4, 0x10A4, 0x10A4, 0x10A4, 0x10A4, 0x10A4, 0x10A4,
    0x10A4, 0x10A4, 0x10A4, 0x10A4, 0x10A4, 0x10A4, 0x10A4, 0x10A4,
    0x10A4, 0x10A4, 0x10A4, 0x10A4, 0x10A4, 0x10A4, 0x10A4, 0x10A4,
    0x10A4, 0x10A4, 0x10A4, 0x10A4, 0x10A4, 0x10A4, 0x10A4, 0x10A4,
    0x10A4, 0x10A4, 0x10A4, 0x10A4, 0x10A4, 0x10A4, 0x10A4, 0x10A4,
    0x10A4, 0x10A4, 0x10A4, 0x10A4, 0x10A4, 0x10A4, 0x10A4, 0x10A4,
    0x10A4, 0x10A4, 0x10A4, 0x10A4, 0x10A4, 0x10A4, 0x10A4, 0x10A4,
    0x10A4, 0x10A4, 0x10A4, 0x10A4, 0x10A4, 0x10A4, 0x10A4, 0x10A4,
    0x10A4, 0x10A4, 0x10A4, 0x10A4, 0x10A4, 0x10A4, 0x10A4, 0x10A4,
    0x10A4, 0x10A4, 0x10A4, 0x10A4, 0x10A4, 0x10A4, 0x10A4, 0x10A4,
    0x10A4, 0x10A4, 0x10A4, 0x10A4, 0x10A4, 0x10A4, 0x10A4, 0x10A4,
    0x10A4, 0x10A4, 0x10A4, 0x10A4, 0x10A4, 0x10A4, 0x10A4, 0x10A4,
    0x10A4, 0x10A4, 0x10A4, 0x10A4, 0x10A4, 0x10A4, 0x10A4, 0x10A4,
    0x10A4, 0x10A4, 0x10A4, 0x10A4, 0x10A4, 0x10A4, 0x10A4, 0x10A4,
    0x10A4, 0x10A4, 0x10A4, 0x10A4, 0x10A4, 0x10A4, 0x10A4, 0x10A4,
    0x10A4, 0x10A4, 0x10A4, 0x10A4, 0x10A4, 0x10A4, 0x10A4, 0x10A4,
    0x10A4, 0x10A4, 0x10A4, 0x10A4, 0x10A4, 0x10A4, 0x10A4, 0x10A4,
    0x10A4, 0x10A4, 0x10A4, 0x10A4, 0x10A4, 0x10A4, 0x10A4, 0x10A4,
    0x10A4, 0x10A4, 0x10A4, 0x10A4, 0x10A4, 0x10A4, 0x10A4, 0x10A4,
    0x10A4, 0x10A4, 0x10A4, 0x10A4, 0x10A4, 0x10A4, 0x10A4, 0x10A4,
    0x10A4, 0x10A4, 0x10A4, 0x10A4, 0x10A4, 0x10A4, 0x10A4, 0x10A4,
    0x10A4, 0x10A4, 0x10A4, 0x10A4, 0x10A4, 0x10A4, 0x10A4, 0x10A4,
    0x10A4, 0x10A4, 0x10A4, 0x10A4, 0x10A4, 0x10A4, 0x10A4, 0x10A4,
    0x10A4, 0x10A4, 0x10A4, 0x10A4, 0x10A4, 0x10A4, 0x10A4, 0x10A4,
    0x10A4, 0x10A4, 0x10A4, 0x10A4, 0x10A4, 0x10A4, 0x10A4, 0x10A4,
    0x10A4, 0x10A4, 0x10A4, 0x10A4, 0x10A4, 0x10A4, 0x10A4, 0x10A4,
    0x10A4, 0x10A4, 0x10A4, 0x10A4, 0x10A4, 0x10A4, 0x10A4, 0x10A4,
    0x10A4, 0x10A4, 0x10A4, 0x10A4, 0x10A4, 0x10A4, 0x10A4, 0x10A4,
    0x10A4, 0x10A4, 0x10A4, 0x10A4, 0x10A4, 0x10A4, 0x10A4, 0x10A4,
    0x10A4, 0x10A4, 0x10A4, 0x10A4, 0x10A4, 0x10A4, 0x10A4, 0x10A4,
    0x10A4, 0x10A4, 0x10A4, 0x10A4, 0x10A4, 0x10A4, 0x10A4, 0x10A4,
    0x10A4, 0x10A4, 0x10A4, 0x10A4, 0x10A4, 0x10A4, 0x10A4, 0x10A4,
    0x10A4, 0x10A4, 0x10A4, 0x10A4, 0x10A4, 0x10A4, 0x10A4, 0x10A4,
    0x10A4, 0x10A4, 0x10A4, 0x10A4, 0x10A4, 0x10A4, 0x10A4, 0x10A4,
    0x10A4, 0x10A4, 0x10A4, 0x10A4, 0x10A4, 0x10A4, 0x10A4, 0x10A4,
    0x10A4, 0x10A4, 0x10A4, 0x10A4, 0x10A4, 0x10A4, 0x10A4, 0x10A4,
    0x10A4, 0x10A4, 0x10A4, 0x10A4, 0x10A4, 0x10A4, 0x10A4, 0x10A4,
    0x10A4, 0x10A4, 0x10A4, 0x10A4, 0x10A4, 0x10A4, 0x10A4, 0x10A4,
    0x10A4, 0x10A4, 0x10A4, 0x10A4, 0x10A4, 0x10A4, 0x10A4, 0x10A4,
    0x10A4, 0x10A4, 0x10A4, 0x10A4, 0x10A4, 0x10A4, 0x10A4, 0x10A4,
    0x10A4, 0x10A4, 0x10A4, 0x10A4, 0x10A4, 0x10A4, 0x10A4, 0x10A4,
    0x10A4, 0x10A4, 0x10A4, 0x10A4, 0x10A4, 0x10A4, 0x10A4, 0x10A4,
    0x10A4, 0x10A4, 0x10A4, 0x10A4, 0x10A4, 0x10A4, 0x10A4, 0x10A4,
    0x10A4, 0x10A4, 0x10A4, 0x10A4, 0x10A4, 0x10A4, 0x10A4, 0x10A4,
    0x10A4, 0x10A4, 0x10A4, 0x10A4, 0x10A4, 0x10A4, 0x10A4, 0x10A4,
    0x10A4, 0x10A4, 0x10A4, 0x10A4, 0x10A4, 0x10A4, 0x10A4, 0x10A4,
    0x10A4, 0x10A4, 0x10A4, 0x10A4, 0x10A4, 0x10A4, 0x10A4, 0x10A4,
    0x10A4, 0x10A4, 0x10A4, 0x10A4, 0x10A4, 0x10A4, 0x10A4, 0x10A4,
    0x10A4, 0x10A4, 0x10A4, 0x10A4, 0x10A4, 0x10A4, 0x10A4, 0x10A4,
    0x10A4, 0x10A4, 0x10A4, 0x10A4, 0x10A4, 0x10A4, 0x10A4, 0x10A4,
    0x10A4, 0x10A4, 0x10A4, 0x10A4, 0x10A4, 0x10A4, 0x10A4, 0x10A4,
    0x10A4, 0x10A4, 0x10A4, 0x10A4, 0x10A4, 0x10A4, 0x10A4, 0x10A4,
    0x10A4, 0x10A4, 0x10A4, 0x10A4, 0x10A4, 0x10A4, 0x10A4, 0x10A4,
    0x10A4, 0x10A4, 0x10A4, 0x10A4, 0x10A4, 0x10A4, 0x10A4, 0x10A4,
    0x10A4, 0x10A4, 0x10A4, 0x10A4, 0x10A4, 0x10A4, 0x10A4, 0x10A4,
    0x10A4, 0x10A4, 0x10A4, 0x10A4, 0x10A4, 0x10A4, 0x10A4, 0x10A4,
    0x10A4, 0x10A4, 0x10A4, 0x10A4, 0x10A4, 0x10A4, 0x10A4, 0x10A4,
    0x10A4, 0x10A4, 0x10A4, 0x10A4, 0x10A4, 0x10A4, 0x10A4, 0x10A4,
    0x10A4, 0x10A4, 0x10A4, 0x10A4, 0x10A4, 0x10A4, 0x10A4, 0x10A4,
    0x10A4, 0x10A4, 0x10A4, 0x10A4, 0x10A4, 0x10A4, 0x10A4, 0x10A4,
    0x10A4, 0x10A4, 0x10A4, 0x10A4, 0x10A4, 0x10A4, 0x10A4, 0x10A4,
    0x10A4, 0x10A4, 0x10A4, 0x10A4, 0x10A4, 0x10A4, 0x10A4, 0x10A4,
    0x10A4, 0x10A4, 0x10A4, 0x10A4, 0x10A4, 0x10A4, 0x10A4, 0x10A4,
    0x10A4, 0x10A4, 0x10A4, 0x10A4, 0x10A4, 0x10A4, 0x10A4, 0x10A4,
    0x10A4, 0x10A4, 0x10A4, 0x10A4, 0x10A4, 0x10A4, 0x10A4, 0x10A4,
    0x10A4, 0x10A4, 0x10A4, 0x10A4, 0x10A4, 0x10A4, 0x10A4, 0x10A4,
    0x10A4, 0x10A4, 0x10A4, 0x10A4, 0x10A4, 0x10A4, 0x10A4, 0x10A4,
    0x10A4, 0x10A4, 0x10A4, 0x10A4, 0x10A4, 0x10A4, 0x10A4, 0x10A4,
    0x10A4, 0x10A4, 0x10A4, 0x10A4, 0x10A4, 0x10A4, 0x10A4, 0x10A4,
    0x10A4, 0x10A4, 0x10A4, 0x10A4, 0x10A4, 0x10A4, 0x10A4, 0x10A4,
    0x10A4, 0x10A4, 0x10A4, 0x10A4, 0x10A4, 0x10A4, 0x10A4, 0x10A4,
    0x10A4, 0x10A4, 0x10A4, 0x10A4, 0x10A4, 0x10A4, 0x10A4, 0x10A4,
    0x10A4, 0x10A4, 0x10A4, 0x10A4, 0x10A4, 0x10A4, 0x10A4, 0x10A4,
    0x10A4, 0x10A4, 0x10A4, 0x10A4, 0x10A4, 0x10A4, 0x10A4, 0x10A4,
    0x10A4, 0x10A4, 0x10A4, 0x10A4, 0x10A4, 0x10A4, 0x10A4, 0x10A4,
    0x10A4, 0x10A4, 0x10A4, 0x10A4, 0x10A4, 0x10A4, 0x10A4, 0x10A4,
    0x10A4, 0x10A4, 0x10A4, 0x10A4, 0x10A4, 0x10A4, 0x10A4, 0x10A4,
    0x10A4, 0x10A4, 0x10A4, 0x10A4, 0x10A4, 0x10A4, 0x10A4, 0x10A4,
    0x10A4, 0x10A4, 0x10A4, 0x10A4, 0x10A4, 0x10A4, 0x10A4, 0x10A4,
    0x10A4, 0x10A4, 0x10A4, 0x10A4, 0x10A4, 0x10A4, 0x10A4, 0x10A4,
    0x10A4, 0x10A4, 0x10A4, 0x10A4, 0x10A4, 0x10A4, 0x10A4, 0x10A4,
    0x10A4, 0x10A4, 0x10A4, 0x10A4, 0x10A4, 0x10A4, 0x10A4, 0x10A4,
    0x10A4, 0x10A4, 0x10A4, 0x10A4, 0x10A4, 0x10A4, 0x10A4, 0x10A4,
    0x10A4, 0x10A4, 0x10A4, 0x10A4, 0x10A4, 0x10A4, 0x10A4, 0x10A4,
    0x10A4, 0x10A4, 0x10A4, 0x10A4, 0x10A4, 0x10A4, 0x10A4, 0x10A4,
    0x10A4, 0x10A4, 0x10A4, 0x10A4, 0x10A4, 0x10A4, 0x10A4, 0x10A4,
    0x10A4, 0x10A4, 0x10A4, 0x10A4, 0x10A4, 0x10A4, 0x10A4, 0x10A4,
    0x10A4, 0x10A4, 0x10A4, 0x10A4, 0x10A4, 0x10A4, 0x10A4, 0x10A4,
    0x10A4, 0x10A4, 0x10A4, 0x10A4, 0x10A4, 0x10A4, 0x10A4, 0x10A4,
    0x10A4, 0x10A4, 0x10A4, 0x10A4, 0x10A4, 0x10A4, 0x10A4, 0x10A4,
    0x10A4, 0x10A4, 0x10A4, 0x10A4, 0x10A4, 0x10A4, 0x10A4, 0x10A4,
    0x10A4, 0x10A4, 0x10A4, 0x10A4, 0x10A4, 0x10A4, 0x10A4, 0x10A4,
    0x10A4, 0x10A4, 0x10A4, 0x10A4, 0x10A4, 0x10A4, 0x10A4, 0x10A4,
    0x10A4, 0x10A4, 0x10A4, 0x10A4, 0x10A4, 0x10A4, 0x10A4, 0x10A4,
    0x10A4, 0x10A4, 0x10A4, 0x10A4, 0x10A4, 0x10A4, 0x10A4, 0x10A4,
    0x10A4, 0x10A4, 0x10A4, 0x10A4, 0x10A4, 0x10A4, 0x10A4, 0x10A4,
    0x10A4, 0x10A4, 0x10A4, 0x10A4, 0x10A4, 0x10A4, 0x10A4, 0x10A4,
    0x10A4, 0x10A4, 0x10A4, 0x10A4, 0x10A4, 0x10A4, 0x10A4, 0x10A4,
    0x10A4, 0x10A4, 0x10A4, 0x10A4, 0x10A4, 0x10A4, 0x10A4, 0x10A4,
    0x10A4, 0x10A4, 0x10A4, 0x10A4, 0x10A4, 0x10A4, 0x10A4, 0x10A4,
    0x10A4, 0x10A4, 0x10A4, 0x10A4, 0x10A4, 0x10A4, 0x10A4, 0x10A4,
    0x10A4, 0x10A4, 0x10A4, 0x10A4, 0x10A4, 0x10A4, 0x10A4, 0x10A4,
    0x10A4, 0x10A4, 0x10A4, 0x10A4, 0x10A4, 0x10A4, 0x10A4, 0x10A4,
    0x10A4, 0x10A4, 0x10A4, 0x10A4, 0x10A4, 0x10A4, 0x10A4, 0x10A4,
    0x10A4, 0x10A4, 0x10A4, 0x10A4, 0x10A4, 0x10A4, 0x10A4, 0x10A4,
    0x10A4, 0x10A4, 0x10A4, 0x10A4, 0x10A4, 0x10A4, 0x10A4, 0x10A4,
    0x10A4, 0x10A4, 0x10A4, 0x10A4, 0x10A4, 0x10A4, 0x10A4, 0x10A4,
    0x10A4, 0x10A4, 0x10A4, 0x10A4, 0x10A4, 0x10A4, 0x10A4, 0x10A4,
    0x10A4, 0x10A4, 0x10A4, 0x10A4, 0x10A4, 0x10A4, 0x10A4, 0x10A4,
    0x10A4, 0x10A4, 0x10A4, 0x10A4, 0x10A4, 0x10A4, 0x10A4, 0x10A4,
    0x10A4, 0x10A4, 0x10A4, 0x10A4, 0x10A4, 0x10A4, 0x10A4, 0x10A4,
    0x10A4, 0x10A4, 0x10A4, 0x10A4, 0x10A4, 0x10A4, 0x10A4, 0x10A4,
    0x10A4, 0x10A4, 0x10A4, 0x10A4, 0x10A4, 0x10A4, 0x10A4, 0x10A4,
    0x10A4, 0x10A4, 0x10A4, 0x10A4, 0x10A4, 0x10A4, 0x10A4, 0x10A4,
    0x10A4, 0x10A4, 0x10A4, 0x10A4, 0x10A4, 0x10A4, 0x10A4, 0x10A4,
    0x10A4, 0x10A4, 0x10A4, 0x10A4, 0x10A4, 0x10A4, 0x10A4, 0x10A4,
    0x10A4, 0x10A4, 0x10A4, 0x10A4, 0x10A4, 0x10A4, 0x10A4, 0x10A4,
    0x10A4, 0x10A4, 0x10A4, 0x10A4, 0x10A4, 0x10A4, 0x10A4, 0x10A4,
    0x10A4, 0x10A4, 0x10A4, 0x10A4, 0x10A4, 0x10A4, 0x10A4, 0x10A4,
    0x10A4, 0x10A4, 0x10A4, 0x10A4, 0x10A4, 0x10A4, 0x10A4, 0x10A4,
    0x10A4, 0x10A4, 0x10A4, 0x10A4, 0x10A4, 0x10A4, 0x10A4, 0x10A4,
    0x10A4, 0x10A4, 0x10A4, 0x10A4, 0x10A4, 0x10A4, 0x10A4, 0x10A4,
    0x10A4, 0x10A4, 0x10A4, 0x10A4, 0x10A4, 0x10A4, 0x10A4, 0x10A4,
    0x10A4, 0x10A4, 0x10A4, 0x10A4, 0x10A4, 0x10A4, 0x10A4, 0x10A4,
    0x10A4, 0x10A4, 0x10A4, 0x10A4, 0x10A4, 0x10A4, 0x10A4, 0x10A4,
    0x10A4, 0x10A4, 0x10A4, 0x10A4, 0x10A4, 0x10A4, 0x10A4, 0x10A4,
    0x10A4, 0x10A4, 0x10A4, 0x10A4, 0x10A4, 0x10A4, 0x10A4, 0x10A4,
    0x10A4, 0x10A4, 0x10A4, 0x10A4, 0x10A4, 0x10A4, 0x10A4, 0x10A4,
    0x10A4, 0x10A4, 0x10A4, 0x10A4, 0x10A4, 0x10A4, 0x10A4, 0x10A4,
    0x10A4, 0x10A4, 0x10A4, 0x10A4, 0x10A4, 0x10A4, 0x10A4, 0x10A4,
    0x10A4, 0x10A4, 0x10A4, 0x10A4, 0x10A4, 0x10A4, 0x10A4, 0x10A4,
    0x10A4, 0x10A4, 0x10A4, 0x10A4, 0x10A4, 0x10A4, 0x10A4, 0x10A4,
    0x10A4, 0x10A4, 0x10A4, 0x10A4, 0x10A4, 0x10A4, 0x10A4, 0x10A4,
    0x10A4, 0x10A4, 0x10A4, 0x10A4, 0x10A4, 0x10A4, 0x10A4, 0x10A4,
    0x10A4, 0x10A4, 0x10A4, 0x10A4, 0x10A4, 0x10A4, 0x10A4, 0x10A4,
    0x10A4, 0x10A4, 0x10A4, 0x10A4, 0x10A4, 0x10A4, 0x10A4, 0x10A4,
    0x10A4, 0x10A4, 0x10A4, 0x10A4, 0x10A4, 0x10A4, 0x10A4, 0x10A4,
    0x10A4, 0x10A4, 0x10A4, 0x10A4, 0x10A4, 0x10A4, 0x10A4, 0x10A4,
    0x10A4, 0x10A4, 0x10A4, 0x10A4, 0x10A4, 0x10A4, 0x10A4, 0x10A4,
    0x10A4, 0x10A4, 0x10A4, 0x10A4, 0x10A4, 0x10A4, 0x10A4, 0x10A4,
    0x10A4, 0x10A4, 0x10A4, 0x10A4, 0x10A4, 0x10A4, 0x10A4, 0x10A4,
    0x10A4, 0x10A4, 0x10A4, 0x10A4, 0x10A4, 0x10A4, 0x10A4, 0x10A4,
    0x10A4, 0x10A4, 0x10A4, 0x10A4, 0x10A4, 0x10A4, 0x10A4, 0x10A4,
    0x10A4, 0x10A4, 0x10A4, 0x10A4, 0x10A4, 0x10A4, 0x10A4, 0x10A4,
    0x10A4, 0x10A4, 0x10A4, 0x10A4, 0x10A4, 0x10A4, 0x10A4, 0x10A4,
    0x10A4, 0x10A4, 0x10A4, 0x10A4, 0x10A4, 0x10A4, 0x10A4, 0x10A4,
    0x10A4, 0x10A4, 0x10A4, 0x10A4, 0x10A4, 0x10A4, 0x10A4, 0x10A4,
    0x10A4, 0x10A4, 0x10A4, 0x10A4, 0x10A4, 0x10A4, 0x10A4, 0x10A4,
    0x10A4, 0x10A4, 0x10A4, 0x10A4, 0x10A4, 0x10A4, 0x10A4, 0x10A4,
    0x10A4, 0x10A4, 0x10A4, 0x10A4, 0x10A4, 0x10A4, 0x10A4, 0x10A4,
    0x10A4, 0x10A4, 0x10A4, 0x10A4, 0x10A4, 0x10A4, 0x10A4, 0x10A4,
    0x10A4, 0x10A4, 0x10A4, 0x10A4, 0x10A4, 0x10A4, 0x10A4, 0x10A4,
    0x10A4, 0x10A4, 0x10A4, 0x10A4, 0x10A4, 0x10A4, 0x10A4, 0x10A4,
    0x10A4, 0x10A4, 0x10A4, 0x10A4, 0x10A4, 0x10A4, 0x10A4, 0x10A4,
    0x10A4, 0x10A4, 0x10A4, 0x10A4, 0x10A4, 0x10A4, 0x10A4, 0x10A4,
    0x10A4, 0x10A4, 0x10A4, 0x10A4, 0x10A4, 0x10A4, 0x10A4, 0x10A4,
    0x10A4, 0x10A4, 0x10A4, 0x10A4, 0x10A4, 0x10A4, 0x10A4, 0x10A4,
    0x10A4, 0x10A4, 0x10A4, 0x10A4, 0x10A4, 0x10A4, 0x10A4, 0x10A4,
    0x10A4, 0x10A4, 0x10A4, 0x10A4, 0x10A4, 0x10A4, 0x10A4, 0x10A4,
    0x10A4, 0x10A4, 0x10A4, 0x10A4, 0x10A4, 0x10A4, 0x10A4, 0x10A4,
    0x10A4, 0x10A4, 0x10A4, 0x10A4, 0x10A4, 0x10A4, 0x10A4, 0x10A4,
    0x10A4, 0x10A4, 0x10A4, 0x10A4, 0x10A4, 0x10A4, 0x10A4, 0x10A4,
    0x10A4, 0x10A4, 0x10A4, 0x10A4, 0x10A4, 0x10A4, 0x10A4, 0x10A4,
    0x10A4, 0x10A4, 0x10A4, 0x10A4, 0x10A4, 0x10A4, 0x10A3, 0x10A3,
    0x10A3, 0x10A3, 0x10A3, 0x10A3, 0x10A3, 0x10A3, 0x10A3, 0x10A3,
    0x10A3, 0x10A3, 0x10A3, 0x10A3, 0x10A3, 0x10A3, 0x10A3, 0x10A3,
    0x10A3, 0x10A3, 0x10A3, 0x10A4, 0x10A4, 0x10A4, 0x10A4, 0x10A4,
    0x10A4, 0x10A4, 0x10A4, 0x10A4, 0x10A4, 0x10A4, 0x10A4, 0x10A4,
    0x10A4, 0x10A4, 0x10A4, 0x10A4, 0x10A4, 0x10A4, 0x10A4, 0x10A4,
    0x10A4, 0x10A4, 0x10A4, 0x10A4, 0x10A4, 0x10A4, 0x10A4, 0x10A4,
    0x10A4, 0x10A4, 0x10A4, 0x10A4, 0x10A4, 0x10A4, 0x10A4, 0x10A4,
    0x10A4, 0x10A4, 0x10A4, 0x10A4, 0x10A4, 0x10A4, 0x10A4, 0x10A4,
    0x10A4, 0x10A4, 0x10A4, 0x10A4, 0x10A4, 0x10A4, 0x10A4, 0x10A4,
    0x10A4, 0x10A4, 0x10A4, 0x10A4, 0x10A4, 0x10A4, 0x10A4, 0x10A4,
    0x10A4, 0x10A4, 0x10A4, 0x10A4, 0x10A4, 0x10A4, 0x10A4, 0x10A4,
    0x10A4, 0x10A4, 0x10A4, 0x10A4, 0x10A4, 0x10A4, 0x10A4, 0x10A4,
    0x10A4, 0x10A4, 0x10A4, 0x10A4, 0x10A4, 0x10A4, 0x10A4, 0x10A4,
    0x10A4, 0x10A4, 0x10A4, 0x10A4, 0x10A4, 0x10A4, 0x10A4, 0x10A4,
    0x10A4, 0x10A4, 0x10A4, 0x10A4, 0x10A4, 0x10A4, 0x10A4, 0x10A4,
    0x10A4, 0x10A4, 0x10A4, 0x10A4, 0x10A4, 0x10A4, 0x10A4, 0x10A4,
    0x10A4, 0x10A4, 0x10A4, 0x10A4, 0x10A4, 0x10A4, 0x10A4, 0x10A4,
    0x10A4, 0x10A4, 0x10A4, 0x10A4, 0x10A4, 0x10A4, 0x10A4, 0x10A4,
    0x10A4, 0x10A4, 0x10A4, 0x10A4, 0x10A4, 0x10A4, 0x10A4, 0x10A4,
    0x10A4, 0x10A4, 0x10A4, 0x10A4, 0x10A4, 0x10A4, 0x10A4, 0x10A4,
    0x10A4, 0x10A4, 0x10A4, 0x10A4, 0x10A4, 0x10A4, 0x10A4, 0x10A4,
    0x10A4, 0x10A4, 0x10A4, 0x10A4, 0x10A4, 0x10A4, 0x10A4, 0x10A4,
    0x10A4, 0x10A4, 0x10A4, 0x10A4, 0x10A4, 0x10A4, 0x10A4, 0x10A4,
    0x10A4, 0x10A4, 0x10A4, 0x10A4, 0x10A4, 0x10A4, 0x10A4, 0x10A4,
    0x10A4, 0x10A4, 0x10A4, 0x10A4, 0x10A4, 0x10A4, 0x10A4, 0x10A4,
    0x10A4, 0x10A4, 0x10A4, 0x10A4, 0x10A4, 0x10A4, 0x10A4, 0x10A4,
    0x10A4, 0x10A4, 0x10A4, 0x10A4, 0x10A4, 0x10A4, 0x10A4, 0x10A4,
    0x10A4, 0x10A4, 0x10A4, 0x10A4, 0x10A4, 0x10A4, 0x10A4, 0x10A4,
    0x10A4, 0x10A4, 0x10A4, 0x10A4, 0x10A4, 0x10A4, 0x10A3, 0x10A3,
    0x10A3, 0x10A3, 0x10A3, 0x10A3, 0x10A3, 0x10A3, 0x10A3, 0x10A3,
    0x10A3, 0x10A3, 0x10A3, 0x10A3, 0x10A3, 0x10A3, 0x10A3, 0x10A3,
    0x10A3, 0x10A3, 0x10A3, 0x10A3, 0x10A3, 0x10A3, 0x10A3, 0x10A3,
    0x10A3, 0x10A3, 0x10A3, 0x10A3, 0x10A3, 0x10A3, 0x10A3, 0x10A3,
    0x10A3, 0x10A3, 0x10A3, 0x10A4, 0x10A4, 0x10A4, 0x10A4, 0x10A4,
    0x10A4, 0x10A4, 0x10A4, 0x10A4, 0x10A4, 0x10A4, 0x10A4, 0x10A4,
    0x10A4, 0x10A4, 0x10A4, 0x10A4, 0x10A4, 0x10A4, 0x10A4, 0x10A4,
    0x10A4, 0x10A4, 0x10A4, 0x10A4, 0x10A4, 0x10A4, 0x10A4, 0x10A4,
    0x10A4, 0x10A4, 0x10A4, 0x10A4, 0x10A4, 0x10A4, 0x10A4, 0x10A4,
    0x10A4, 0x10A4, 0x10A4, 0x10A4, 0x10A4, 0x10A4, 0x10A4, 0x10A4,
    0x10A4, 0x10A4, 0x10A4, 0x10A4, 0x10A4, 0x10A4, 0x10A4, 0x10A4,
    0x10A4, 0x10A4, 0x10A4, 0x10A4, 0x10A4, 0x10A4, 0x10A4, 0x10A4,
    0x10A4, 0x10A4, 0x10A4, 0x10A4, 0x10A4, 0x10A4, 0x10A4, 0x10A4,
    0x10A4, 0x10A4, 0x10A4, 0x10A4, 0x10A4, 0x10A4, 0x10A4, 0x10A4,
    0x10A4, 0x10A4, 0x10A4, 0x10A4, 0x10A4, 0x10A4, 0x10A4, 0x10A4,
    0x10A4, 0x10A4, 0x10A4, 0x10A4, 0x10A4, 0x10A4, 0x10A4, 0x10A4,
    0x10A4, 0x10A4, 0x10A4, 0x10A4, 0x10A4, 0x10A4, 0x10A4, 0x10A4,
    0x10A4, 0x10A4, 0x10A4, 0x10A4, 0x10A4, 0x10A4, 0x10A4, 0x10A4,
    0x10A4, 0x10A4, 0x10A4, 0x10A4, 0x10A4, 0x10A4, 0x10A4, 0x10A4,
    0x10A4, 0x10A4, 0x10A4, 0x10A4, 0x10A4, 0x10A4, 0x10A4, 0x10A4,
    0x10A4, 0x10A4, 0x10A4, 0x10A4, 0x10A4, 0x10A4, 0x10A4, 0x10A4,
    0x10A4, 0x10A4, 0x10A4, 0x10A4, 0x10A4, 0x10A4, 0x10A4, 0x10A4,
    0x10A4, 0x10A4, 0x10A4, 0x10A4, 0x10A4, 0x10A4, 0x10A4, 0x10A4,
    0x10A4, 0x10A4, 0x10A4, 0x10A4, 0x10A4, 0x10A4, 0x10A4, 0x10A4,
    0x10A4, 0x10A4, 0x10A4, 0x10A4, 0x10A4, 0x10A4, 0x10A4, 0x10A4,
    0x10A4, 0x10A4, 0x10A4, 0x10A4, 0x10A4, 0x10A4, 0x10A4, 0x10A4,
    0x10A4, 0x10A4, 0x10A4, 0x10A4, 0x10A4, 0x10A4, 0x10A4, 0x10A4,
    0x10A4, 0x10A4, 0x10A4, 0x10A4, 0x10A4, 0x10A4, 0x10A4, 0x10A4,
    0x10A4, 0x10A4, 0x10A4, 0x10A4, 0x10A4, 0x10A4, 0x10A4, 0x10A4,
    0x10A3, 0x10A3, 0x10A3, 0x10A3, 0x10A3, 0x10A3, 0x10A3, 0x10A3,
    0x10A3, 0x10A3, 0x10A3, 0x10A3, 0x10A3, 0x10A3, 0x10C3, 0x10C3,
    0x10C3, 0x10C3, 0x10C3, 0x10C3, 0x10C3, 0x10C3, 0x10C3, 0x10C3,
    0x10C3, 0x10C3, 0x10C3, 0x10C3, 0x10C3, 0x10C3, 0x10C3, 0x10C3,
    0x10C3, 0x10C3, 0x10C3, 0x10A3, 0x10A3, 0x10A3, 0x10A3, 0x10A3,
    0x10A3, 0x10A3, 0x10A3, 0x10A3, 0x10A3, 0x10A3, 0x10A3, 0x10A3,
    0x10A3, 0x10A4, 0x10A4, 0x10A4, 0x10A4, 0x10A4, 0x10A4, 0x10A4,
    0x10A4, 0x10A4, 0x10A4, 0x10A4, 0x10A4, 0x10A4, 0x10A4, 0x10A4,
    0x10A4, 0x10A4, 0x10A4, 0x10A4, 0x10A4, 0x10A4, 0x10A4, 0x10A4,
    0x10A4, 0x10A4, 0x10A4, 0x10A4, 0x10A4, 0x10A4, 0x10A4, 0x10A4,
    0x10A4, 0x10A4, 0x10A4, 0x10A4, 0x10A4, 0x10A4, 0x10A4, 0x10A4,
    0x10A4, 0x10A4, 0x10A4, 0x10A4, 0x10A4, 0x10A4, 0x10A4, 0x10A4,
    0x10A4, 0x10A4, 0x10A4, 0x10A4, 0x10A4, 0x10A4, 0x10A4, 0x10A4,
    0x10A4, 0x10A4, 0x10A4, 0x10A4, 0x10A4, 0x10A4, 0x10A4, 0x10A4,
    0x10A4, 0x10A4, 0x10A4, 0x10A4, 0x10A4, 0x10A4, 0x10A4, 0x10A4,
    0x10A4, 0x10A4, 0x10A4, 0x10A4, 0x10A4, 0x10A4, 0x10A4, 0x10A4,
    0x10A4, 0x10A4, 0x10A4, 0x10A4, 0x10A4, 0x10A4, 0x10A4, 0x10A4,
    0x10A4, 0x10A4, 0x10A4, 0x10A4, 0x10A4, 0x10A4, 0x10A4, 0x10A4,
    0x10A4, 0x10A4, 0x10A4, 0x10A4, 0x10A4, 0x10A4, 0x10A4, 0x10A4,
    0x10A4, 0x10A4, 0x10A4, 0x10A4, 0x10A4, 0x10A4, 0x10A4, 0x10A4,
    0x10A4, 0x10A4, 0x10A4, 0x10A4, 0x10A4, 0x10A4, 0x10A4, 0x10A4,
    0x10A4, 0x10A4, 0x10A4, 0x10A4, 0x10A4, 0x10A4, 0x10A4, 0x10A4,
    0x10A4, 0x10A4, 0x10A4, 0x10A4, 0x10A4, 0x10A4, 0x10A4, 0x10A4,
    0x10A4, 0x10A4, 0x10A4, 0x10A4, 0x10A4, 0x10A4, 0x10A4, 0x10A4,
    0x10A4, 0x10A4, 0x10A4, 0x10A4, 0x10A4, 0x10A4, 0x10A4, 0x10A4,
    0x10A4, 0x10A4, 0x10A4, 0x10A4, 0x10A4, 0x10A4, 0x10A4, 0x10A4,
    0x10A4, 0x10A4, 0x10A4, 0x10A4, 0x10A4, 0x10A4, 0x10A4, 0x10A4,
    0x10A4, 0x10A4, 0x10A4, 0x10A4, 0x10A4, 0x10A4, 0x10A4, 0x10A4,
    0x10A4, 0x10A4, 0x10A4, 0x10A4, 0x10A4, 0x10A4, 0x10A4, 0x10A4,
    0x10A4, 0x10A4, 0x10A4, 0x10A4, 0x10A3, 0x10A3, 0x10A3, 0x10A3,
    0x10A3, 0x10A3, 0x10A3, 0x10A3, 0x10A3, 0x10A3, 0x10C3, 0x10C3,
    0x10C3, 0x10C3, 0x10C3, 0x10C3, 0x10C3, 0x10C3, 0x10C3, 0x10C3,
    0x10C3, 0x10C3, 0x10C3, 0x10C3, 0x10C3, 0x10C3, 0x10C3, 0x10C3,
    0x10C3, 0x10C3, 0x10C3, 0x10C3, 0x10C3, 0x10C3, 0x10C3, 0x10C3,
    0x10C3, 0x10C3, 0x10C3, 0x10C3, 0x10C3, 0x10C3, 0x10C3, 0x10C3,
    0x10C3, 0x10C3, 0x10C3, 0x10A3, 0x10A3, 0x10A3, 0x10A3, 0x10A3,
    0x10A3, 0x10A3, 0x10A3, 0x10A3, 0x10A3, 0x10A4, 0x10A4, 0x10A4,
    0x10A4, 0x10A4, 0x10A4, 0x10A4, 0x10A4, 0x10A4, 0x10A4, 0x10A4,
    0x10A4, 0x10A4, 0x10A4, 0x10A4, 0x10A4, 0x10A4, 0x10A4, 0x10A4,
    0x10A4, 0x10A4, 0x10A4, 0x10A4, 0x10A4, 0x10A4, 0x10A4, 0x10A4,
    0x10A4, 0x10A4, 0x10A4, 0x10A4, 0x10A4, 0x10A4, 0x10A4, 0x10A4,
    0x10A4, 0x10A4, 0x10A4, 0x10A4, 0x10A4, 0x10A4, 0x10A4, 0x10A4,
    0x10A4, 0x10A4, 0x10A4, 0x10A4, 0x10A4, 0x10A4, 0x10A4, 0x10A4,
    0x10A4, 0x10A4, 0x10A4, 0x10A4, 0x10A4, 0x10A4, 0x10A4, 0x10A4,
    0x10A4, 0x10A4, 0x10A4, 0x10A4, 0x10A4, 0x10A4, 0x10A4, 0x10A4,
    0x10A4, 0x10A4, 0x10A4, 0x10A4, 0x10A4, 0x10A4, 0x10A4, 0x10A4,
    0x10A4, 0x10A4, 0x10A4, 0x10A4, 0x10A4, 0x10A4, 0x10A4, 0x10A4,
    0x10A4, 0x10A4, 0x10A4, 0x10A4, 0x10A4, 0x10A4, 0x10A4, 0x10A4,
    0x10A4, 0x10A4, 0x10A4, 0x10A4, 0x10A4, 0x10A4, 0x10A4, 0x10A4,
    0x10A4, 0x10A4, 0x10A4, 0x10A4, 0x10A4, 0x10A4, 0x10A4, 0x10A4,
    0x10A4, 0x10A4, 0x10A4, 0x10A4, 0x10A4, 0x10A4, 0x10A4, 0x10A4,
    0x10A4, 0x10A4, 0x10A4, 0x10A4, 0x10A4, 0x10A4, 0x10A4, 0x10A4,
    0x10A4, 0x10A4, 0x10A4, 0x10A4, 0x10A4, 0x10A4, 0x10A4, 0x10A4,
    0x10A4, 0x10A4, 0x10A4, 0x10A4, 0x10A4, 0x10A4, 0x10A4, 0x10A4,
    0x10A4, 0x10A4, 0x10A4, 0x10A4, 0x10A4, 0x10A4, 0x10A4, 0x10A4,
    0x10A4, 0x10A4, 0x10A4, 0x10A4, 0x10A4, 0x10A4, 0x10A4, 0x10A4,
    0x10A4, 0x10A4, 0x10A4, 0x10A4, 0x10A4, 0x10A4, 0x10A4, 0x10A4,
    0x10A4, 0x10A4, 0x10A4, 0x10A4, 0x10A4, 0x10A4, 0x10A4, 0x10A4,
    0x10A4, 0x10A4, 0x10A4, 0x10A4, 0x10A4, 0x10A4, 0x10A4, 0x10A4,
    0x10A3, 0x10A3, 0x10A3, 0x10A3, 0x10A3, 0x10A3, 0x10A3, 0x10A3,
    0x10A3, 0x10C3, 0x10C3, 0x10C3, 0x10C3, 0x10C3, 0x10C3, 0x10C3,
    0x10C3, 0x10C3, 0x10C3, 0x10C3, 0x10C3, 0x10C3, 0x18C3, 0x18C3,
    0x18C3, 0x18C3, 0x18C3, 0x18C3, 0x18C3, 0x18C3, 0x18C3, 0x18C3,
    0x18C3, 0x18C3, 0x18C3, 0x18C3, 0x18C3, 0x18C3, 0x18C3, 0x18C3,
    0x18C3, 0x18C3, 0x18C3, 0x10C3, 0x10C3, 0x10C3, 0x10C3, 0x10C3,
    0x10C3, 0x10C3, 0x10C3, 0x10C3, 0x10C3, 0x10C3, 0x10C3, 0x10C3,
    0x10A3, 0x10A3, 0x10A3, 0x10A3, 0x10A3, 0x10A3, 0x10A3, 0x10A3,
    0x10A3, 0x10A4, 0x10A4, 0x10A4, 0x10A4, 0x10A4, 0x10A4, 0x10A4,
    0x10A4, 0x10A4, 0x10A4, 0x10A4, 0x10A4, 0x10A4, 0x10A4, 0x10A4,
    0x10A4, 0x10A4, 0x10A4, 0x10A4, 0x10A4, 0x10A4, 0x10A4, 0x10A4,
    0x10A4, 0x10A4, 0x10A4, 0x10A4, 0x10A4, 0x10A4, 0x10A4, 0x10A4,
    0x10A4, 0x10A4, 0x10A4, 0x10A4, 0x10A4, 0x10A4, 0x10A4, 0x10A4,
    0x10A4, 0x10A4, 0x10A4, 0x10A4, 0x10A4, 0x10A4, 0x10A4, 0x10A4,
    0x10A4, 0x10A4, 0x10A4, 0x10A4, 0x10A4, 0x10A4, 0x10A4, 0x10A4,
    0x10A4, 0x10A4, 0x10A4, 0x10A4, 0x10A4, 0x10A4, 0x10A4, 0x10A4,
    0x10A4, 0x10A4, 0x10A4, 0x10A4, 0x10A4, 0x10A4, 0x10A4, 0x10A4,
    0x10A4, 0x10A4, 0x10A4, 0x10A4, 0x10A4, 0x10A4, 0x10A4, 0x10A4,
    0x10A4, 0x10A4, 0x10A4, 0x10A4, 0x10A4, 0x10A4, 0x10A4, 0x10A4,
    0x10A4, 0x10A4, 0x10A4, 0x10A4, 0x10A4, 0x10A4, 0x10A4, 0x10A4,
    0x10A4, 0x10A4, 0x10A4, 0x10A4, 0x10A4, 0x10A4, 0x10A4, 0x10A4,
    0x10A4, 0x10A4, 0x10A4, 0x10A4, 0x10A4, 0x10A4, 0x10A4, 0x10A4,
    0x10A4, 0x10A4, 0x10A4, 0x10A4, 0x10A4, 0x10A4, 0x10A4, 0x10A4,
    0x10A4, 0x10A4, 0x10A4, 0x10A4, 0x10A4, 0x10A4, 0x10A4, 0x10A4,
    0x10A4, 0x10A4, 0x10A4, 0x10A4, 0x10A4, 0x10A4, 0x10A4, 0x10A4,
    0x10A4, 0x10A4, 0x10A4, 0x10A4, 0x10A4, 0x10A4, 0x10A4, 0x10A4,
    0x10A4, 0x10A4, 0x10A4, 0x10A4, 0x10A4, 0x10A4, 0x10A4, 0x10A4,
    0x10A4, 0x10A4, 0x10A4, 0x10A4, 0x10A4, 0x10A4, 0x10A4, 0x10A4,
    0x10A4, 0x10A4, 0x10A4, 0x10A4, 0x10A4, 0x10A4, 0x10A4, 0x10A4,
    0x10A4, 0x10A4, 0x10A4, 0x10A4, 0x10A4, 0x10A3, 0x10A3, 0x10A3,
    0x10A3, 0x10A3, 0x10A3, 0x10A3, 0x10C3, 0x10C3, 0x10C3, 0x10C3,
    0x10C3, 0x10C3, 0x10C3, 0x10C3, 0x10C3, 0x10C3, 0x18C3, 0x18C3,
    0x18C3, 0x18C3, 0x18C3, 0x18C3, 0x18C3, 0x18C3, 0x18C3, 0x18C3,
    0x18C3, 0x18C3, 0x18C3, 0x18C3, 0x18C3, 0x18C3, 0x18C3, 0x18C3,
    0x18C3, 0x18C3, 0x18C3, 0x18C3, 0x18C3, 0x18C3, 0x18C3, 0x18C3,
    0x18C3, 0x18C3, 0x18C3, 0x18C3, 0x18C3, 0x18C3, 0x18C3, 0x18C3,
    0x18C3, 0x18C3, 0x18C3, 0x10C3, 0x10C3, 0x10C3, 0x10C3, 0x10C3,
    0x10C3, 0x10C3, 0x10C3, 0x10C3, 0x10C3, 0x10A3, 0x10A3, 0x10A3,
    0x10A3, 0x10A3, 0x10A3, 0x10A3, 0x10A4, 0x10A4, 0x10A4, 0x10A4,
    0x10A4, 0x10A4, 0x10A4, 0x10A4, 0x10A4, 0x10A4, 0x10A4, 0x10A4,
    0x10A4, 0x10A4, 0x10A4, 0x10A4, 0x10A4, 0x10A4, 0x10A4, 0x10A4,
    0x10A4, 0x10A4, 0x10A4, 0x10A4, 0x10A4, 0x10A4, 0x10A4, 0x10A4,
    0x10A4, 0x10A4, 0x10A4, 0x10A4, 0x10A4, 0x10A4, 0x10A4, 0x10A4,
    0x10A4, 0x10A4, 0x10A4, 0x10A4, 0x10A4, 0x10A4, 0x10A4, 0x10A4,
    0x10A4, 0x10A4, 0x10A4, 0x10A4, 0x10A4, 0x10A4, 0x10A4, 0x10A4,
    0x10A4, 0x10A4, 0x10A4, 0x10A4, 0x10A4, 0x10A4, 0x10A4, 0x10A4,
    0x10A4, 0x10A4, 0x10A4, 0x10A4, 0x10A4, 0x10A4, 0x10A4, 0x10A4,
    0x10A4, 0x10A4, 0x10A4, 0x10A4, 0x10A4, 0x10A4, 0x10A4, 0x10A4,
    0x10A4, 0x10A4, 0x10A4, 0x10A4, 0x10A4, 0x10A4, 0x10A4, 0x10A4,
    0x10A4, 0x10A4, 0x10A4, 0x10A4, 0x10A4, 0x10A4, 0x10A4, 0x10A4,
    0x10A4, 0x10A4, 0x10A4, 0x10A4, 0x10A4, 0x10A4, 0x10A4, 0x10A4,
    0x10A4, 0x10A4, 0x10A4, 0x10A4, 0x10A4, 0x10A4, 0x10A4, 0x10A4,
    0x10A4, 0x10A4, 0x10A4, 0x10A4, 0x10A4, 0x10A4, 0x10A4, 0x10A4,
    0x10A4, 0x10A4, 0x10A4, 0x10A4, 0x10A4, 0x10A4, 0x10A4, 0x10A4,
    0x10A4, 0x10A4, 0x10A4, 0x10A4, 0x10A4, 0x10A4, 0x10A4, 0x10A4,
    0x10A4, 0x10A4, 0x10A4, 0x10A4, 0x10A4, 0x10A4, 0x10A4, 0x10A4,
    0x10A4, 0x10A4, 0x10A4, 0x10A4, 0x10A4, 0x10A4, 0x10A4, 0x10A4,
    0x10A4, 0x10A4, 0x10A4, 0x10A4, 0x10A4, 0x10A4, 0x10A4, 0x10A4,
    0x10A4, 0x10A4, 0x10A4, 0x10A4, 0x10A4, 0x10A4, 0x10A4, 0x10A4,
    0x10A4, 0x10A4, 0x10A3, 0x10A3, 0x10A3, 0x10A3, 0x10A3, 0x10A3,
    0x10A3, 0x10C3, 0x10C3, 0x10C3, 0x5245, 0x8BC6, 0x10C3, 0x10C3,
    0x10C3, 0x18C3, 0x18C3, 0x18C3, 0x18C3, 0x18C3, 0x18C3, 0x18C3,
    0x18C3, 0x18C3, 0x18C3, 0x18C3, 0x18C3, 0x18C3, 0x18E3, 0x18E3,
    0x18E3, 0x18E3, 0x18E3, 0x4A24, 0x2103, 0x18E3, 0x18E3, 0x18E3,
    0x18E3, 0x18E3, 0x18E3, 0x18E3, 0x18E3, 0x5A65, 0x5224, 0x18E3,
    0x18E3, 0x18E3, 0x18E3, 0x3184, 0xAC67, 0x2924, 0x18C3, 0x18C3,
    0x18C3, 0x18C3, 0x18C3, 0x18C3, 0x18C3, 0x18C3, 0x18C3, 0x18C3,
    0x10C3, 0x39C4, 0x41E4, 0x10C3, 0x10C3, 0x10C3, 0x10C3, 0x39A4,
    0x41C4, 0x10A3, 0x10A3, 0x10A3, 0x10A3, 0x10A3, 0x10A3, 0x10A4,
    0x10A4, 0x10A4, 0x10A4, 0x10A4, 0x10A4, 0x10A4, 0x10A4, 0x10A4,
    0x10A4, 0x10A4, 0x10A4, 0x10A4, 0x10A4, 0x10A4, 0x10A4, 0x10A4,
    0x10A4, 0x10A4, 0x10A4, 0x10A4, 0x10A4, 0x10A4, 0x10A4, 0x10A4,
    0x10A4, 0x10A4, 0x10A4, 0x10A4, 0x10A4, 0x10A4, 0x10A4, 0x10A4,
    0x10A4, 0x10A4, 0x10A4, 0x10A4, 0x10A4, 0x10A4, 0x10A4, 0x10A4,
    0x10A4, 0x10A4, 0x10A4, 0x10A4, 0x10A4, 0x10A4, 0x10A4, 0x10A4,
    0x10A4, 0x10A4, 0x10A4, 0x10A4, 0x10A4, 0x10A4, 0x10A4, 0x10A4,
    0x10A4, 0x10A4, 0x10A4, 0x10A4, 0x10A4, 0x10A4, 0x10A4, 0x10A4,
    0x10A4, 0x10A4, 0x10A4, 0x10A4, 0x10A4, 0x10A4, 0x10A4, 0x10A4,
    0x10A4, 0x10A4, 0x10A4, 0x10A4, 0x10A4, 0x10A4, 0x10A4, 0x10A4,
    0x10A4, 0x10A4, 0x10A4, 0x10A4, 0x10A4, 0x10A4, 0x10A4, 0x10A4,
    0x10A4, 0x10A4, 0x10A4, 0x10A4, 0x10A4, 0x10A4, 0x10A4, 0x10A4,
    0x10A4, 0x10A4, 0x10A4, 0x10A4, 0x10A4, 0x10A4, 0x10A4, 0x10A4,
    0x10A4, 0x10A4, 0x10A4, 0x10A4, 0x10A4, 0x10A4, 0x10A4, 0x10A4,
    0x10A4, 0x10A4, 0x10A4, 0x10A4, 0x10A4, 0x10A4, 0x10A4, 0x10A4,
    0x10A4, 0x10A4, 0x10A4, 0x10A4, 0x10A4, 0x10A4, 0x10A4, 0x10A4,
    0x10A4, 0x10A4, 0x10A4, 0x10A4, 0x10A4, 0x10A4, 0x10A4, 0x10A4,
    0x10A4, 0x10A4, 0x10A4, 0x10A4, 0x10A4, 0x10A4, 0x10A4, 0x10A4,
    0x10A4, 0x10A4, 0x10A4, 0x10A4, 0x10A4, 0x10A4, 0x10A4, 0x10A4,
    0x10A4, 0x10A4, 0x10A4, 0x10A4, 0x10A4, 0x10A4, 0x10A4, 0x10A3,
    0x10A3, 0x10A3, 0x10A3, 0x10A3, 0x3984, 0x39A4, 0x39A4, 0x39A4,
    0x18E3, 0x2104, 0x2944, 0x10C3, 0x7B46, 0xCD48, 0x18C3, 0x18C3,
    0x18C3, 0x18C3, 0x18C3, 0x18C3, 0x18C3, 0x18C3, 0x18E3, 0x18E3,
    0x3164, 0x4A04, 0x6AC5, 0x8BA6, 0xB487, 0xDDA8, 0x39A4, 0x18E3,
    0x18E3, 0x18E3, 0x18E3, 0xFE89, 0x41C4, 0x18E3, 0x18E3, 0x18E3,
    0x18E3, 0x18E3, 0x18E3, 0x18E3, 0x18E3, 0xDDC8, 0x8BA6, 0x18E3,
    0x18E3, 0x18E3, 0x18E3, 0x41E4, 0xFE89, 0x3184, 0x18E3, 0x18E3,
    0x18E3, 0x18E3, 0x18E3, 0x18C3, 0x18C3, 0x18C3, 0x18C3, 0x18C3,
    0x2944, 0xE5C8, 0x93E6, 0x2103, 0x2103, 0x18E3, 0x18E3, 0xDD88,
    0xA447, 0x18E3, 0x18E3, 0x18E3, 0x18E4, 0x10A3, 0x10A3, 0x10A3,
    0x10A3, 0x10A3, 0x10A4, 0x10A4, 0x10A4, 0x10A4, 0x10A4, 0x10A4,
    0x10A4, 0x10A4, 0x10A4, 0x10A4, 0x10A4, 0x10A4, 0x10A4, 0x10A4,
    0x10A4, 0x10A4, 0x10A4, 0x10A4, 0x10A4, 0x10A4, 0x10A4, 0x10A4,
    0x10A4, 0x10A4, 0x10A4, 0x10A4, 0x10A4, 0x10A4, 0x10A4, 0x10A4,
    0x10A4, 0x10A4, 0x10A4, 0x10A4, 0x10A4, 0x10A4, 0x10A4, 0x10A4,
    0x10A4, 0x10A4, 0x10A4, 0x10A4, 0x10A4, 0x10A4, 0x10A4, 0x10A4,
    0x10A4, 0x10A4, 0x10A4, 0x10A4, 0x10A4, 0x10A4, 0x10A4, 0x10A4,
    0x10A4, 0x10A4, 0x10A4, 0x10A4, 0x10A4, 0x10A4, 0x10A4, 0x10A4,
    0x10A4, 0x10A4, 0x10A4, 0x10A4, 0x10A4, 0x10A4, 0x10A4, 0x10A4,
    0x10A4, 0x10A4, 0x10A4, 0x10A4, 0x10A4, 0x10A4, 0x10A4, 0x10A4,
    0x10A4, 0x10A4, 0x10A4, 0x10A4, 0x10A4, 0x10A4, 0x10A4, 0x10A4,
    0x10A4, 0x10A4, 0x10A4, 0x10A4, 0x10A4, 0x10A4, 0x10A4, 0x10A4,
    0x10A4, 0x10A4, 0x10A4, 0x10A4, 0x10A4, 0x10A4, 0x10A4, 0x10A4,
    0x10A4, 0x10A4, 0x10A4, 0x10A4, 0x10A4, 0x10A4, 0x10A4, 0x10A4,
    0x10A4, 0x10A4, 0x10A4, 0x10A4, 0x10A4, 0x10A4, 0x10A4, 0x10A4,
    0x10A4, 0x10A4, 0x10A4, 0x10A4, 0x10A4, 0x10A4, 0x10A4, 0x10A4,
    0x10A4, 0x10A4, 0x10A4, 0x10A4, 0x10A4, 0x10A4, 0x10A4, 0x10A4,
    0x10A4, 0x10A4, 0x10A4, 0x10A4, 0x10A4, 0x10A4, 0x10A4, 0x10A4,
    0x10A4, 0x10A4, 0x10A4, 0x10A4, 0x10A4, 0x10A4, 0x10A4, 0x10A4,
    0x10A4, 0x10A4, 0x10A4, 0x10A4, 0x10A4, 0x10A3, 0x10A3, 0x10A3,
    0x10A3, 0x10A3, 0x10C3, 0x18E3, 0xFE89, 0xFE89, 0xFE89, 0xFE89,
    0x3184, 0x62A5, 0xF649, 0x18C3, 0x7B46, 0xCD48, 0x18C3, 0x18C3,
    0x18C3, 0x18E3, 0x18E3, 0x18E3, 0x18E3, 0x18E3, 0x18E3, 0xC527,
    0xFE89, 0xF669, 0xFE69, 0xDD88, 0x93C6, 0x62A5, 0x2943, 0x41C4,
    0xFE89, 0x18E3, 0x18E3, 0xFE89, 0x41C4, 0x18E3, 0x18E3, 0x18E3,
    0x18E3, 0x18E3, 0x18E3, 0x18E3, 0x6AE5, 0xF649, 0x2944, 0x18E3,
    0x39A4, 0x41C4, 0x41C4, 0x62A5, 0xFE89, 0x5245, 0x41C4, 0x41C4,
    0x41C4, 0x18E3, 0x18E3, 0x18E3, 0x18E3, 0x18E3, 0x18E3, 0x2923,
    0xCD48, 0xFE89, 0xFE89, 0xFE89, 0xFE89, 0xE5E8, 0x9C26, 0xFE89,
    0xFE89, 0xFE89, 0xFE89, 0xFE89, 0xFE89, 0x3184, 0x10C3, 0x10A3,
    0x10A3, 0x10A3, 0x10A3, 0x10A3, 0x10A4, 0x10A4, 0x10A4, 0x10A4,
    0x10A4, 0x10A4, 0x10A4, 0x10A4, 0x10A4, 0x10A4, 0x10A4, 0x10A4,
    0x10A4, 0x10A4, 0x10A4, 0x10A4, 0x10A4, 0x10A4, 0x10A4, 0x10A4,
    0x10A4, 0x10A4, 0x10A4, 0x10A4, 0x10A4, 0x10A4, 0x10A4, 0x10A4,
    0x10A4, 0x10A4, 0x10A4, 0x10A4, 0x10A4, 0x10A4, 0x10A4, 0x10A4,
    0x10A4, 0x10A4, 0x10A4, 0x10A4, 0x10A4, 0x10A4, 0x10A4, 0x10A4,
    0x10A4, 0x10A4, 0x10A4, 0x10A4, 0x10A4, 0x10A4, 0x10A4, 0x10A4,
    0x10A4, 0x10A4, 0x10A4, 0x10A4, 0x10A4, 0x10A4, 0x10A4, 0x10A4,
    0x10A4, 0x10A4, 0x10A4, 0x10A4, 0x10A4, 0x10A4, 0x10A4, 0x10A4,
    0x10A4, 0x10A4, 0x10A4, 0x10A4, 0x10A4, 0x10A4, 0x10A4, 0x10A4,
    0x10A4, 0x10A4, 0x10A4, 0x10A4, 0x10A4, 0x10A4, 0x10A4, 0x10A4,
    0x10A4, 0x10A4, 0x10A4, 0x10A4, 0x10A4, 0x10A4, 0x10A4, 0x10A4,
    0x10A4, 0x10A4, 0x10A4, 0x10A4, 0x10A4, 0x10A4, 0x10A4, 0x10A4,
    0x10A4, 0x10A4, 0x10A4, 0x10A4, 0x10A4, 0x10A4, 0x10A4, 0x10A4,
    0x10A4, 0x10A4, 0x10A4, 0x10A4, 0x10A4, 0x10A4, 0x10A4, 0x10A4,
    0x10A4, 0x10A4, 0x10A4, 0x10A4, 0x10A4, 0x10A4, 0x10A4, 0x10A4,
    0x10A4, 0x10A4, 0x10A4, 0x10A4, 0x10A4, 0x10A4, 0x10A4, 0x10A4,
    0x10A4, 0x10A4, 0x10A4, 0x10A4, 0x10A4, 0x10A4, 0x10A4, 0x10A4,
    0x10A4, 0x10A4, 0x10A4, 0x10A4, 0x10A4, 0x10A4, 0x10A4, 0x10A4,
    0x10A4, 0x10A4, 0x10A3, 0x10A3, 0x10A3, 0x10A3, 0x10A3, 0x10C3,
    0x10C3, 0x10C3, 0x10C3, 0x18E3, 0xFE89, 0x2104, 0x18C3, 0xFE89,
    0x39A4, 0x93C6, 0xD568, 0x39A4, 0x8BA6, 0xD588, 0x39A4, 0x39A4,
    0x39A4, 0x18E3, 0x18E3, 0x18E3, 0x18E3, 0x18E3, 0x18E3, 0x39C4,
    0x3184, 0x2103, 0xCD27, 0x93E6, 0x18E3, 0x18E3, 0x18E3, 0x41C4,
    0xFE89, 0x18E3, 0x18E3, 0xFE89, 0x41C4, 0x18E3, 0x18E3, 0x18E3,
    0x18E3, 0x18E3, 0x18E3, 0x2103, 0xDDA8, 0x93C6, 0x18E3, 0x2103,
    0xDDA8, 0xFE89, 0xFE89, 0xFE89, 0xFE89, 0xFE89, 0xFE89, 0xFE89,
    0xFE89, 0x18E3, 0x18E3, 0x18E3, 0x18E3, 0x18E3, 0x2103, 0xD568,
    0xC527, 0x3164, 0x5225, 0xAC67, 0x18E3, 0x3184, 0xC507, 0x4A25,
    0x18E3, 0x8BC6, 0x5A65, 0x10C3, 0x10C3, 0x10C3, 0x10C3, 0x10C3,
    0x10C3, 0x10C3, 0x10A3, 0x10A3, 0x10A3, 0x10A3, 0x10A3, 0x10A4,
    0x10A4, 0x10A4, 0x10A4, 0x10A4, 0x10A4, 0x10A4, 0x10A4, 0x10A4,
    0x10A4, 0x10A4, 0x10A4, 0x10A4, 0x10A4, 0x10A4, 0x10A4, 0x10A4,
    0x10A4, 0x10A4, 0x10A4, 0x10A4, 0x10A4, 0x10A4, 0x10A4, 0x10A4,
    0x10A4, 0x10A4, 0x10A4, 0x10A4, 0x10A4, 0x10A4, 0x10A4, 0x10A4,
    0x10A4, 0x10A4, 0x10A4, 0x10A4, 0x10A4, 0x10A4, 0x10A4, 0x10A4,
    0x10A4, 0x10A4, 0x10A4, 0x10A4, 0x10A4, 0x10A4, 0x10A4, 0x10A4,
    0x10A4, 0x10A4, 0x10A4, 0x10A4, 0x10A4, 0x10A4, 0x10A4, 0x10A4,
    0x10A4, 0x10A4, 0x10A4, 0x10A4, 0x10A4, 0x10A4, 0x10A4, 0x10A4,
    0x10A4, 0x10A4, 0x10A4, 0x10A4, 0x10A4, 0x10A4, 0x10A4, 0x10A4,
    0x10A4, 0x10A4, 0x10A4, 0x10A4, 0x10A4, 0x10A4, 0x10A4, 0x10A4,
    0x10A4, 0x10A4, 0x10A4, 0x10A4, 0x10A4, 0x10A4, 0x10A4, 0x10A4,
    0x10A4, 0x10A4, 0x10A4, 0x10A4, 0x10A4, 0x10A4, 0x10A4, 0x10A4,
    0x10A4, 0x10A4, 0x10A4, 0x10A4, 0x10A4, 0x10A4, 0x10A4, 0x10A4,
    0x10A4, 0x10A4, 0x10A4, 0x10A4, 0x10A4, 0x10A4, 0x10A4, 0x10A4,
    0x10A4, 0x10A4, 0x10A4, 0x10A4, 0x10A4, 0x10A4, 0x10A4, 0x10A4,
    0x10A4, 0x10A4, 0x10A4, 0x10A4, 0x10A4, 0x10A4, 0x10A4, 0x10A4,
    0x10A4, 0x10A4, 0x10A4, 0x10A4, 0x10A4, 0x10A4, 0x10A4, 0x10A4,
    0x10A4, 0x10A4, 0x10A4, 0x10A4, 0x10A4, 0x10A4, 0x10A4, 0x10A4,
    0x10A3, 0x10A3, 0x10A3, 0x10A3, 0x10A3, 0x10C3, 0x10C3, 0x10C3,
    0x10C3, 0x10C3, 0x10C3, 0x2103, 0xFE89, 0x2104, 0x18C3, 0xFE89,
    0x39A4, 0xC507, 0xE5E8, 0xD588, 0xE5E8, 0xF649, 0xD588, 0xD588,
    0xD588, 0x18E3, 0x18E3, 0x18E3, 0x18E3, 0x18E3, 0x18E3, 0x18E3,
    0x18E3, 0x18E3, 0xCD27, 0x93E6, 0x18E3, 0x18E3, 0x2103, 0x41E4,
    0xFE89, 0x2103, 0x2103, 0xFE89, 0x41E4, 0x2103, 0x2103, 0x2103,
    0x2103, 0x2103, 0x2103, 0x7B45, 0xEE28, 0x2943, 0x5224, 0xDDC8,
    0x2923, 0x2103, 0x2103, 0x4A04, 0xFE89, 0x3984, 0x18E3, 0x18E3,
    0x18E3, 0x18E3, 0x18E3, 0x18E3, 0x18E3, 0x18E3, 0x18E3, 0x39A4,
    0x6AE5, 0xF649, 0xF649, 0xF649, 0xF649, 0xF649, 0xF649, 0xF649,
    0xF649, 0xF649, 0xF649, 0x62C5, 0x18C3, 0x18C3, 0x10C3, 0x10C3,
    0x10C3, 0x10C3, 0x10C3, 0x10C3, 0x10A3, 0x10A3, 0x10A3, 0x10A3,
    0x10A3, 0x10A4, 0x10A4, 0x10A4, 0x10A4, 0x10A4, 0x10A4, 0x10A4,
    0x10A4, 0x10A4, 0x10A4, 0x10A4, 0x10A4, 0x10A4, 0x10A4, 0x10A4,
    0x10A4, 0x10A4, 0x10A4, 0x10A4, 0x10A4, 0x10A4, 0x10A4, 0x10A4,
    0x10A4, 0x10A4, 0x10A4, 0x10A4, 0x10A4, 0x10A4, 0x10A4, 0x10A4,
    0x10A4, 0x10A4, 0x10A4, 0x10A4, 0x10A4, 0x10A4, 0x10A4, 0x10A4,
    0x10A4, 0x10A4, 0x10A4, 0x10A4, 0x10A4, 0x10A4, 0x10A4, 0x10A4,
    0x10A4, 0x10A4, 0x10A4, 0x10A4, 0x10A4, 0x10A4, 0x10A4, 0x10A4,
    0x10A4, 0x10A4, 0x10A4, 0x10A4, 0x10A4, 0x10A4, 0x10A4, 0x10A4,
    0x10A4, 0x10A4, 0x10A4, 0x10A4, 0x10A4, 0x10A4, 0x10A4, 0x10A4,
    0x10A4, 0x10A4, 0x10A4, 0x10A4, 0x10A4, 0x10A4, 0x10A4, 0x10A4,
    0x10A4, 0x10A4, 0x10A4, 0x10A4, 0x10A4, 0x10A4, 0x10A4, 0x10A4,
    0x10A4, 0x10A4, 0x10A4, 0x10A4, 0x10A4, 0x10A4, 0x10A4, 0x10A4,
    0x10A4, 0x10A4, 0x10A4, 0x10A4, 0x10A4, 0x10A4, 0x10A4, 0x10A4,
    0x10A4, 0x10A4, 0x10A4, 0x10A4, 0x10A4, 0x10A4, 0x10A4, 0x10A4,
    0x10A4, 0x10A4, 0x10A4, 0x10A4, 0x10A4, 0x10A4, 0x10A4, 0x10A4,
    0x10A4, 0x10A4, 0x10A4, 0x10A4, 0x10A4, 0x10A4, 0x10A4, 0x10A4,
    0x10A4, 0x10A4, 0x10A4, 0x10A4, 0x10A4, 0x10A4, 0x10A4, 0x10A4,
    0x10A4, 0x10A4, 0x10A4, 0x10A4, 0x10A4, 0x10A4, 0x10A3, 0x10A3,
    0x10A3, 0x10A3, 0x10A3, 0x10C3, 0x10C3, 0x10C3, 0x10C3, 0x10C3,
    0x18C3, 0x18C3, 0x18C3, 0x2103, 0xFE89, 0xFE89, 0xFE89, 0xFE89,
    0x4A04, 0xFE69, 0x5245, 0x18E3, 0x7B46, 0xCD48, 0x18E3, 0x18E3,
    0x18E3, 0x18E3, 0x18E3, 0x18E3, 0x18E3, 0x18E3, 0x18E3, 0xEDE8,
    0xEDE8, 0xEDE8, 0xFE69, 0xF649, 0xEDE8, 0xEDE8, 0x8BA6, 0x41E4,
    0xFE89, 0x2103, 0x2103, 0xFE89, 0x41E4, 0x2103, 0x2103, 0x2103,
    0x2103, 0x2103, 0x4A04, 0xF649, 0xCD48, 0xB4A7, 0xEE08, 0xA426,
    0x2103, 0x2103, 0x2103, 0x4A04, 0xFE89, 0x39A4, 0x2103, 0x2103,
    0x2103, 0x2103, 0x18E3, 0x18E3, 0x18E3, 0x18E3, 0x18E3, 0x18E3,
    0x7305, 0xE5C8, 0x18E3, 0x18E3, 0x18E3, 0x18E3, 0x18E3, 0x18E3,
    0x18E3, 0x18E3, 0xDDA8, 0x6AE5, 0x18C3, 0x18C3, 0x18C3, 0x18C3,
    0x18C3, 0x10C3, 0x10C3, 0x10C3, 0x10C3, 0x10C3, 0x10A3, 0x10A3,
    0x10A3, 0x10A3, 0x10A3, 0x10A4, 0x10A4, 0x10A4, 0x10A4, 0x10A4,
    0x10A4, 0x10A4, 0x10A4, 0x10A4, 0x10A4, 0x10A4, 0x10A4, 0x10A4,
    0x10A4, 0x10A4, 0x10A4, 0x10A4, 0x10A4, 0x10A4, 0x10A4, 0x10A4,
    0x10A4, 0x10A4, 0x10A4, 0x10A4, 0x10A4, 0x10A4, 0x10A4, 0x10A4,
    0x10A4, 0x10A4, 0x10A4, 0x10A4, 0x10A4, 0x10A4, 0x10A4, 0x10A4,
    0x10A4, 0x10A4, 0x10A4, 0x10A4, 0x10A4, 0x10A4, 0x10A4, 0x10A4,
    0x10A4, 0x10A4, 0x10A4, 0x10A4, 0x10A4, 0x10A4, 0x10A4, 0x10A4,
    0x10A4, 0x10A4, 0x10A4, 0x10A4, 0x10A4, 0x10A4, 0x10A4, 0x10A4,
    0x10A4, 0x10A4, 0x10A4, 0x10A4, 0x10A4, 0x10A4, 0x10A4, 0x10A4,
    0x10A4, 0x10A4, 0x10A4, 0x10A4, 0x10A4, 0x10A4, 0x10A4, 0x10A4,
    0x10A4, 0x10A4, 0x10A4, 0x10A4, 0x10A4, 0x10A4, 0x10A4, 0x10A4,
    0x10A4, 0x10A4, 0x10A4, 0x10A4, 0x10A4, 0x10A4, 0x10A4, 0x10A4,
    0x10A4, 0x10A4, 0x10A4, 0x10A4, 0x10A4, 0x10A4, 0x10A4, 0x10A4,
    0x10A4, 0x10A4, 0x10A4, 0x10A4, 0x10A4, 0x10A4, 0x10A4, 0x10A4,
    0x10A4, 0x10A4, 0x10A4, 0x10A4, 0x10A4, 0x10A4, 0x10A4, 0x10A4,
    0x10A4, 0x10A4, 0x10A4, 0x10A4, 0x10A4, 0x10A4, 0x10A4, 0x10A4,
    0x10A4, 0x10A4, 0x10A4, 0x10A4, 0x10A4, 0x10A4, 0x10A4, 0x10A4,
    0x10A4, 0x10A4, 0x10A4, 0x10A4, 0x10A3, 0x10A3, 0x10A3, 0x10A3,
    0x10C3, 0x10C3, 0x10C3, 0x10C3, 0x10C3, 0x18C3, 0x18C3, 0x18C3,
    0x18C3, 0x18C3, 0x18C3, 0x2103, 0xFE89, 0x4A04, 0x41C4, 0xFE89,
    0x8BA6, 0xF628, 0x2103, 0x18E3, 0x7B46, 0xCD48, 0x18E3, 0x18E3,
    0x18E3, 0x2103, 0x2103, 0x2103, 0x2103, 0x2103, 0x2103, 0x6AE5,
    0x6AE5, 0x7B45, 0xFE89, 0xBCE7, 0x6AE5, 0x6AE5, 0x4A24, 0x41E4,
    0xFE89, 0x2103, 0x2103, 0xFE89, 0x41E4, 0x2103, 0x2103, 0x2103,
    0x2103, 0x2103, 0x41E4, 0xB4A7, 0x8386, 0xB4A7, 0xF648, 0x3984,
    0x7B45, 0xFE89, 0xFE89, 0xFE89, 0xFE89, 0xFE89, 0xFE89, 0xFE89,
    0x8366, 0x2103, 0x2103, 0x2103, 0x2103, 0x2103, 0x2103, 0x2103,
    0x7305, 0xFE89, 0xFE89, 0xFE89, 0xFE89, 0xFE89, 0xFE89, 0xFE89,
    0xFE89, 0xFE89, 0xFE89, 0x6AE5, 0x18E3, 0x18E3, 0x18C3, 0x18C3,
    0x18C3, 0x18C3, 0x18C3, 0x18C3, 0x10C3, 0x10C3, 0x10C3, 0x10C3,
    0x10C3, 0x10A3, 0x10A3, 0x10A3, 0x10A3, 0x10A4, 0x10A4, 0x10A4,
    0x10A4, 0x10A4, 0x10A4, 0x10A4, 0x10A4, 0x10A4, 0x10A4, 0x10A4,
    0x10A4, 0x10A4, 0x10A4, 0x10A4, 0x10A4, 0x10A4, 0x10A4, 0x10A4,
    0x10A4, 0x10A4, 0x10A4, 0x10A4, 0x10A4, 0x10A4, 0x10A4, 0x10A4,
    0x10A4, 0x10A4, 0x10A4, 0x10A4, 0x10A4, 0x10A4, 0x10A4, 0x10A4,
    0x10A4, 0x10A4, 0x10A4, 0x10A4, 0x10A4, 0x10A4, 0x10A4, 0x10A4,
    0x10A4, 0x10A4, 0x10A4, 0x10A4, 0x10A4, 0x10A4, 0x10A4, 0x10A4,
    0x10A4, 0x10A4, 0x10A4, 0x10A4, 0x10A4, 0x10A4, 0x10A4, 0x10A4,
    0x10A4, 0x10A4, 0x10A4, 0x10A4, 0x10A4, 0x10A4, 0x10A4, 0x10A4,
    0x10A4, 0x10A4, 0x10A4, 0x10A4, 0x10A4, 0x10A4, 0x10A4, 0x10A4,
    0x10A4, 0x10A4, 0x10A4, 0x10A4, 0x10A4, 0x10A4, 0x10A4, 0x10A4,
    0x10A4, 0x10A4, 0x10A4, 0x10A4, 0x10A4, 0x10A4, 0x10A4, 0x10A4,
    0x10A4, 0x10A4, 0x10A4, 0x10A4, 0x10A4, 0x10A4, 0x10A4, 0x10A4,
    0x10A4, 0x10A4, 0x10A4, 0x10A4, 0x10A4, 0x10A4, 0x10A4, 0x10A4,
    0x10A4, 0x10A4, 0x10A4, 0x10A4, 0x10A4, 0x10A4, 0x10A4, 0x10A4,
    0x10A4, 0x10A4, 0x10A4, 0x10A4, 0x10A4, 0x10A4, 0x10A4, 0x10A4,
    0x10A4, 0x10A4, 0x10A4, 0x10A4, 0x10A4, 0x10A4, 0x10A4, 0x10A4,
    0x10A4, 0x10A4, 0x10A3, 0x10A3, 0x10A3, 0x10A3, 0x10C3, 0x10C3,
    0x10C3, 0x10C3, 0x10C3, 0x18C3, 0x18C3, 0x18C3, 0x18C3, 0x18C3,
    0x18E3, 0x18E3, 0x18E3, 0x2103, 0xFE89, 0x2123, 0x18E3, 0xFE89,
    0x4A04, 0x5245, 0x18E3, 0x18E3, 0x7B46, 0xCD68, 0x2103, 0x2103,
    0x2103, 0x2103, 0x2103, 0x2103, 0x2103, 0x2103, 0x2103, 0x2103,
    0x2103, 0xA446, 0xFE89, 0xDDA8, 0x39A4, 0x2103, 0x2103, 0x41E4,
    0xFE89, 0x2103, 0x2103, 0xFE89, 0x41E4, 0x2103, 0x2103, 0x2103,
    0x2103, 0x2103, 0x2103, 0x2103, 0x3163, 0xEE28, 0x8BA6, 0x2103,
    0x3163, 0x41E4, 0x41E4, 0x41E4, 0x41E4, 0x41E4, 0x41E4, 0x41E4,
    0x3163, 0x2103, 0x2103, 0x2103, 0x2103, 0x2103, 0x2103, 0x2103,
    0x7305, 0xE5C8, 0x2123, 0x2123, 0x2103, 0x2103, 0x2103, 0x2103,
    0x2103, 0x2103, 0xDDA8, 0x6AE5, 0x18E3, 0x18E3, 0x18E3, 0x18E3,
    0x18E3, 0x18C3, 0x18C3, 0x18C3, 0x18C3, 0x18C3, 0x10C3, 0x10C3,
    0x10C3, 0x10C3, 0x10C3, 0x10A3, 0x10A3, 0x10A3, 0x10A3, 0x10A4,
    0x10A4, 0x10A4, 0x10A4, 0x10A4, 0x10A4, 0x10A4, 0x10A4, 0x10A4,
    0x10A4, 0x10A4, 0x10A4, 0x10A4, 0x10A4, 0x10A4, 0x10A4, 0x10A4,
    0x10A4, 0x10A4, 0x10A4, 0x10A4, 0x10A4, 0x10A4, 0x10A4, 0x10A4,
    0x10A4, 0x10A4, 0x10A4, 0x10A4, 0x10A4, 0x10A4, 0x10A4, 0x10A4,
    0x10A4, 0x10A4, 0x10A4, 0x10A4, 0x10A4, 0x10A4, 0x10A4, 0x10A4,
    0x10A4, 0x10A4, 0x10A4, 0x10A4, 0x10A4, 0x10A4, 0x10A4, 0x10A4,
    0x10A4, 0x10A4, 0x10A4, 0x10A4, 0x10A4, 0x10A4, 0x10A4, 0x10A4,
    0x10A4, 0x10A4, 0x10A4, 0x10A4, 0x10A4, 0x10A4, 0x10A4, 0x10A4,
    0x10A4, 0x10A4, 0x10A4, 0x10A4, 0x10A4, 0x10A4, 0x10A4, 0x10A4,
    0x10A4, 0x10A4, 0x10A4, 0x10A4, 0x10A4, 0x10A4, 0x10A4, 0x10A4,
    0x10A4, 0x10A4, 0x10A4, 0x10A4, 0x10A4, 0x10A4, 0x10A4, 0x10A4,
    0x10A4, 0x10A4, 0x10A4, 0x10A4, 0x10A4, 0x10A4, 0x10A4, 0x10A4,
    0x10A4, 0x10A4, 0x10A4, 0x10A4, 0x10A4, 0x10A4, 0x10A4, 0x10A4,
    0x10A4, 0x10A4, 0x10A4, 0x10A4, 0x10A4, 0x10A4, 0x10A4, 0x10A4,
    0x10A4, 0x10A4, 0x10A4, 0x10A4, 0x10A4, 0x10A4, 0x10A4, 0x10A4,
    0x10A4, 0x10A4, 0x10A4, 0x10A4, 0x10A4, 0x10A4, 0x10A4, 0x10A4,
    0x10A3, 0x10A3, 0x10A3, 0x10A3, 0x10C3, 0x10C3, 0x10C3, 0x10C3,
    0x10C3, 0x18C3, 0x18C3, 0x18C3, 0x18C3, 0x18C3, 0x18E3, 0x18E3,
    0x18E3, 0x18E3, 0x18E3, 0x2923, 0xFE89, 0x4A04, 0x41C4, 0xFE89,
    0x39C4, 0x8BA6, 0xB4C7, 0xB4C7, 0xD588, 0xEE28, 0xB4C7, 0xB4C7,
    0x9C06, 0x2103, 0x2103, 0x2103, 0x2103, 0x2103, 0x2103, 0x2103,
    0x41E4, 0xFE69, 0xF648, 0xEE28, 0xE5C8, 0x41C4, 0x2923, 0x4A04,
    0xFE89, 0x2923, 0x2923, 0xFE89, 0x4A04, 0x2923, 0x2923, 0x2923,
    0x2923, 0x2923, 0x2923, 0x2923, 0xB4A7, 0xDDA8, 0x2943, 0x39A4,
    0x2923, 0x2923, 0x2923, 0x2103, 0x2103, 0x2103, 0x2103, 0x2103,
    0x2103, 0x2103, 0x2103, 0x2103, 0x2103, 0x2103, 0x2103, 0x2103,
    0x7305, 0xFE69, 0xDDA8, 0xDDA8, 0xDDA8, 0xDDA8, 0xDDA8, 0xDDA8,
    0xDDA8, 0xDDA8, 0xFE69, 0x7305, 0x18E3, 0x18E3, 0x18E3, 0x18E3,
    0x18E3, 0x18E3, 0x18E3, 0x18C3, 0x18C3, 0x18C3, 0x18C3, 0x18C3,
    0x10C3, 0x10C3, 0x10C3, 0x10C3, 0xFF72, 0x10A3, 0x10A3, 0x10A3,
    0x10A3, 0x10A4, 0x10A4, 0x10A4, 0x10A4, 0x10A4, 0x10A4, 0x10A4,
    0x10A4, 0x10A4, 0x10A4, 0x10A4, 0x10A4, 0x10A4, 0x10A4, 0x10A4,
    0x10A4, 0x10A4, 0x10A4, 0x10A4, 0x10A4, 0x10A4, 0x10A4, 0x10A4,
    0x10A4, 0x10A4, 0x10A4, 0x10A4, 0x10A4, 0x10A4, 0x10A4, 0x10A4,
    0x10A4, 0x10A4, 0x10A4, 0x10A4, 0x10A4, 0x10A4, 0x10A4, 0x10A4,
    0x10A4, 0x10A4, 0x10A4, 0x10A4, 0x10A4, 0x10A4, 0x10A4, 0x10A4,
    0x10A4, 0x10A4, 0x10A4, 0x10A4, 0x10A4, 0x10A4, 0x10A4, 0x10A4,
    0x10A4, 0x10A4, 0x10A4, 0x10A4, 0x10A4, 0x10A4, 0x10A4, 0x10A4,
    0x10A4, 0x10A4, 0x10A4, 0x10A4, 0x10A4, 0x10A4, 0x10A4, 0x10A4,
    0x10A4, 0x10A4, 0x10A4, 0x10A4, 0x10A4, 0x10A4, 0x10A4, 0x10A4,
    0x10A4, 0x10A4, 0x10A4, 0x10A4, 0x10A4, 0x10A4, 0x10A4, 0x10A4,
    0x10A4, 0x10A4, 0x10A4, 0x10A4, 0x10A4, 0x10A4, 0x10A4, 0x10A4,
    0x10A4, 0x10A4, 0x10A4, 0x10A4, 0x10A4, 0x10A4, 0x10A4, 0x10A4,
    0x10A4, 0x10A4, 0x10A4, 0x10A4, 0x10A4, 0x10A4, 0x10A4, 0x10A4,
    0x10A4, 0x10A4, 0x10A4, 0x10A4, 0x10A4, 0x10A4, 0x10A4, 0x10A4,
    0x10A4, 0x10A4, 0x10A4, 0x10A4, 0x10A4, 0x10A4, 0x10A3, 0x10A3,
    0x10A3, 0x10A3, 0x10C3, 0x10C3, 0x10C3, 0x10C3, 0x10C3, 0x18C3,
    0x18C3, 0x18C3, 0x18C3, 0x18E3, 0x18E3, 0x18E3, 0x18E3, 0x18E3,
    0x18E3, 0x18E3, 0x18E3, 0x2964, 0xFE89, 0xFE89, 0xFE89, 0xFE89,
    0x41C4, 0x8366, 0xA446, 0xA446, 0xCD47, 0xEE08, 0xA446, 0xA446,
    0x8BA6, 0x2103, 0x2103, 0x2103, 0x2103, 0x2103, 0x2103, 0x3143,
    0xD568, 0xBCC7, 0xCD27, 0x9C06, 0xAC87, 0xEE08, 0x4A04, 0x4A04,
    0xFE89, 0x2923, 0x2923, 0xFE89, 0x4A04, 0x2923, 0x2923, 0x2923,
    0x2923, 0x2923, 0x2923, 0x93E6, 0xFE89, 0xC527, 0xDD88, 0xFE89,
    0x3983, 0xFE89, 0xFE89, 0xFE89, 0xFE89, 0xFE89, 0xFE89, 0xFE89,
    0x2943, 0x2923, 0x2103, 0x2103, 0x2103, 0x2103, 0x2103, 0x2103,
    0x7305, 0xE5C8, 0x2103, 0x2103, 0x2103, 0x2103, 0x2103, 0x2103,
    0x2103, 0x2103, 0xDDA8, 0x7305, 0x18E3, 0x18E3, 0x18E3, 0x18E3,
    0x18E3, 0x18E3, 0x18E3, 0x18E3, 0x18E3, 0x18E3, 0x18C3, 0x18C3,
    0x18C3, 0x18C3, 0x10C3, 0x10C3, 0xFF72, 0x10C3, 0x10C3, 0x10A3,
    0x10A3, 0x10A3, 0x10A3, 0x10A4, 0x10A4, 0x10A4, 0x10A4, 0x10A4,
    0x10A4, 0x10A4, 0x10A4, 0x10A4, 0x10A4, 0x10A4, 0x10A4, 0x10A4,
    0x10A4, 0x10A4, 0x10A4, 0x10A4, 0x10A4, 0x10A4, 0x10A4, 0x10A4,
    0x10A4, 0x10A4, 0x10A4, 0x10A4, 0x10A4, 0x10A4, 0x10A4, 0x10A4,
    0x10A4, 0x10A4, 0x10A4, 0x10A4, 0x10A4, 0x10A4, 0x10A4, 0x10A4,
    0x10A4, 0x10A4, 0x10A4, 0x10A4, 0x10A4, 0x10A4, 0x10A4, 0x10A4,
    0x10A4, 0x10A4, 0x10A4, 0x10A4, 0x10A4, 0x10A4, 0x10A4, 0x10A4,
    0x10A4, 0x10A4, 0x10A4, 0x10A4, 0x10A4, 0x10A4, 0x10A4, 0x10A4,
    0x10A4, 0x10A4, 0x10A4, 0x10A4, 0x10A4, 0x10A4, 0x10A4, 0x10A4,
    0x10A4, 0x10A4, 0x10A4, 0x10A4, 0x10A4, 0x10A4, 0x10A4, 0x10A4,
    0x10A4, 0x10A4, 0x10A4, 0x10A4, 0x10A4, 0x10A4, 0x10A4, 0x10A4,
    0x10A4, 0x10A4, 0x10A4, 0x10A4, 0x10A4, 0x10A4, 0x10A4, 0x10A4,
    0x10A4, 0x10A4, 0x10A4, 0x10A4, 0x10A4, 0x10A4, 0x10A4, 0x10A4,
    0x10A4, 0x10A4, 0x10A4, 0x10A4, 0x10A4, 0x10A4, 0x10A4, 0x10A4,
    0x10A4, 0x10A4, 0x10A4, 0x10A4, 0x10A4, 0x10A4, 0x10A4, 0x10A4,
    0x10A4, 0x10A4, 0x10A4, 0x10A4, 0x10A3, 0x10A3, 0x10A3, 0x10A3,
    0x10C3, 0x10C3, 0x10C3, 0x10C3, 0x10C3, 0x18C3, 0x18C3, 0x18C3,
    0x18C3, 0x18E3, 0x18E3, 0x18E3, 0x18E3, 0x18E3, 0x18E3, 0x18E3,
    0x18E3, 0x18E3, 0x18E3, 0x39A4, 0xFE89, 0x2103, 0x2103, 0xFE89,
    0x41C4, 0x2103, 0x2103, 0x2103, 0x8365, 0xD568, 0x2103, 0x2103,
    0x2103, 0x2103, 0x2923, 0x2923, 0x2923, 0x2923, 0x2923, 0xBCC7,
    0xF648, 0x41C4, 0xCD27, 0x9C06, 0x2943, 0xBCE7, 0x6284, 0x4A04,
    0xFE89, 0x2943, 0x2943, 0xFE89, 0x4A04, 0x2943, 0x2943, 0x2943,
    0x2943, 0x2943, 0x2943, 0xDDA8, 0xD588, 0xA426, 0x6AE5, 0x39C3,
    0x39A3, 0xFE89, 0x72E5, 0x4A04, 0x4A04, 0x4A04, 0x7B25, 0xFE89,
    0x2943, 0x2923, 0x2923, 0x2923, 0x2923, 0x2923, 0x2923, 0x2103,
    0x7305, 0xFE89, 0xFE89, 0xFE89, 0xFE89, 0xFE89, 0xFE89, 0xFE89,
    0xFE89, 0xFE89, 0xFE89, 0x72E5, 0x2103, 0x18E3, 0x18E3, 0x18E3,
    0x18E3, 0x18E3, 0x18E3, 0x18E3, 0x18E3, 0x18E3, 0x18E3, 0x18E3,
    0x18C3, 0x18C3, 0x18C3, 0x18C3, 0xFF72, 0x10C3, 0x10C3, 0x10C3,
    0x10C3, 0x10A3, 0x10A3, 0x10A3, 0x10A3, 0x10A4, 0x10A4, 0x10A4,
    0x10A4, 0x10A4, 0x10A4, 0x10A4, 0x10A4, 0x10A4, 0x10A4, 0x10A4,
    0x10A4, 0x10A4, 0x10A4, 0x10A4, 0x10A4, 0x10A4, 0x10A4, 0x10A4,
    0x10A4, 0x10A4, 0x10A4, 0x10A4, 0x10A4, 0x10A4, 0x10A4, 0x10A4,
    0x10A4, 0x10A4, 0x10A4, 0x10A4, 0x10A4, 0x10A4, 0x10A4, 0x10A4,
    0x10A4, 0x10A4, 0x10A4, 0x10A4, 0x10A4, 0x10A4, 0x10A4, 0x10A4,
    0x10A4, 0x10A4, 0x10A4, 0x10A4, 0x10A4, 0x10A4, 0x10A4, 0x10A4,
    0x10A4, 0x10A4, 0x10A4, 0x10A4, 0x10A4, 0x10A4, 0x10A4, 0x10A4,
    0x10A4, 0x10A4, 0x10A4, 0x10A4, 0x10A4, 0x10A4, 0x10A4, 0x10A4,
    0x10A4, 0x10A4, 0x10A4, 0x10A4, 0x10A4, 0x10A4, 0x10A4, 0x10A4,
    0x10A4, 0x10A4, 0x10A4, 0x10A4, 0x10A4, 0x10A4, 0x10A4, 0x10A4,
    0x10A4, 0x10A4, 0x10A4, 0x10A4, 0x10A4, 0x10A4, 0x10A4, 0x10A4,
    0x10A4, 0x10A4, 0x10A4, 0x10A4, 0x10A4, 0x10A4, 0x10A4, 0x10A4,
    0x10A4, 0x10A4, 0x10A4, 0x10A4, 0x10A4, 0x10A4, 0x10A4, 0x10A4,
    0x10A4, 0x10A4, 0x10A4, 0x10A4, 0x10A4, 0x10A4, 0x10A4, 0x10A4,
    0x10A4, 0x10A4, 0x10A4, 0x10A3, 0x10A3, 0x10A3, 0x10A3, 0x10C3,
    0x10C3, 0x10C3, 0x10C3, 0x18C3, 0x18C3, 0x18C3, 0x18C3, 0x18E3,
    0x18E3, 0x18E3, 0x18E3, 0x18E3, 0x18E3, 0x18E3, 0x18E3, 0x18E3,
    0x18E3, 0x2103, 0x2103, 0x5A64, 0xEE28, 0x2103, 0x2103, 0xFE89,
    0x41E4, 0x2103, 0x2103, 0x2103, 0x8365, 0xD568, 0x2923, 0x2923,
    0x2923, 0x2923, 0x2923, 0x2923, 0x2923, 0x2923, 0x5244, 0xFE89,
    0x62C5, 0x2943, 0xCD47, 0x9C06, 0x2943, 0x2943, 0x2943, 0x39A3,
    0xA446, 0x2943, 0x2943, 0xFE89, 0x4A04, 0x2943, 0x2943, 0x2943,
    0x2943, 0x2943, 0x2943, 0x3163, 0x2943, 0x2943, 0x2943, 0x2943,
    0x39A3, 0xFE89, 0x5244, 0x2943, 0x2943, 0x2943, 0x62A5, 0xFE89,
    0x2943, 0x2943, 0x2923, 0x2923, 0x2923, 0x2923, 0x2923, 0x2943,
    0x2943, 0x2943, 0x7B25, 0xE5C8, 0x2943, 0x2943, 0x2943, 0x2943,
    0xB487, 0xA446, 0x2923, 0x2923, 0x2923, 0x2103, 0x2103, 0x2103,
    0x18E3, 0x18E3, 0x18E3, 0x18E3, 0x18E3, 0x18E3, 0x18E3, 0x18E3,
    0x18E3, 0x18E3, 0x18C3, 0x18C3, 0xFF72, 0x18C3, 0x10C3, 0x10C3,
    0x10C3, 0x10C3, 0x10A3, 0x10A3, 0x10A3, 0x10A3, 0x10A4, 0x10A4,
    0x10A4, 0x10A4, 0x10A4, 0x10A4, 0x10A4, 0x10A4, 0x10A4, 0x10A4,
    0x10A4, 0x10A4, 0x10A4, 0x10A4, 0x10A4, 0x10A4, 0x10A4, 0x10A4,
    0x10A4, 0x10A4, 0x10A4, 0x10A4, 0x10A4, 0x10A4, 0x10A4, 0x10A4,
    0x10A4, 0x10A4, 0x10A4, 0x10A4, 0x10A4, 0x10A4, 0x10A4, 0x10A4,
    0x10A4, 0x10A4, 0x10A4, 0x10A4, 0x10A4, 0x10A4, 0x10A4, 0x10A4,
    0x10A4, 0x10A4, 0x10A4, 0x10A4, 0x10A4, 0x10A4, 0x10A4, 0x10A4,
    0x10A4, 0x10A4, 0x10A4, 0x10A4, 0x10A4, 0x10A4, 0x10A4, 0x10A4,
    0x10A4, 0x10A4, 0x10A4, 0x10A4, 0x10A4, 0x10A4, 0x10A4, 0x10A4,
    0x10A4, 0x10A4, 0x10A4, 0x10A4, 0x10A4, 0x10A4, 0x10A4, 0x10A4,
    0x10A4, 0x10A4, 0x10A4, 0x10A4, 0x10A4, 0x10A4, 0x10A4, 0x10A4,
    0x10A4, 0x10A4, 0x10A4, 0x10A4, 0x10A4, 0x10A4, 0x10A4, 0x10A4,
    0x10A4, 0x10A4, 0x10A4, 0x10A4, 0x10A4, 0x10A4, 0x10A4, 0x10A4,
    0x10A4, 0x10A4, 0x10A4, 0x10A4, 0x10A4, 0x10A4, 0x10A4, 0x10A4,
    0x10A4, 0x10A4, 0x10A4, 0x10A4, 0x10A4, 0x10A4, 0x10A4, 0x10A4,
    0x10A4, 0x10A3, 0x10A3, 0x10A3, 0x10A3, 0x10C3, 0x10C3, 0x10C3,
    0x10C3, 0x18C3, 0x18C3, 0x18C3, 0x18C3, 0x18E3, 0x18E3, 0x18E3,
    0x18E3, 0x18E3, 0x18E3, 0x18E3, 0x18E3, 0x18E3, 0x18E3, 0x2103,
    0x2103, 0x2103, 0x2103, 0x8386, 0xCD48, 0x2103, 0x2103, 0xFE89,
    0x41E4, 0x2103, 0x2923, 0x2923, 0x8365, 0xD568, 0x2923, 0x2923,
    0x2923, 0x2923, 0x2943, 0x2943, 0x2943, 0x2943, 0x2943, 0x6284,
    0x2943, 0x2943, 0xCD47, 0x9C06, 0x2943, 0x2943, 0x2943, 0x2943,
    0x2943, 0x2943, 0x2943, 0xFE89, 0x4A24, 0x2943, 0x2943, 0x2943,
    0x2943, 0x2943, 0x2943, 0x2943, 0x39A3, 0x6AE5, 0x9C26, 0xD568,
    0x5244, 0xFE89, 0x5244, 0x2943, 0x2943, 0x2943, 0x62A5, 0xFE89,
    0x2943, 0x2943, 0x2943, 0x2943, 0x2943, 0x2943, 0x62C5, 0xFE89,
    0xFE89, 0xFE89, 0xFE89, 0xFE89, 0xFE89, 0xFE89, 0xFE89, 0xFE89,
    0xFE89, 0xFE89, 0xFE89, 0xFE89, 0xFE89, 0x5A65, 0x2103, 0x2103,
    0x2103, 0x2103, 0x18E3, 0x18E3, 0x18E3, 0x18E3, 0x18E3, 0x18E3,
    0xFF72, 0xFF72, 0xFF72, 0xFF72, 0xFF72, 0xFF72, 0xFF72, 0xFF72,
    0xFF72, 0x10C3, 0x10C3, 0x10C3, 0x10A3, 0x10A3, 0x10A3, 0x10A3,
    0x10A4, 0x10A4, 0x10A4, 0x10A4, 0x10A4, 0x10A4, 0x10A4, 0x10A4,
    0x10A4, 0x10A4, 0x10A4, 0x10A4, 0x10A4, 0x10A4, 0x10A4, 0x10A4,
    0x10A4, 0x10A4, 0x10A4, 0x10A4, 0x10A4, 0x10A4, 0x10A4, 0x10A4,
    0x10A4, 0x10A4, 0x10A4, 0x10A4, 0x10A4, 0x10A4, 0x10A4, 0x10A4,
    0x10A4, 0x10A4, 0x10A4, 0x10A4, 0x10A4, 0x10A4, 0x10A4, 0x10A4,
    0x10A4, 0x10A4, 0x10A4, 0x10A4, 0x10A4, 0x10A4, 0x10A4, 0x10A4,
    0x10A4, 0x10A4, 0x10A4, 0x10A4, 0x10A4, 0x10A4, 0x10A4, 0x10A4,
    0x10A4, 0x10A4, 0x10A4, 0x10A4, 0x10A4, 0x10A4, 0x10A4, 0x10A4,
    0x10A4, 0x10A4, 0x10A4, 0x10A4, 0x10A4, 0x10A4, 0x10A4, 0x10A4,
    0x10A4, 0x10A4, 0x10A4, 0x10A4, 0x10A4, 0x10A4, 0x10A4, 0x10A4,
    0x10A4, 0x10A4, 0x10A4, 0x10A4, 0x10A4, 0x10A4, 0x10A4, 0x10A4,
    0x10A4, 0x10A4, 0x10A4, 0x10A4, 0x10A4, 0x10A4, 0x10A4, 0x10A4,
    0x10A4, 0x10A4, 0x10A4, 0x10A4, 0x10A4, 0x10A4, 0x10A4, 0x10A4,
    0x10A4, 0x10A4, 0x10A4, 0x10A4, 0x10A4, 0x10A4, 0x10A4, 0x10A4,
    0x10A3, 0x10A3, 0x10A3, 0x10C3, 0x10C3, 0x10C3, 0x10C3, 0x18C3,
    0x18C3, 0x18C3, 0x18C3, 0x18E3, 0x18E3, 0x18E3, 0x18E3, 0x18E3,
    0x18E3, 0x18E3, 0x18E3, 0x18E3, 0x2103, 0x2103, 0x2103, 0x2103,
    0x2103, 0x2103, 0x2123, 0xDDC8, 0x9C06, 0x5244, 0x5A85, 0xFE89,
    0x8BA6, 0xFE89, 0xFE89, 0xFE89, 0xFE89, 0xFE89, 0xFE89, 0xFE89,
    0xFE89, 0x7B45, 0x2943, 0x2943, 0x2943, 0x2943, 0x2943, 0x2943,
    0x2943, 0x2943, 0xCD47, 0x9C26, 0x2943, 0x2943, 0x2943, 0x2943,
    0x5244, 0x5A64, 0x72E5, 0xFE89, 0x41C3, 0x2943, 0x2943, 0x2943,
    0x2943, 0x2943, 0x6AC5, 0xE5C8, 0xFE89, 0xF628, 0xCD27, 0x9C06,
    0x4A04, 0xFE89, 0xFE89, 0xFE89, 0xFE89, 0xFE89, 0xFE89, 0xFE89,
    0x3163, 0x2943, 0x2943, 0x2943, 0x2943, 0x2943, 0x2943, 0x2943,
    0x2943, 0x7305, 0xEE08, 0x7325, 0x2923, 0x2923, 0x2923, 0x2923,
    0xAC87, 0xA426, 0x2103, 0x2103, 0x2103, 0x2103, 0x2103, 0x2103,
    0x2103, 0x2103, 0x2103, 0x2103, 0x2103, 0x18E3, 0x18E3, 0x18E3,
    0x18E3, 0x18E3, 0x18E3, 0x18E3, 0xFF72, 0x18E3, 0x18C3, 0x18C3,
    0x18C3, 0x18C3, 0x10C3, 0x10C3, 0x10C3, 0x10C3, 0x10A3, 0x10A3,
    0x10A3, 0x10A4, 0x10A4, 0x10A4, 0x10A4, 0x10A4, 0x10A4, 0x10A4,
    0x10A4, 0x10A4, 0x10A4, 0x10A4, 0x10A4, 0x10A4, 0x10A4, 0x10A4,
    0x10A4, 0x10A4, 0x10A4, 0x10A4, 0x10A4, 0x10A4, 0x10A4, 0x10A4,
    0x10A4, 0x10A4, 0x10A4, 0x10A4, 0x10A4, 0x10A4, 0x10A4, 0x10A4,
    0x10A4, 0x10A4, 0x10A4, 0x10A4, 0x10A4, 0x10A4, 0x10A4, 0x10A4,
    0x10A4, 0x10A4, 0x10A4, 0x10A4, 0x10A4, 0x10A4, 0x10A4, 0x10A4,
    0x10A4, 0x10A4, 0x10A4, 0x10A4, 0x10A4, 0x10A4, 0x10A4, 0x10A4,
    0x10A4, 0x10A4, 0x10A4, 0x10A4, 0x10A4, 0x10A4, 0x10A4, 0x10A4,
    0x10A4, 0x10A4, 0x10A4, 0x10A4, 0x10A4, 0x10A4, 0x10A4, 0x10A4,
    0x10A4, 0x10A4, 0x10A4, 0x10A4, 0x10A4, 0x10A4, 0x10A4, 0x10A4,
    0x10A4, 0x10A4, 0x10A4, 0x10A4, 0x10A4, 0x10A4, 0x10A4, 0x10A4,
    0x10A4, 0x10A4, 0x10A4, 0x10A4, 0x10A4, 0x10A4, 0x10A4, 0x10A4,
    0x10A4, 0x10A4, 0x10A4, 0x10A4, 0x10A4, 0x10A4, 0x10A4, 0x10A4,
    0x10A4, 0x10A4, 0x10A4, 0x10A4, 0x10A4, 0x10A4, 0x10A3, 0x10A3,
    0x10A3, 0x10A3, 0x10C3, 0x10C3, 0x10C3, 0x18C3, 0x18C3, 0x18C3,
    0x18C3, 0x18E3, 0x18E3, 0x18E3, 0x18E3, 0x18E3, 0x18E3, 0x18E3,
    0x18E3, 0x18E3, 0x2103, 0x2103, 0x2103, 0x2103, 0x2103, 0x2103,
    0x2103, 0x2103, 0x3163, 0xDDC8, 0x5224, 0x93C6, 0xFE69, 0xD588,
    0x3183, 0x4A04, 0x4A04, 0x4A04, 0x4A04, 0x4A04, 0x4A04, 0x4A04,
    0x4A04, 0x3183, 0x2943, 0x2943, 0x2943, 0x2943, 0x2943, 0x2943,
    0x2943, 0x2943, 0xCD47, 0x9C26, 0x2943, 0x2943, 0x2943, 0x3163,
    0x93C6, 0xF648, 0xFE69, 0xBCE7, 0x3163, 0x3163, 0x3163, 0x3163,
    0x3163, 0x3163, 0x5224, 0x7B45, 0x5224, 0x3163, 0x3163, 0x3163,
    0x41C3, 0xFE89, 0x7305, 0x4A24, 0x4A24, 0x4A24, 0x7B45, 0xFE89,
    0x3163, 0x2943, 0x2943, 0x2943, 0x2943, 0x2943, 0x2943, 0x3163,
    0xDDC8, 0xD568, 0xFF72, 0x2943, 0x2943, 0x2943, 0x2923, 0x2923,
    0xAC87, 0xA426, 0x2923, 0x2923, 0x2923, 0x2103, 0x2103, 0x2103,
    0x2103, 0x2103, 0x2103, 0x2103, 0x2103, 0x2103, 0x2103, 0x18E3,
    0x18E3, 0x18E3, 0x18E3, 0x18E3, 0xFF72, 0x18E3, 0x18E3, 0x18E3,
    0x18C3, 0x18C3, 0x18C3, 0x18C3, 0x10C3, 0x10C3, 0x10C3, 0x10A3,
    0x10A3, 0x10A3, 0x10A3, 0x10A4, 0x10A4, 0x10A4, 0x10A4, 0x10A4,
    0x10A4, 0x10A4, 0x10A4, 0x10A4, 0x10A4, 0x10A4, 0x10A4, 0x10A4,
    0x10A4, 0x10A4, 0x10A4, 0x10A4, 0x10A4, 0x10A4, 0x10A4, 0x10A4,
    0x10A4, 0x10A4, 0x10A4, 0x10A4, 0x10A4, 0x10A4, 0x10A4, 0x10A4,
    0x10A4, 0x10A4, 0x10A4, 0x10A4, 0x10A4, 0x10A4, 0x10A4, 0x10A4,
    0x10A4, 0x10A4, 0x10A4, 0x10A4, 0x10A4, 0x10A4, 0x10A4, 0x10A4,
    0x10A4, 0x10A4, 0x10A4, 0x10A4, 0x10A4, 0x10A4, 0x10A4, 0x10A4,
    0x10A4, 0x10A4, 0x10A4, 0x10A4, 0x10A4, 0x10A4, 0x10A4, 0x10A4,
    0x10A4, 0x10A4, 0x10A4, 0x10A4, 0x10A4, 0x10A4, 0x10A4, 0x10A4,
    0x10A4, 0x10A4, 0x10A4, 0x10A4, 0x10A4, 0x10A4, 0x10A4, 0x10A4,
    0x10A4, 0x10A4, 0x10A4, 0x10A4, 0x10A4, 0x10A4, 0x10A4, 0x10A4,
    0x10A4, 0x10A4, 0x10A4, 0x10A4, 0x10A4, 0x10A4, 0x10A4, 0x10A4,
    0x10A4, 0x10A4, 0x10A4, 0x10A4, 0x10A4, 0x10A4, 0x10A4, 0x10A4,
    0x10A4, 0x10A4, 0x10A4, 0x10A4, 0x10A4, 0x10A3, 0x10A3, 0x10A3,
    0x10C3, 0x10C3, 0x10C3, 0x10C3, 0x18C3, 0x18C3, 0x18C3, 0x18C3,
    0x18E3, 0x18E3, 0x18E3, 0x18E3, 0x18E3, 0x18E3, 0x18E3, 0x18E3,
    0x2103, 0x2103, 0x2103, 0x2103, 0x2103, 0x2103, 0x2103, 0x2103,
    0x2103, 0x2103, 0x2923, 0x3183, 0x2923, 0x2923, 0x2923, 0x2943,
    0x2943, 0x2943, 0x2943, 0x2943, 0x2943, 0x2943, 0x2943, 0x2943,
    0x2943, 0x2943, 0x2943, 0x2943, 0x2943, 0x2943, 0x2943, 0x3163,
    0x3163, 0x3163, 0x41C3, 0x39A3, 0x3163, 0x3163, 0x3163, 0x3163,
    0x3163, 0x3163, 0x3163, 0x3163, 0x3163, 0x3163, 0x3163, 0x3163,
    0x3163, 0x3163, 0x3163, 0x3163, 0x3163, 0x3163, 0x3163, 0x3163,
    0x3163, 0x3163, 0x3163, 0x3163, 0x3163, 0x3163, 0x3163, 0x3163,
    0x3163, 0x3163, 0x2943, 0x2943, 0x2943, 0x2943, 0x2943, 0x2943,
    0x39A3, 0x2943, 0xFF72, 0x2943, 0x2943, 0x2943, 0x2943, 0x2943,
    0x2943, 0x2943, 0x2923, 0x2923, 0x2923, 0x2923, 0x2923, 0x2103,
    0x2103, 0x2103, 0x2103, 0x2103, 0x2103, 0x2103, 0x2103, 0x2103,
    0x2103, 0x18E3, 0x18E3, 0x18E3, 0xFF72, 0x18E3, 0x18E3, 0x18E3,
    0x18E3, 0x18C3, 0x18C3, 0x18C3, 0x18C3, 0x10C3, 0x10C3, 0x10C3,
    0x10C3, 0x10A3, 0x10A3, 0x10A3, 0x10A4, 0x10A4, 0x10A4, 0x10A4,
    0x10A4, 0x10A4, 0x10A4, 0x10A4, 0x10A4, 0x10A4, 0x10A4, 0x10A4,
    0x10A4, 0x10A4, 0x10A4, 0x10A4, 0x10A4, 0x10A4, 0x10A4, 0x10A4,
    0x10A4, 0x10A4, 0x10A4, 0x10A4, 0x10A4, 0x10A4, 0x10A4, 0x10A4,
    0x10A4, 0x10A4, 0x10A4, 0x10A4, 0x10A4, 0x10A4, 0x10A4, 0x10A4,
    0x10A4, 0x10A4, 0x10A4, 0x10A4, 0x10A4, 0x10A4, 0x10A4, 0x10A4,
    0x10A4, 0x10A4, 0x10A4, 0x10A4, 0x10A4, 0x10A4, 0x10A4, 0x10A4,
    0x10A4, 0x10A4, 0x10A4, 0x10A4, 0x10A4, 0x10A4, 0x10A4, 0x10A4,
    0x10A4, 0x10A4, 0x10A4, 0x10A4, 0x10A4, 0x10A4, 0x10A4, 0x10A4,
    0x10A4, 0x10A4, 0x10A4, 0x10A4, 0x10A4, 0x10A4, 0x10A4, 0x10A4,
    0x10A4, 0x10A4, 0x10A4, 0x10A4, 0x10A4, 0x10A4, 0x10A4, 0x10A4,
    0x10A4, 0x10A4, 0x10A4, 0x10A4, 0x10A4, 0x10A4, 0x10A4, 0x10A4,
    0x10A4, 0x10A4, 0x10A4, 0x10A4, 0x10A4, 0x10A4, 0x10A4, 0x10A4,
    0x10A4, 0x10A4, 0x10A4, 0x10A3, 0x10A3, 0x10A3, 0x10A3, 0x10C3,
    0x10C3, 0x10C3, 0x18C3, 0x18C3, 0x18C3, 0x18C3, 0x18E3, 0x18E3,
    0x18E3, 0x18E3, 0x18E3, 0x18E3, 0x18E3, 0x18E3, 0x2103, 0x2103,
    0x2103, 0x2103, 0x2103, 0x2103, 0x2103, 0x2103, 0x2103, 0x2923,
    0x2923, 0x2923, 0x2923, 0x2923, 0x2923, 0x2943, 0x2943, 0x2943,
    0x2943, 0x2943, 0x2943, 0x2943, 0x2943, 0x2943, 0x2943, 0x2943,
    0x2943, 0x2943, 0x2943, 0x3163, 0x3163, 0x3163, 0x3163, 0x3163,
    0x3163, 0x3163, 0x3163, 0x3163, 0x3163, 0x3163, 0x3163, 0x3163,
    0x3163, 0x3163, 0x3163, 0x3163, 0x3163, 0x3163, 0x3163, 0x3163,
    0x3163, 0x3163, 0x3163, 0x3163, 0x3163, 0x3163, 0x3163, 0x3163,
    0x3163, 0x3163, 0x3163, 0x3163, 0x3163, 0x3163, 0x3163, 0x3163,
    0x3163, 0x3163, 0x3163, 0x3163, 0x3163, 0x3163, 0x2943, 0x2943,
    0x2943, 0x2943, 0xFF72, 0x2943, 0x2943, 0x2943, 0x2943, 0x2943,
    0x2943, 0x2943, 0x2943, 0x2943, 0x2923, 0x2923, 0x2923, 0x2923,
    0x2923, 0x2923, 0x2103, 0x2103, 0x2103, 0x2103, 0x2103, 0x2103,
    0x2103, 0x2103, 0x2103, 0x18E3, 0xFF72, 0x18E3, 0x18E3, 0x18E3,
    0x18E3, 0x18E3, 0x18E3, 0x18C3, 0x18C3, 0x18C3, 0x18C3, 0x10C3,
    0x10C3, 0x10C3, 0x10A3, 0x10A3, 0x10A3, 0x10A3, 0x10A4, 0x10A4,
    0x10A4, 0x10A4, 0x10A4, 0x10A4, 0x10A4, 0x10A4, 0x10A4, 0x10A4,
    0x10A4, 0x10A4, 0x10A4, 0x10A4, 0x10A4, 0x10A4, 0x10A4, 0x10A4,
    0x10A4, 0x10A4, 0x10A4, 0x10A4, 0x10A4, 0x10A4, 0x10A4, 0x10A4,
    0x10A4, 0x10A4, 0x10A4, 0x10A4, 0x10A4, 0x10A4, 0x10A4, 0x10A4,
    0x10A4, 0x10A4, 0x10A4, 0x10A4, 0x10A4, 0x10A4, 0x10A4, 0x10A4,
    0x10A4, 0x10A4, 0x10A4, 0x10A4, 0x10A4, 0x10A4, 0x10A4, 0x10A4,
    0x10A4, 0x10A4, 0x10A4, 0x10A4, 0x10A4, 0x10A4, 0x10A4, 0x10A4,
    0x10A4, 0x10A4, 0x10A4, 0x10A4, 0x10A4, 0x10A4, 0x10A4, 0x10A4,
    0x10A4, 0x10A4, 0x10A4, 0x10A4, 0x10A4, 0x10A4, 0x10A4, 0x10A4,
    0x10A4, 0x10A4, 0x10A4, 0x10A4, 0x10A4, 0x10A4, 0x10A4, 0x10A4,
    0x10A4, 0x10A4, 0x10A4, 0x10A4, 0x10A4, 0x10A4, 0x10A4, 0x10A4,
    0x10A4, 0x10A4, 0x10A4, 0x10A4, 0x10A4, 0x10A4, 0x10A4, 0x10A4,
    0x10A4, 0x10A4, 0x10A3, 0x10A3, 0x10A3, 0x10C3, 0x10C3, 0x10C3,
    0x10C3, 0x18C3, 0x18C3, 0x18C3, 0x18E3, 0x18E3, 0x18E3, 0x18E3,
    0x18E3, 0x18E3, 0x18E3, 0x18E3, 0x2103, 0x2103, 0x2103, 0x2103,
    0x2103, 0x2103, 0x2103, 0x2103, 0x2103, 0x2923, 0x2923, 0x2923,
    0x2923, 0x2923, 0x2943, 0x2943, 0x2943, 0x2943, 0x2943, 0x2943,
    0x2943, 0x2943, 0x2943, 0x2943, 0x2943, 0x2943, 0x2943, 0x3163,
    0x3163, 0x3163, 0x3163, 0x3163, 0x3163, 0x3163, 0x3163, 0x3163,
    0x3163, 0x3163, 0x3163, 0x3163, 0x3163, 0x3163, 0x3163, 0x3163,
    0x3163, 0x3163, 0x3163, 0x3163, 0x3163, 0x3163, 0x3163, 0x3163,
    0x3163, 0x3163, 0x3163, 0x3163, 0x3163, 0x3163, 0x3163, 0x3163,
    0x3163, 0x3163, 0x3163, 0x3163, 0x3163, 0x3163, 0x3163, 0x3163,
    0x3163, 0x3163, 0x3163, 0x3163, 0x3163, 0x3163, 0x3163, 0x3163,
    0x3163, 0xFF72, 0xFF72, 0xFF72, 0x2943, 0x2943, 0x2943, 0x2943,
    0x2943, 0x2943, 0x2943, 0x2943, 0x2943, 0x2943, 0x2943, 0x2923,
    0x2923, 0x2923, 0x2923, 0x2923, 0x2103, 0x2103, 0x2103, 0x2103,
    0x2103, 0x2103, 0x2103, 0x2103, 0x2103, 0x18E3, 0x18E3, 0x18E3,
    0x18E3, 0x18E3, 0x18E3, 0x18E3, 0x18E3, 0x18C3, 0x18C3, 0x18C3,
    0x10C3, 0x10C3, 0x10C3, 0x10C3, 0x10A3, 0x10A3, 0x10A3, 0x10A4,
    0x10A4, 0x10A4, 0x10A4, 0x10A4, 0x10A4, 0x10A4, 0x10A4, 0x10A4,
    0x10A4, 0x10A4, 0x10A4, 0x10A4, 0x10A4, 0x10A4, 0x10A4, 0x10A4,
    0x10A4, 0x10A4, 0x10A4, 0x10A4, 0x10A4, 0x10A4, 0x10A4, 0x10A4,
    0x10A4, 0x10A4, 0x10A4, 0x10A4, 0x10A4, 0x10A4, 0x10A4, 0x10A4,
    0x10A4, 0x10A4, 0x10A4, 0x10A4, 0x10A4, 0x10A4, 0x10A4, 0x10A4,
    0x10A4, 0x10A4, 0x10A4, 0x10A4, 0x10A4, 0x10A4, 0x10A4, 0x10A4,
    0x10A4, 0x10A4, 0x10A4, 0x10A4, 0x10A4, 0x10A4, 0x10A4, 0x10A4,
    0x10A4, 0x10A4, 0x10A4, 0x10A4, 0x10A4, 0x10A4, 0x10A4, 0x10A4,
    0x10A4, 0x10A4, 0x10A4, 0x10A4, 0x10A4, 0x10A4, 0x10A4, 0x10A4,
    0x10A4, 0x10A4, 0x10A4, 0x10A4, 0x10A4, 0x10A4, 0x10A4, 0x10A4,
    0x10A4, 0x10A4, 0x10A4, 0x10A4, 0x10A4, 0x10A4, 0x10A4, 0x10A4,
    0x10A4, 0x10A4, 0x10A4, 0x10A4, 0x10A4, 0x10A4, 0x10A4, 0x10A4,
    0x10A4, 0x10A3, 0x10A3, 0x10A3, 0x10C3, 0x10C3, 0x10C3, 0x18C3,
    0x18C3, 0x18C3, 0x18C3, 0x18E3, 0x18E3, 0x18E3, 0x18E3, 0x18E3,
    0x18E3, 0x18E3, 0x2103, 0x2103, 0x2103, 0x2103, 0x2103, 0x2103,
    0x2103, 0x2103, 0x2103, 0x2923, 0x2923, 0x2923, 0x2923, 0x2923,
    0x2943, 0x2943, 0x2943, 0x2943, 0x2943, 0x2943, 0x2943, 0x2943,
    0x2943, 0x2943, 0x2943, 0x3163, 0x3163, 0x3163, 0x3163, 0x3163,
    0x3163, 0x3163, 0x3163, 0x3163, 0x3163, 0x3163, 0x3163, 0x3163,
    0x3163, 0x3163, 0x3163, 0x3163, 0x3163, 0x3163, 0x3163, 0x3183,
    0x3183, 0x3183, 0x3183, 0x3183, 0x3183, 0x3183, 0x3183, 0x3183,
    0x3183, 0x3183, 0x3183, 0x3183, 0x3183, 0x3183, 0x3183, 0x3183,
    0x3183, 0x3183, 0x3163, 0x3163, 0x3163, 0x3163, 0x3163, 0x3163,
    0x3163, 0x3163, 0x3163, 0x3163, 0x3163, 0x3163, 0x3163, 0x3163,
    0xFF72, 0xFF72, 0xFF72, 0xFF72, 0xFF72, 0x3163, 0x2943, 0x2943,
    0x2943, 0x2943, 0x2943, 0x2943, 0x2943, 0x2943, 0x2943, 0x2943,
    0x2943, 0x2923, 0x2923, 0x2923, 0x2923, 0x2923, 0x2103, 0x2103,
    0x2103, 0x2103, 0x2103, 0x2103, 0x2103, 0x2103, 0x2103, 0x18E3,
    0x18E3, 0x18E3, 0x18E3, 0x18E3, 0x18E3, 0x18E3, 0x18C3, 0x18C3,
    0x18C3, 0x18C3, 0x10C3, 0x10C3, 0x10C3, 0x10A3, 0x10A3, 0x10A3,
    0x10A4, 0x10A4, 0x10A4, 0x10A4, 0x10A4, 0x10A4, 0x10A4, 0x10A4,
    0x10A4, 0x10A4, 0x10A4, 0x10A4, 0x10A4, 0x10A4, 0x10A4, 0x10A4,
    0x10A4, 0x10A4, 0x10A4, 0x10A4, 0x10A4, 0x10A4, 0x10A4, 0x10A4,
    0x10A4, 0x10A4, 0x10A4, 0x10A4, 0x10A4, 0x10A4, 0x10A4, 0x10A4,
    0x10A4, 0x10A4, 0x10A4, 0x10A4, 0x10A4, 0x10A4, 0x10A4, 0x10A4,
    0x10A4, 0x10A4, 0x10A4, 0x10A4, 0x10A4, 0x10A4, 0x10A4, 0x10A4,
    0x10A4, 0x10A4, 0x10A4, 0x10A4, 0x10A4, 0x10A4, 0x10A4, 0x10A4,
    0x10A4, 0x10A4, 0x10A4, 0x10A4, 0x10A4, 0x10A4, 0x10A4, 0x10A4,
    0x10A4, 0x10A4, 0x10A4, 0x10A4, 0x10A4, 0x10A4, 0x10A4, 0x10A4,
    0x10A4, 0x10A4, 0x10A4, 0x10A4, 0x10A4, 0x10A4, 0x10A4, 0x10A4,
    0x10A4, 0x10A4, 0x10A4, 0x10A4, 0x10A4, 0x10A4, 0x10A4, 0x10A4,
    0x10A4, 0x10A4, 0x10A4, 0x10A4, 0x10A4, 0x10A4, 0x10A4, 0x10A3,
    0x10A3, 0x10A3, 0x10A3, 0x10C3, 0x10C3, 0x10C3, 0x18C3, 0x18C3,
    0x18C3, 0x18E3, 0x18E3, 0x18E3, 0x18E3, 0x18E3, 0x18E3, 0x18E3,
    0x18E3, 0x2103, 0x2103, 0x2103, 0x2103, 0x2103, 0x2103, 0x2103,
    0x2103, 0x2923, 0x2923, 0x2923, 0x2923, 0x2923, 0x2943, 0x2943,
    0x2943, 0x2943, 0x2943, 0x2943, 0x2943, 0x2943, 0x2943, 0x2943,
    0x3163, 0x3163, 0x3163, 0x3163, 0x3163, 0x3163, 0x3163, 0x3163,
    0x3163, 0x3163, 0x3163, 0x3163, 0x3163, 0x3163, 0x3163, 0x3163,
    0x3183, 0x3183, 0x3183, 0x3183, 0x3183, 0x3183, 0x3183, 0x3183,
    0x3183, 0x3183, 0x3183, 0x3183, 0x3183, 0x3183, 0x3183, 0x3183,
    0x3183, 0x3183, 0x3183, 0x3183, 0x3183, 0x3183, 0x3183, 0x3183,
    0x3183, 0x3183, 0x3183, 0x3183, 0x3183, 0x3183, 0x3183, 0x3183,
    0x3183, 0x3163, 0x3163, 0x3163, 0x3163, 0x3163, 0x3163, 0xFF72,
    0xFF72, 0xFF72, 0xFF72, 0xFF72, 0xFF72, 0xFF72, 0x3163, 0x3163,
    0x3163, 0x2943, 0x2943, 0x2943, 0x2943, 0x2943, 0x2943, 0x2943,
    0x2943, 0x2943, 0x2943, 0x2923, 0x2923, 0x2923, 0x2923, 0x2923,
    0x2103, 0x2103, 0x2103, 0x2103, 0x2103, 0x2103, 0x2103, 0x2103,
    0x18E3, 0x18E3, 0x18E3, 0x18E3, 0x18E3, 0x18E3, 0x18E3, 0x18E3,
    0x18C3, 0x18C3, 0x18C3, 0x10C3, 0x10C3, 0x10C3, 0x10A3, 0x10A3,
    0x10A3, 0x10A3, 0x10A4, 0x10A4, 0x10A4, 0x10A4, 0x10A4, 0x10A4,
    0x10A4, 0x10A4, 0x10A4, 0x10A4, 0x10A4, 0x10A4, 0x10A4, 0x10A4,
    0x10A4, 0x10A4, 0x10A4, 0x10A4, 0x10A4, 0x10A4, 0x10A4, 0x10A4,
    0x10A4, 0x10A4, 0x10A4, 0x10A4, 0x10A4, 0x10A4, 0x10A4, 0x10A4,
    0x10A4, 0x10A4, 0x10A4, 0x10A4, 0x10A4, 0x10A4, 0x10A4, 0x10A4,
    0x10A4, 0x10A4, 0x10A4, 0x10A4, 0x10A4, 0x10A4, 0x10A4, 0x10A4,
    0x10A4, 0x10A4, 0x10A4, 0x10A4, 0x10A4, 0x10A4, 0x10A4, 0x10A4,
    0x10A4, 0x10A4, 0x10A4, 0x10A4, 0x10A4, 0x10A4, 0x10A4, 0x10A4,
    0x10A4, 0x10A4, 0x10A4, 0x10A4, 0x10A4, 0x10A4, 0x10A4, 0x10A4,
    0x10A4, 0x10A4, 0x10A4, 0x10A4, 0x10A4, 0x10A4, 0x10A4, 0x10A4,
    0x10A4, 0x10A4, 0x10A4, 0x10A4, 0x10A4, 0x10A4, 0x10A4, 0x10A4,
    0x10A4, 0x10A4, 0x10A4, 0x10A4, 0x10A4, 0x10A4, 0x10A3, 0x10A3,
    0x10A3, 0x10C3, 0x10C3, 0x10C3, 0x10C3, 0x18C3, 0x18C3, 0x18C3,
    0x18E3, 0x18E3, 0x18E3, 0x18E3, 0x18E3, 0x18E3, 0x18E3, 0x2103,
    0x2103, 0x2103, 0x2103, 0x2103, 0x2103, 0x2103, 0x2103, 0x2923,
    0x2923, 0x2923, 0x2923, 0x2943, 0x2943, 0x2943, 0x2943, 0x2943,
    0x2943, 0x2943, 0x2943, 0x2943, 0x2943, 0x3163, 0x3163, 0x3163,
    0x3163, 0x3163, 0x3163, 0x3163, 0x3163, 0x3163, 0x3163, 0x3163,
    0x3163, 0x3163, 0x3163, 0x3183, 0x3183, 0x3183, 0x3183, 0x3183,
    0x3183, 0x3183, 0x3183, 0x3183, 0x3183, 0x3183, 0x3183, 0x3983,
    0x3983, 0x3983, 0x3983, 0x3983, 0x3983, 0x3983, 0x3983, 0x3983,
    0x3983, 0x3983, 0x3983, 0x3983, 0x3983, 0x3983, 0x3983, 0x3983,
    0x3983, 0x3983, 0x3183, 0x3183, 0x3183, 0x3183, 0x3183, 0x3183,
    0x3183, 0x3183, 0x3183, 0x3183, 0xFF72, 0xFF72, 0xFF72, 0xFF72,
    0xFF72, 0xFF72, 0xFF72, 0xFF72, 0xFF72, 0xFF72, 0xFF72, 0xFF72,
    0xFF72, 0x3163, 0x3163, 0x3163, 0x2943, 0x2943, 0x2943, 0x2943,
    0x2943, 0x2943, 0x2943, 0x2943, 0x2943, 0x2943, 0x2923, 0x2923,
    0x2923, 0x2923, 0x2103, 0x2103, 0x2103, 0x2103, 0x2103, 0x2103,
    0x2103, 0x2103, 0x18E3, 0x18E3, 0x18E3, 0x18E3, 0x18E3, 0x18E3,
    0x18E3, 0x18C3, 0x18C3, 0x18C3, 0x10C3, 0x10C3, 0x10C3, 0x10C3,
    0x10A3, 0x10A3, 0x10A3, 0x10A4, 0x10A4, 0x10A4, 0x10A4, 0x10A4,
    0x10A4, 0x10A4, 0x10A4, 0x10A4, 0x10A4, 0x10A4, 0x10A4, 0x10A4,
    0x10A4, 0x10A4, 0x10A4, 0x10A4, 0x10A4, 0x10A4, 0x10A4, 0x10A4,
    0x10A4, 0x10A4, 0x10A4, 0x10A4, 0x10A4, 0x10A4, 0x10A4, 0x10A4,
    0x10A4, 0x10A4, 0x10A4, 0x10A4, 0x10A4, 0x10A4, 0x10A4, 0x10A4,
    0x10A4, 0x10A4, 0x10A4, 0x10A4, 0x10A4, 0x10A4, 0x10A4, 0x10A4,
    0x10A4, 0x10A4, 0x10A4, 0x10A4, 0x10A4, 0x10A4, 0x10A4, 0x10A4,
    0x10A4, 0x10A4, 0x10A4, 0x10A4, 0x10A4, 0x10A4, 0x10A4, 0x10A4,
    0x10A4, 0x10A4, 0x10A4, 0x10A4, 0x10A4, 0x10A4, 0x10A4, 0x10A4,
    0x10A4, 0x10A4, 0x10A4, 0x10A4, 0x10A4, 0x10A4, 0x10A4, 0x10A4,
    0x10A4, 0x10A4, 0x10A4, 0x10A4, 0x10A4, 0x10A4, 0x10A4, 0x10A4,
    0x10A4, 0x10A4, 0x10A4, 0x10A4, 0x10A4, 0x10A3, 0x10A3, 0x10A3,
    0x10C3, 0x10C3, 0x10C3, 0x18C3, 0x18C3, 0x18C3, 0x18C3, 0x18E3,
    0x18E3, 0x18E3, 0x18E3, 0x18E3, 0x18E3, 0x18E3, 0x2103, 0x2103,
    0x2103, 0x2103, 0x2103, 0x2103, 0x2103, 0x2923, 0x2923, 0x2923,
    0x2923, 0x2943, 0x2943, 0x2943, 0x2943, 0x2943, 0x2943, 0x2943,
    0x2943, 0x2943, 0x2943, 0x3163, 0x3163, 0x3163, 0x3163, 0x3163,
    0x3163, 0x3163, 0x3163, 0x3163, 0x3163, 0x3163, 0x3163, 0x3183,
    0x3183, 0x3183, 0x3183, 0x3183, 0x3183, 0x3183, 0x3183, 0x3183,
    0x3983, 0x3983, 0x3983, 0x3983, 0x3983, 0x3983, 0x3983, 0x3983,
    0x3983, 0x3983, 0x3983, 0x3983, 0x3983, 0x3983, 0x3983, 0x3983,
    0x3983, 0x3983, 0x3983, 0x3983, 0x3983, 0x3983, 0x3983, 0x3983,
    0x3983, 0x3983, 0x3983, 0x3983, 0x3983, 0x3983, 0x3983, 0x3983,
    0x3983, 0x3183, 0x3183, 0x3183, 0x3183, 0x3183, 0x3183, 0xFF72,
    0xFF72, 0xFF72, 0xFF72, 0xFF72, 0xFF72, 0xFF72, 0x3163, 0x3163,
    0x3163, 0x3163, 0x3163, 0x3163, 0x3163, 0x3163, 0x2943, 0x2943,
    0x2943, 0x2943, 0x2943, 0x2943, 0x2943, 0x2943, 0x2943, 0x2943,
    0x2923, 0x2923, 0x2923, 0x2923, 0x2103, 0x2103, 0x2103, 0x2103,
    0x2103, 0x2103, 0x2103, 0x18E3, 0x18E3, 0x18E3, 0x18E3, 0x18E3,
    0x18E3, 0x18E3, 0x18C3, 0x18C3, 0x18C3, 0x18C3, 0x10C3, 0x10C3,
    0x10C3, 0x10A3, 0x10A3, 0x10A3, 0x10A4, 0x10A4, 0x10A4, 0x10A4,
    0x10A4, 0x10A4, 0x10A4, 0x10A4, 0x10A4, 0x10A4, 0x10A4, 0x10A4,
    0x10A4, 0x10A4, 0x10A4, 0x10A4, 0x10A4, 0x10A4, 0x10A4, 0x10A4,
    0x10A4, 0x10A4, 0x10A4, 0x10A4, 0x10A4, 0x10A4, 0x10A4, 0x10A4,
    0x10A4, 0x10A4, 0x10A4, 0x10A4, 0x10A4, 0x10A4, 0x10A4, 0x10A4,
    0x10A4, 0x10A4, 0x10A4, 0x10A4, 0x10A4, 0x10A4, 0x10A4, 0x10A4,
    0x10A4, 0x10A4, 0x10A4, 0x10A4, 0x10A4, 0x10A4, 0x10A4, 0x10A4,
    0x10A4, 0x10A4, 0x10A4, 0x10A4, 0x10A4, 0x10A4, 0x10A4, 0x10A4,
    0x10A4, 0x10A4, 0x10A4, 0x10A4, 0x10A4, 0x10A4, 0x10A4, 0x10A4,
    0x10A4, 0x10A4, 0x10A4, 0x10A4, 0x10A4, 0x10A4, 0x10A4, 0x10A4,
    0x10A4, 0x10A4, 0x10A4, 0x10A4, 0x10A4, 0x10A4, 0x10A4, 0x10A4,
    0x10A4, 0x10A4, 0x10A4, 0x10A4, 0x10A3, 0x10A3, 0x10A3, 0x10C3,
    0x10C3, 0x10C3, 0x18C3, 0x18C3, 0x18C3, 0x18E3, 0x18E3, 0x18E3,
    0x18E3, 0x18E3, 0x18E3, 0x18E3, 0x2103, 0x2103, 0x2103, 0x2103,
    0x2103, 0x2103, 0x2103, 0x2103, 0x2923, 0x2923, 0x2923, 0x2923,
    0x2943, 0x2943, 0x2943, 0x2943, 0x2943, 0x2943, 0x2943, 0x2943,
    0x2943, 0x3163, 0x3163, 0x3163, 0x3163, 0x3163, 0x3163, 0x3163,
    0x3163, 0x3163, 0x3163, 0x3163, 0x3183, 0x3183, 0x3183, 0x3183,
    0x3183, 0x3183, 0x3183, 0x3983, 0x3983, 0x3983, 0x3983, 0x3983,
    0x3983, 0x3983, 0x3983, 0x3983, 0x3983, 0x3983, 0x3983, 0x39A3,
    0x39A3, 0x39A3, 0x39A3, 0x39A3, 0x39A3, 0x39A3, 0x39A3, 0x39A3,
    0x39A3, 0x39A3, 0x39A3, 0x39A3, 0x39A3, 0x39A3, 0x39A3, 0x39A3,
    0x39A3, 0x39A3, 0x3983, 0x3983, 0x3983, 0x3983, 0x3983, 0x3983,
    0x3983, 0x3983, 0x3983, 0x3983, 0x3983, 0x3983, 0x3183, 0x3183,
    0xFF72, 0xFF72, 0xFF72, 0xFF72, 0xFF72, 0x3163, 0x3163, 0x3163,
    0x3163, 0x3163, 0x3163, 0x3163, 0x3163, 0x3163, 0x3163, 0x3163,
    0x2943, 0x2943, 0x2943, 0x2943, 0x2943, 0x2943, 0x2943, 0x2943,
    0x2943, 0x2923, 0x2923, 0x2923, 0x2923, 0x2103, 0x2103, 0x2103,
    0x2103, 0x2103, 0x2103, 0x2103, 0x2103, 0x18E3, 0x18E3, 0x18E3,
    0x18E3, 0x18E3, 0x18E3, 0x18E3, 0x18C3, 0x18C3, 0x18C3, 0x10C3,
    0x10C3, 0x10C3, 0x10A3, 0x10A3, 0x10A3, 0x10A4, 0x10A4, 0x10A4,
    0x10A4, 0x10A4, 0x10A4, 0x10A4, 0x10A4, 0x10A4, 0x10A4, 0x10A4,
    0x10A4, 0x10A4, 0x10A4, 0x10A4, 0x10A4, 0x10A4, 0x10A4, 0x10A4,
    0x10A4, 0x10A4, 0x10A4, 0x10A4, 0x10A4, 0x10A4, 0x10A4, 0x10A4,
    0x10A4, 0x10A4, 0x10A4, 0x10A4, 0x10A4, 0x10A4, 0x10A4, 0x10A4,
    0x10A4, 0x10A4, 0x10A4, 0x10A4, 0x10A4, 0x10A4, 0x10A4, 0x10A4,
    0x10A4, 0x10A4, 0x10A4, 0x10A4, 0x10A4, 0x10A4, 0x10A4, 0x10A4,
    0x10A4, 0x10A4, 0x10A4, 0x10A4, 0x10A4, 0x10A4, 0x10A4, 0x10A4,
    0x10A4, 0x10A4, 0x10A4, 0x10A4, 0x10A4, 0x10A4, 0x10A4, 0x10A4,
    0x10A4, 0x10A4, 0x10A4, 0x10A4, 0x10A4, 0x10A4, 0x10A4, 0x10A4,
    0x10A4, 0x10A4, 0x10A4, 0x10A4, 0x10A4, 0x10A4, 0x10A4, 0x10A4,
    0x10A4, 0x10A4, 0x10A3, 0x10A3, 0x10A3, 0x10A3, 0x10C3, 0x10C3,
    0x10C3, 0x18C3, 0x18C3, 0x18C3, 0x18E3, 0x18E3, 0x18E3, 0x18E3,
    0x18E3, 0x18E3, 0x18E3, 0x2103, 0x2103, 0x2103, 0x2103, 0x2103,
    0x2103, 0x2103, 0x2923, 0x2923, 0x2923, 0x2923, 0x2943, 0x2943,
    0x2943, 0x2943, 0x2943, 0x2943, 0x2943, 0x2943, 0x3163, 0x3163,
    0x3163, 0x3163, 0x3163, 0x3163, 0x3163, 0x3163, 0x3163, 0x3163,
    0x3163, 0x3183, 0x3183, 0x3183, 0x3183, 0x3183, 0x3183, 0x3983,
    0x3983, 0x3983, 0x3983, 0x3983, 0x3983, 0x3983, 0x3983, 0x3983,
    0x39A3, 0x39A3, 0x39A3, 0x39A3, 0x39A3, 0x39A3, 0x39A3, 0x39A3,
    0x39A3, 0x39A3, 0x39A3, 0x39A3, 0x39A3, 0x39A3, 0x39A3, 0x39A3,
    0x39A3, 0x39A3, 0x39A3, 0x39A3, 0x39A3, 0x39A3, 0x39A3, 0x39A3,
    0x39A3, 0x39A3, 0x39A3, 0x39A3, 0x39A3, 0x39A3, 0x39A3, 0x39A3,
    0x39A3, 0x3983, 0x3983, 0x3983, 0x3983, 0x3983, 0x3983, 0x3983,
    0x3983, 0xFF72, 0xFF72, 0xFF72, 0x3183, 0x3183, 0x3183, 0x3183,
    0x3163, 0x3163, 0x3163, 0x3163, 0x3163, 0x3163, 0x3163, 0x3163,
    0x3163, 0x3163, 0x3163, 0x2943, 0x2943, 0x2943, 0x2943, 0x2943,
    0x2943, 0x2943, 0x2943, 0x2923, 0x2923, 0x2923, 0x2923, 0x2103,
    0x2103, 0x2103, 0x2103, 0x2103, 0x2103, 0x2103, 0x18E3, 0x18E3,
    0x18E3, 0x18E3, 0x18E3, 0x18E3, 0x18E3, 0x18C3, 0x18C3, 0x18C3,
    0x10C3, 0x10C3, 0x10C3, 0x10A3, 0x10A3, 0x10A3, 0x10A3, 0x10A4,
    0x10A4, 0x10A4, 0x10A4, 0x10A4, 0x10A4, 0x10A4, 0x10A4, 0x10A4,
    0x10A4, 0x10A4, 0x10A4, 0x10A4, 0x10A4, 0x10A4, 0x10A4, 0x10A4,
    0x10A4, 0x10A4, 0x10A4, 0x10A4, 0x10A4, 0x10A4, 0x10A4, 0x10A4,
    0x10A4, 0x10A4, 0x10A4, 0x10A4, 0x10A4, 0x10A4, 0x10A4, 0x10A4,
    0x10A4, 0x10A4, 0x10A4, 0x10A4, 0x10A4, 0x10A4, 0x10A4, 0x10A4,
    0x10A4, 0x10A4, 0x10A4, 0x10A4, 0x10A4, 0x10A4, 0x10A4, 0x10A4,
    0x10A4, 0x10A4, 0x10A4, 0x10A4, 0x10A4, 0x10A4, 0x10A4, 0x10A4,
    0x10A4, 0x10A4, 0x10A4, 0x10A4, 0x10A4, 0x10A4, 0x10A4, 0x10A4,
    0x10A4, 0x10A4, 0x10A4, 0x10A4, 0x10A4, 0x10A4, 0x10A4, 0x10A4,
    0x10A4, 0x10A4, 0x10A4, 0x10A4, 0x10A4, 0x10A4, 0x10A4, 0x10A4,
    0x10A4, 0x10A3, 0x10A3, 0x10A3, 0x10C3, 0x10C3, 0x10C3, 0x18C3,
    0x18C3, 0x18C3, 0x18C3, 0x18E3, 0x18E3, 0x18E3, 0x18E3, 0x18E3,
    0x18E3, 0x2103, 0x2103, 0x2103, 0x2103, 0x2103, 0x2103, 0x2103,
    0x2923, 0x2923, 0x2923, 0x2923, 0x2943, 0x2943, 0x2943, 0x2943,
    0x2943, 0x2943, 0x2943, 0x2943, 0x3163, 0x3163, 0x3163, 0x3163,
    0x3163, 0x3163, 0x3163, 0x3163, 0x3163, 0x3163, 0x3183, 0x3183,
    0x3183, 0x3183, 0x3183, 0x3183, 0x3983, 0x3983, 0x3983, 0x3983,
    0x3983, 0x3983, 0x3983, 0x39A3, 0x39A3, 0x39A3, 0x39A3, 0x39A3,
    0x39A3, 0x39A3, 0x39A3, 0x39A3, 0x39A3, 0x39A3, 0x39A3, 0x41A2,
    0x41A2, 0x41A2, 0x41A2, 0x41A2, 0x41A2, 0x41A2, 0x41A2, 0x41A2,
    0x41A2, 0x41A2, 0x41A2, 0x41A2, 0x41A2, 0x41A2, 0x41A2, 0x41A2,
    0x41A2, 0x41A2, 0x39A3, 0x39A3, 0x39A3, 0x39A3, 0x39A3, 0x39A3,
    0x39A3, 0x39A3, 0x39A3, 0x39A3, 0x39A3, 0x39A3, 0x3983, 0x3983,
    0x3983, 0x3983, 0xFF72, 0x3983, 0x3983, 0x3183, 0x3183, 0x3183,
    0x3183, 0x3183, 0x3183, 0x3163, 0x3163, 0x3163, 0x3163, 0x3163,
    0x3163, 0x3163, 0x3163, 0x3163, 0x3163, 0x2943, 0x2943, 0x2943,
    0x2943, 0x2943, 0x2943, 0x2943, 0x2943, 0x2923, 0x2923, 0x2923,
    0x2923, 0x2103, 0x2103, 0x2103, 0x2103, 0x2103, 0x2103, 0x2103,
    0x18E3, 0x18E3, 0x18E3, 0x18E3, 0x18E3, 0x18E3, 0x18C3, 0x18C3,
    0x18C3, 0x18C3, 0x10C3, 0x10C3, 0x10C3, 0x10A3, 0x10A3, 0x10A3,
    0x10A4, 0x10A4, 0x10A4, 0x10A4, 0x10A4, 0x10A4, 0x10A4, 0x10A4,
    0x10A4, 0x10A4, 0x10A4, 0x10A4, 0x10A4, 0x10A4, 0x10A4, 0x10A4,
    0x10A4, 0x10A4, 0x10A4, 0x10A4, 0x10A4, 0x10A4, 0x10A4, 0x10A4,
    0x10A4, 0x10A4, 0x10A4, 0x10A4, 0x10A4, 0x10A4, 0x10A4, 0x10A4,
    0x10A4, 0x10A4, 0x10A4, 0x10A4, 0x10A4, 0x10A4, 0x10A4, 0x10A4,
    0x10A4, 0x10A4, 0x10A4, 0x10A4, 0x10A4, 0x10A4, 0x10A4, 0x10A4,
    0x10A4, 0x10A4, 0x10A4, 0x10A4, 0x10A4, 0x10A4, 0x10A4, 0x10A4,
    0x10A4, 0x10A4, 0x10A4, 0x10A4, 0x10A4, 0x10A4, 0x10A4, 0x10A4,
    0x10A4, 0x10A4, 0x10A4, 0x10A4, 0x10A4, 0x10A4, 0x10A4, 0x10A4,
    0x10A4, 0x10A4, 0x10A4, 0x10A4, 0x10A4, 0x10A4, 0x10A4, 0x10A4,
    0x10A3, 0x10A3, 0x10A3, 0x10C3, 0x10C3, 0x10C3, 0x18C3, 0x18C3,
    0x18C3, 0x18E3, 0x18E3, 0x18E3, 0x18E3, 0x18E3, 0x18E3, 0x18E3,
    0x2103, 0x2103, 0x2103, 0x2103, 0x2103, 0x2103, 0x2103, 0x2923,
    0x2923, 0x2923, 0x2943, 0x2943, 0x2943, 0x2943, 0x2943, 0x2943,
    0x2943, 0x2943, 0x3163, 0x3163, 0x3163, 0x3163, 0x3163, 0x3163,
    0x3163, 0x3163, 0x3163, 0x3163, 0x3183, 0x3183, 0x3183, 0x3183,
    0x3183, 0x3983, 0x3983, 0x3983, 0x3983, 0x3983, 0x3983, 0x3983,
    0x39A3, 0x39A3, 0x39A3, 0x39A3, 0x39A3, 0x39A3, 0x39A3, 0x39A3,
    0x41A2, 0x41A2, 0x41A2, 0x41A2, 0x41A2, 0x41A2, 0x41A2, 0x41A2,
    0x41A2, 0x41A2, 0x41A2, 0x41A2, 0x41A2, 0x41A2, 0x41A2, 0x41A2,
    0x41A2, 0x41A2, 0x41A2, 0x41A2, 0x41A2, 0x41A2, 0x41A2, 0x41A2,
    0x41A2, 0x41A2, 0x41A2, 0x41A2, 0x41A2, 0x41A2, 0x41A2, 0x41A2,
    0x41A2, 0x39A3, 0x39A3, 0x39A3, 0x39A3, 0x39A3, 0x39A3, 0x39A3,
    0x39A3, 0x3983, 0xFF72, 0x3983, 0x3983, 0x3983, 0x3983, 0x3983,
    0x3183, 0x3183, 0x3183, 0x3183, 0x3183, 0x3163, 0x3163, 0x3163,
    0x3163, 0x3163, 0x3163, 0x3163, 0x3163, 0x3163, 0x3163, 0x2943,
    0x2943, 0x2943, 0x2943, 0x2943, 0x2943, 0x2943, 0x2943, 0x2923,
    0x2923, 0x2923, 0x2103, 0x2103, 0x2103, 0x2103, 0x2103, 0x2103,
    0x2103, 0x18E3, 0x18E3, 0x18E3, 0x18E3, 0x18E3, 0x18E3, 0x18E3,
    0x18C3, 0x18C3, 0x18C3, 0x10C3, 0x10C3, 0x10C3, 0x10A3, 0x10A3,
    0x10A3, 0x10A4, 0x10A4, 0x10A4, 0x10A4, 0x10A4, 0x10A4, 0x10A4,
    0x10A4, 0x10A4, 0x10A4, 0x10A4, 0x10A4, 0x10A4, 0x10A4, 0x10A4,
    0x10A4, 0x10A4, 0x10A4, 0x10A4, 0x10A4, 0x10A4, 0x10A4, 0x10A4,
    0x10A4, 0x10A4, 0x10A4, 0x10A4, 0x10A4, 0x10A4, 0x10A4, 0x10A4,
    0x10A4, 0x10A4, 0x10A4, 0x10A4, 0x10A4, 0x10A4, 0x10A4, 0x10A4,
    0x10A4, 0x10A4, 0x10A4, 0x10A4, 0x10A4, 0x10A4, 0x10A4, 0x10A4,
    0x10A4, 0x10A4, 0x10A4, 0x10A4, 0x10A4, 0x10A4, 0x10A4, 0x10A4,
    0x10A4, 0x10A4, 0x10A4, 0x10A4, 0x10A4, 0x10A4, 0x10A4, 0x10A4,
    0x10A4, 0x10A4, 0x10A4, 0x10A4, 0x10A4, 0x10A4, 0x10A4, 0x10A4,
    0x10A4, 0x10A4, 0x10A4, 0x10A4, 0x10A4, 0x10A4, 0x10A4, 0x10A3,
    0x10A3, 0x10A3, 0x10C3, 0x10C3, 0x10C3, 0x18C3, 0x18C3, 0x18C3,
    0x18E3, 0x18E3, 0x18E3, 0x18E3, 0x18E3, 0x18E3, 0x18E3, 0x2103,
    0x2103, 0x2103, 0x2103, 0x2103, 0x2103, 0x2923, 0x2923, 0x2923,
    0x2923, 0x2943, 0x2943, 0x2943, 0x2943, 0x2943, 0x2943, 0x2943,
    0x2943, 0x3163, 0x3163, 0x3163, 0x3163, 0x3163, 0x3163, 0x3163,
    0x3163, 0x3183, 0x3183, 0x3183, 0x3183, 0x3183, 0x3183, 0x3983,
    0x3983, 0x3983, 0x3983, 0x3983, 0x39A3, 0x39A3, 0x39A3, 0x39A3,
    0x39A3, 0x39A3, 0x39A3, 0x39A3, 0x41A2, 0x41A2, 0x41A2, 0x41A2,
    0x41A2, 0x41A2, 0x41A2, 0x41A2, 0x41A2, 0x41A2, 0x41A2, 0x41C2,
    0x41C2, 0x41C2, 0x41C2, 0x41C2, 0x41C2, 0x41C2, 0x41C2, 0x41C2,
    0x41C2, 0x41C2, 0x41C2, 0x41C2, 0x41C2, 0x41C2, 0x41C2, 0x41C2,
    0x41C2, 0x41C2, 0x41A2, 0x41A2, 0x41A2, 0x41A2, 0x41A2, 0x41A2,
    0x41A2, 0x41A2, 0x41A2, 0x41A2, 0x41A2, 0x39A3, 0x39A3, 0x39A3,
    0x39A3, 0x39A3, 0xFF72, 0x39A3, 0x39A3, 0x3983, 0x3983, 0x3983,
    0x3983, 0x3983, 0x3183, 0x3183, 0x3183, 0x3183, 0x3183, 0x3183,
    0x3163, 0x3163, 0x3163, 0x3163, 0x3163, 0x3163, 0x3163, 0x3163,
    0x2943, 0x2943, 0x2943, 0x2943, 0x2943, 0x2943, 0x2943, 0x2943,
    0x2923, 0x2923, 0x2923, 0x2923, 0x2103, 0x2103, 0x2103, 0x2103,
    0x2103, 0x2103, 0x18E3, 0x18E3, 0x18E3, 0x18E3, 0x18E3, 0x18E3,
    0x18E3, 0x18C3, 0x18C3, 0x18C3, 0x10C3, 0x10C3, 0x10C3, 0x10A3,
    0x10A3, 0x10A3, 0x10A4, 0x10A4, 0x10A4, 0x10A4, 0x10A4, 0x10A4,
    0x10A4, 0x10A4, 0x10A4, 0x10A4, 0x10A4, 0x10A4, 0x10A4, 0x10A4,
    0x10A4, 0x10A4, 0x10A4, 0x10A4, 0x10A4, 0x10A4, 0x10A4, 0x10A4,
    0x10A4, 0x10A4, 0x10A4, 0x10A4, 0x10A4, 0x10A4, 0x10A4, 0x10A4,
    0x10A4, 0x10A4, 0x10A4, 0x10A4, 0x10A4, 0x10A4, 0x10A4, 0x10A4,
    0x10A4, 0x10A4, 0x10A4, 0x10A4, 0x10A4, 0x10A4, 0x10A4, 0x10A4,
    0x10A4, 0x10A4, 0x10A4, 0x10A4, 0x10A4, 0x10A4, 0x10A4, 0x10A4,
    0x10A4, 0x10A4, 0x10A4, 0x10A4, 0x10A4, 0x10A4, 0x10A4, 0x10A4,
    0x10A4, 0x10A4, 0x10A4, 0x10A4, 0x10A4, 0x10A4, 0x10A4, 0x10A4,
    0x10A4, 0x10A4, 0x10A4, 0x10A4, 0x10A4, 0x10A4, 0x10A3, 0x10A3,
    0x10A3, 0x10C3, 0x10C3, 0x10C3, 0x18C3, 0x18C3, 0x18C3, 0x18E3,
    0x18E3, 0x18E3, 0x18E3, 0x18E3, 0x18E3, 0x2103, 0x2103, 0x2103,
    0x2103, 0x2103, 0x2103, 0x2103, 0x2923, 0x2923, 0x2923, 0x2943,
    0x2943, 0x2943, 0x2943, 0x2943, 0x2943, 0x2943, 0x2943, 0x3163,
    0x3163, 0x3163, 0x3163, 0x3163, 0x3163, 0x3163, 0x3163, 0x3183,
    0x3183, 0x3183, 0x3183, 0x3183, 0x3983, 0x3983, 0x3983, 0x3983,
    0x3983, 0x3983, 0x39A3, 0x39A3, 0x39A3, 0x39A3, 0x39A3, 0x39A3,
    0x41A2, 0x41A2, 0x41A2, 0x41A2, 0x41A2, 0x41A2, 0x41A2, 0x41A2,
    0x41A2, 0x41C2, 0x41C2, 0x41C2, 0x41C2, 0x41C2, 0x41C2, 0x41C2,
    0x41C2, 0x41C2, 0x41C2, 0x41C2, 0x41C2, 0x41C2, 0x41C2, 0x41C2,
    0x41C2, 0x41C2, 0x41C2, 0x41C2, 0x41C2, 0x41C2, 0x41C2, 0x41C2,
    0x41C2, 0x41C2, 0x41C2, 0x41C2, 0x41C2, 0x41C2, 0x41C2, 0x41C2,
    0x41A2, 0x41A2, 0x41A2, 0x41A2, 0x41A2, 0x41A2, 0x41A2, 0x41A2,
    0x41A2, 0x39A3, 0x39A3, 0x39A3, 0x39A3, 0x39A3, 0x39A3, 0x3983,
    0x3983, 0x3983, 0x3983, 0x3983, 0x3983, 0x3183, 0x3183, 0x3183,
    0x3183, 0x3183, 0x3163, 0x3163, 0x3163, 0x3163, 0x3163, 0x3163,
    0x3163, 0x3163, 0x2943, 0x2943, 0x2943, 0x2943, 0x2943, 0x2943,
    0x2943, 0x2943, 0x2923, 0x2923, 0x2923, 0x2103, 0x2103, 0x2103,
    0x2103, 0x2103, 0x2103, 0x2103, 0x18E3, 0x18E3, 0x18E3, 0x18E3,
    0x18E3, 0x18E3, 0x18C3, 0x18C3, 0x18C3, 0x10C3, 0x10C3, 0x10C3,
    0x10A3, 0x10A3, 0x10A3, 0x10A4, 0x10A4, 0x10A4, 0x10A4, 0x10A4,
    0x10A4, 0x10A4, 0x10A4, 0x10A4, 0x10A4, 0x10A4, 0x10A4, 0x10A4,
    0x10A4, 0x10A4, 0x10A4, 0x10A4, 0x10A4, 0x10A4, 0x10A4, 0x10A4,
    0x10A4, 0x10A4, 0x10A4, 0x10A4, 0x10A4, 0x10A4, 0x10A4, 0x10A4,
    0x10A4, 0x10A4, 0x10A4, 0x10A4, 0x10A4, 0x10A4, 0x10A4, 0x10A4,
    0x10A4, 0x10A4, 0x10A4, 0x10A4, 0x10A4, 0x10A4, 0x10A4, 0x10A4,
    0x10A4, 0x10A4, 0x10A4, 0x10A4, 0x10A4, 0x10A4, 0x10A4, 0x10A4,
    0x10A4, 0x10A4, 0x10A4, 0x10A4, 0x10A4, 0x10A4, 0x10A4, 0x10A4,
    0x10A4, 0x10A4, 0x10A4, 0x10A4, 0x10A4, 0x10A4, 0x10A4, 0x10A4,
    0x10A4, 0x10A4, 0x10A4, 0x10A4, 0x10A4, 0x10A3, 0x10A3, 0x10A3,
    0x10C3, 0x10C3, 0x10C3, 0x18C3, 0x18C3, 0x18C3, 0x18E3, 0x18E3,
    0x18E3, 0x18E3, 0x18E3, 0x18E3, 0x2103, 0x2103, 0x2103, 0x2103,
    0x2103, 0x2103, 0x2103, 0x2923, 0x2923, 0x2923, 0x2943, 0x2943,
    0x2943, 0x2943, 0x2943, 0x2943, 0x2943, 0x3163, 0x3163, 0x3163,
    0x3163, 0x3163, 0x3163, 0x3163, 0x3163, 0x3183, 0x3183, 0x3183,
    0x3183, 0x3183, 0x3983, 0x3983, 0x3983, 0x3983, 0x3983, 0x39A3,
    0x39A3, 0x39A3, 0x39A3, 0x39A3, 0x39A3, 0x41A2, 0x41A2, 0x41A2,
    0x41A2, 0x41A2, 0x41A2, 0x41A2, 0x41C2, 0x41C2, 0x41C2, 0x41C2,
    0x41C2, 0x41C2, 0x41C2, 0x41C2, 0x41C2, 0x41C2, 0x41C2, 0x41E2,
    0x41E2, 0x41E2, 0x41E2, 0x41E2, 0x41E2, 0x41E2, 0x41E2, 0x41E2,
    0x41E2, 0x41E2, 0x41E2, 0x41E2, 0x41E2, 0x41E2, 0x41E2, 0x41E2,
    0x41E2, 0x41E2, 0x41C2, 0x41C2, 0x41C2, 0x41C2, 0x41C2, 0x41C2,
    0x41C2, 0x41C2, 0x41C2, 0x41C2, 0x41C2, 0x41A2, 0x41A2, 0x41A2,
    0x41A2, 0x41A2, 0x41A2, 0x41A2, 0x39A3, 0x39A3, 0x39A3, 0x39A3,
    0x39A3, 0x39A3, 0x3983, 0x3983, 0x3983, 0x3983, 0x3983, 0x3183,
    0x3183, 0x3183, 0x3183, 0x3183, 0x3163, 0x3163, 0x3163, 0x3163,
    0x3163, 0x3163, 0x3163, 0x3163, 0x2943, 0x2943, 0x2943, 0x2943,
    0x2943, 0x2943, 0x2943, 0x2923, 0x2923, 0x2923, 0x2103, 0x2103,
    0x2103, 0x2103, 0x2103, 0x2103, 0x2103, 0x18E3, 0x18E3, 0x18E3,
    0x18E3, 0x18E3, 0x18E3, 0x18C3, 0x18C3, 0x18C3, 0x10C3, 0x10C3,
    0x10C3, 0x10A3, 0x10A3, 0x10A3, 0x10A4, 0x10A4, 0x10A4, 0x10A4,
    0x10A4, 0x10A4, 0x10A4, 0x10A4, 0x10A4, 0x10A4, 0x10A4, 0x10A4,
    0x10A4, 0x10A4, 0x10A4, 0x10A4, 0x10A4, 0x10A4, 0x10A4, 0x10A4,
    0x10A4, 0x10A4, 0x10A4, 0x10A4, 0x10A4, 0x10A4, 0x10A4, 0x10A4,
    0x10A4, 0x10A4, 0x10A4, 0x10A4, 0x10A4, 0x10A4, 0x10A4, 0x10A4,
    0x10A4, 0x10A4, 0x10A4, 0x10A4, 0x10A4, 0x10A4, 0x10A4, 0x10A4,
    0x10A4, 0x10A4, 0x10A4, 0x10A4, 0x10A4, 0x10A4, 0x10A4, 0x10A4,
    0x10A4, 0x10A4, 0x10A4, 0x10A4, 0x10A4, 0x10A4, 0x10A4, 0x10A4,
    0x10A4, 0x10A4, 0x10A4, 0x10A4, 0x10A4, 0x10A4, 0x10A4, 0x10A4,
    0x10A4, 0x10A4, 0x10A4, 0x10A4, 0x10A3, 0x10A3, 0x10A3, 0x10C3,
    0x10C3, 0x10C3, 0x18C3, 0x18C3, 0x18C3, 0x18E3, 0x18E3, 0x18E3,
    0x18E3, 0x18E3, 0x18E3, 0x2103, 0x2103, 0x2103, 0x2103, 0x2103,
    0x2103, 0x2923, 0x2923, 0x2923, 0x2923, 0x2943, 0x2943, 0x2943,
    0x2943, 0x2943, 0x2943, 0x2943, 0x3163, 0x3163, 0x3163, 0x3163,
    0x3163, 0x3163, 0x3163, 0x3183, 0x3183, 0x3183, 0x3183, 0x3183,
    0x3983, 0x3983, 0x3983, 0x3983, 0x3983, 0x39A3, 0x39A3, 0x39A3,
    0x39A3, 0x39A3, 0x41A2, 0x41A2, 0x41A2, 0x41A2, 0x41A2, 0x41A2,
    0x41C2, 0x41C2, 0x41C2, 0x41C2, 0x41C2, 0x41C2, 0x41C2, 0x41C2,
    0x41C2, 0x41E2, 0x41E2, 0x41E2, 0x41E2, 0x41E2, 0x41E2, 0x41E2,
    0x41E2, 0x41E2, 0x41E2, 0x41E2, 0x41E2, 0x41E2, 0x41E2, 0x41E2,
    0x41E2, 0x41E2, 0x41E2, 0x41E2, 0x41E2, 0x41E2, 0x41E2, 0x41E2,
    0x41E2, 0x41E2, 0x41E2, 0x41E2, 0x41E2, 0x41E2, 0x41E2, 0x41E2,
    0x41C2, 0x41C2, 0x41C2, 0x41C2, 0x41C2, 0x41C2, 0x41C2, 0x41C2,
    0x41C2, 0x41A2, 0x41A2, 0x41A2, 0x41A2, 0x41A2, 0x41A2, 0x39A3,
    0x39A3, 0x39A3, 0x39A3, 0x39A3, 0x3983, 0x3983, 0x3983, 0x3983,
    0x3983, 0x3183, 0x3183, 0x3183, 0x3183, 0x3183, 0x3163, 0x3163,
    0x3163, 0x3163, 0x3163, 0x3163, 0x3163, 0x2943, 0x2943, 0x2943,
    0x2943, 0x2943, 0x2943, 0x2943, 0x2923, 0x2923, 0x2923, 0x2923,
    0x2103, 0x2103, 0x2103, 0x2103, 0x2103, 0x2103, 0x18E3, 0x18E3,
    0x18E3, 0x18E3, 0x18E3, 0x18E3, 0x18C3, 0x18C3, 0x18C3, 0x10C3,
    0x10C3, 0x10C3, 0x10A3, 0x10A3, 0x10A3, 0x10A4, 0x10A4, 0x10A4,
    0x10A4, 0x10A4, 0x10A4, 0x10A4, 0x10A4, 0x10A4, 0x10A4, 0x10A4,
    0x10A4, 0x10A4, 0x10A4, 0x10A4, 0x10A4, 0x10A4, 0x10A4, 0x10A4,
    0x10A4, 0x10A4, 0x10A4, 0x10A4, 0x10A4, 0x10A4, 0x10A4, 0x10A4,
    0x10A4, 0x10A4, 0x10A4, 0x10A4, 0x10A4, 0x10A4, 0x10A4, 0x10A4,
    0x10A4, 0x10A4, 0x10A4, 0x10A4, 0x10A4, 0x10A4, 0x10A4, 0x10A4,
    0x10A4, 0x10A4, 0x10A4, 0x10A4, 0x10A4, 0x10A4, 0x10A4, 0x10A4,
    0x10A4, 0x10A4, 0x10A4, 0x10A4, 0x10A4, 0x10A4, 0x10A4, 0x10A4,
    0x10A4, 0x10A4, 0x10A4, 0x10A4, 0x10A4, 0x10A4, 0x10A4, 0x10A4,
    0x10A4, 0x10A4, 0x10A4, 0x10A3, 0x10A3, 0x10A3, 0x10C3, 0x10C3,
    0x10C3, 0x18C3, 0x18C3, 0x18C3, 0x18E3, 0x18E3, 0x18E3, 0x18E3,
    0x18E3, 0x18E3, 0x2103, 0x2103, 0x2103, 0x2103, 0x2103, 0x2103,
    0x2923, 0x2923, 0x2923, 0x2943, 0x2943, 0x2943, 0x2943, 0x2943,
    0x2943, 0x2943, 0x3163, 0x3163, 0x3163, 0x3163, 0x3163, 0x3163,
    0x3163, 0x3163, 0x3183, 0x3183, 0x3183, 0x3183, 0x3983, 0x3983,
    0x3983, 0x3983, 0x39A3, 0x39A3, 0x39A3, 0x39A3, 0x39A3, 0x41A2,
    0x41A2, 0x41A2, 0x41A2, 0x41A2, 0x41A2, 0x41C2, 0x41C2, 0x41C2,
    0x41C2, 0x41C2, 0x41C2, 0x41C2, 0x41E2, 0x41E2, 0x41E2, 0x41E2,
    0x41E2, 0x41E2, 0x41E2, 0x41E2, 0x41E2, 0x41E2, 0x41E2, 0x49E2,
    0x49E2, 0x49E2, 0x49E2, 0x49E2, 0x49E2, 0x49E2, 0x49E2, 0x49E2,
    0x49E2, 0x49E2, 0x49E2, 0x49E2, 0x49E2, 0x49E2, 0x49E2, 0x49E2,
    0x49E2, 0x49E2, 0x41E2, 0x41E2, 0x41E2, 0x41E2, 0x41E2, 0x41E2,
    0x41E2, 0x41E2, 0x41E2, 0x41E2, 0x41E2, 0x41C2, 0x41C2, 0x41C2,
    0x41C2, 0x41C2, 0x41C2, 0x41C2, 0x41A2, 0x41A2, 0x41A2, 0x41A2,
    0x41A2, 0x41A2, 0x39A3, 0x39A3, 0x39A3, 0x39A3, 0x39A3, 0x3983,
    0x3983, 0x3983, 0x3983, 0x3183, 0x3183, 0x3183, 0x3183, 0x3163,
    0x3163, 0x3163, 0x3163, 0x3163, 0x3163, 0x3163, 0x3163, 0x2943,
    0x2943, 0x2943, 0x2943, 0x2943, 0x2943, 0x2943, 0x2923, 0x2923,
    0x2923, 0x2103, 0x2103, 0x2103, 0x2103, 0x2103, 0x2103, 0x18E3,
    0x18E3, 0x18E3, 0x18E3, 0x18E3, 0x18E3, 0x18C3, 0x18C3, 0x18C3,
    0x10C3, 0x10C3, 0x10C3, 0x10A3, 0x10A3, 0x10A3, 0x10A4, 0x10A4,
    0x10A4, 0x10A4, 0x10A4, 0x10A4, 0x10A4, 0x10A4, 0x10A4, 0x10A4,
    0x10A4, 0x10A4, 0x10A4, 0x10A4, 0x10A4, 0x10A4, 0x10A4, 0x10A4,
    0x10A4, 0x10A4, 0x10A4, 0x10A4, 0x10A4, 0x10A4, 0x10A4, 0x10A4,
    0x10A4, 0x10A4, 0x10A4, 0x10A4, 0x10A4, 0x10A4, 0x10A4, 0x10A4,
    0x10A4, 0x10A4, 0x10A4, 0x10A4, 0x10A4, 0x10A4, 0x10A4, 0x10A4,
    0x10A4, 0x10A4, 0x10A4, 0x10A4, 0x10A4, 0x10A4, 0x10A4, 0x10A4,
    0x10A4, 0x10A4, 0x10A4, 0x10A4, 0x10A4, 0x10A4, 0x10A4, 0x10A4,
    0x10A4, 0x10A4, 0x10A4, 0x10A4, 0x10A4, 0x10A4, 0x10A4, 0x10A4,
    0x10A4, 0x10A4, 0x10A3, 0x10A3, 0x10A3, 0x10C3, 0x10C3, 0x10C3,
    0x18C3, 0x18C3, 0x18C3, 0x18E3, 0x18E3, 0x18E3, 0x18E3, 0x18E3,
    0x18E3, 0x2103, 0x2103, 0x2103, 0x2103, 0x2103, 0x2103, 0x2923,
    0x2923, 0x2923, 0x2943, 0x2943, 0x2943, 0x2943, 0x2943, 0x2943,
    0x2943, 0x3163, 0x3163, 0x3163, 0x3163, 0x3163, 0x3163, 0x3163,
    0x3183, 0x3183, 0x3183, 0x3183, 0x3983, 0x3983, 0x3983, 0x3983,
    0x39A3, 0x39A3, 0x39A3, 0x39A3, 0x39A3, 0x41A2, 0x41A2, 0x41A2,
    0x41A2, 0x41A2, 0x41C2, 0x41C2, 0x41C2, 0x41C2, 0x41C2, 0x41C2,
    0x41C2, 0x41E2, 0x41E2, 0x41E2, 0x41E2, 0x41E2, 0x41E2, 0x41E2,
    0x41E2, 0x49E2, 0x49E2, 0x49E2, 0x49E2, 0x49E2, 0x49E2, 0x49E2,
    0x49E2, 0x49E2, 0x49E2, 0x49E2, 0x49E2, 0x49E2, 0x49E2, 0x49E2,
    0x49E2, 0x49E2, 0x49E2, 0x49E2, 0x49E2, 0x49E2, 0x49E2, 0x49E2,
    0x49E2, 0x49E2, 0x49E2, 0x49E2, 0x49E2, 0x49E2, 0x49E2, 0x49E2,
    0x41E2, 0x41E2, 0x41E2, 0x41E2, 0x41E2, 0x41E2, 0x41E2, 0x41E2,
    0x41C2, 0x41C2, 0x41C2, 0x41C2, 0x41C2, 0x41C2, 0x41C2, 0x41A2,
    0x41A2, 0x41A2, 0x41A2, 0x41A2, 0x39A3, 0x39A3, 0x39A3, 0x39A3,
    0x39A3, 0x3983, 0x3983, 0x3983, 0x3983, 0x3183, 0x3183, 0x3183,
    0x3183, 0x3163, 0x3163, 0x3163, 0x3163, 0x3163, 0x3163, 0x3163,
    0x2943, 0x2943, 0x2943, 0x2943, 0x2943, 0x2943, 0x2943, 0x2923,
    0x2923, 0x2923, 0x2103, 0x2103, 0x2103, 0x2103, 0x2103, 0x2103,
    0x18E3, 0x18E3, 0x18E3, 0x18E3, 0x18E3, 0x18E3, 0x18C3, 0x18C3,
    0x18C3, 0x10C3, 0x10C3, 0x10C3, 0x10A3, 0x10A3, 0x10A3, 0x10A4,
    0x10A4, 0x10A4, 0x10A4, 0x10A4, 0x10A4, 0x10A4, 0x10A4, 0x10A4,
    0x10A4, 0x10A4, 0x10A4, 0x10A4, 0x10A4, 0x10A4, 0x10A4, 0x10A4,
    0x10A4, 0x10A4, 0x10A4, 0x10A4, 0x10A4, 0x10A4, 0x10A4, 0x10A4,
    0x10A4, 0x10A4, 0x10A4, 0x10A4, 0x10A4, 0x10A4, 0x10A4, 0x10A4,
    0x10A4, 0x10A4, 0x10A4, 0x10A4, 0x10A4, 0x10A4, 0x10A4, 0x10A4,
    0x10A4, 0x10A4, 0x10A4, 0x10A4, 0x10A4, 0x10A4, 0x10A4, 0x10A4,
    0x10A4, 0x10A4, 0x10A4, 0x10A4, 0x10A4, 0x10A4, 0x10A4, 0x10A4,
    0x10A4, 0x10A4, 0x10A4, 0x10A4, 0x10A4, 0x10A4, 0x10A4, 0x10A4,
    0x10A4, 0x10A3, 0x10A3, 0x10A3, 0x10C3, 0x10C3, 0x10C3, 0x18C3,
    0x18C3, 0x18C3, 0x18E3, 0x18E3, 0x18E3, 0x18E3, 0x18E3, 0x2103,
    0x2103, 0x2103, 0x2103, 0x2103, 0x2103, 0x2923, 0x2923, 0x2923,
    0x2923, 0x2943, 0x2943, 0x2943, 0x2943, 0x2943, 0x2943, 0x3163,
    0x3163, 0x3163, 0x3163, 0x3163, 0x3163, 0x3163, 0x3183, 0x3183,
    0x3183, 0x3183, 0x3983, 0x3983, 0x3983, 0x3983, 0x39A3, 0x39A3,
    0x39A3, 0x39A3, 0x39A3, 0x41A2, 0x41A2, 0x41A2, 0x41A2, 0x41A2,
    0x41C2, 0x41C2, 0x41C2, 0x41C2, 0x41C2, 0x41E2, 0x41E2, 0x41E2,
    0x41E2, 0x41E2, 0x41E2, 0x41E2, 0x49E2, 0x49E2, 0x49E2, 0x49E2,
    0x49E2, 0x49E2, 0x49E2, 0x49E2, 0x49E2, 0x49E2, 0x49E2, 0x49E2,
    0x4A02, 0x4A02, 0x4A02, 0x4A02, 0x4A02, 0x4A02, 0x4A02, 0x4A02,
    0x4A02, 0x4A02, 0x4A02, 0x4A02, 0x4A02, 0x4A02, 0x4A02, 0x4A02,
    0x4A02, 0x49E2, 0x49E2, 0x49E2, 0x49E2, 0x49E2, 0x49E2, 0x49E2,
    0x49E2, 0x49E2, 0x49E2, 0x49E2, 0x49E2, 0x41E2, 0x41E2, 0x41E2,
    0x41E2, 0x41E2, 0x41E2, 0x41E2, 0x41C2, 0x41C2, 0x41C2, 0x41C2,
    0x41C2, 0x41A2, 0x41A2, 0x41A2, 0x41A2, 0x41A2, 0x39A3, 0x39A3,
    0x39A3, 0x39A3, 0x39A3, 0x3983, 0x3983, 0x3983, 0x3983, 0x3183,
    0x3183, 0x3183, 0x3183, 0x3163, 0x3163, 0x3163, 0x3163, 0x3163,
    0x3163, 0x3163, 0x2943, 0x2943, 0x2943, 0x2943, 0x2943, 0x2943,
    0x2923, 0x2923, 0x2923, 0x2923, 0x2103, 0x2103, 0x2103, 0x2103,
    0x2103, 0x2103, 0x18E3, 0x18E3, 0x18E3, 0x18E3, 0x18E3, 0x18C3,
    0x18C3, 0x18C3, 0x10C3, 0x10C3, 0x10C3, 0x10A3, 0x10A3, 0x10A3,
    0x10A4, 0x10A4, 0x10A4, 0x10A4, 0x10A4, 0x10A4, 0x10A4, 0x10A4,
    0x10A4, 0x10A4, 0x10A4, 0x10A4, 0x10A4, 0x10A4, 0x10A4, 0x10A4,
    0x10A4, 0x10A4, 0x10A4, 0x10A4, 0x10A4, 0x10A4, 0x10A4, 0x10A4,
    0x10A4, 0x10A4, 0x10A4, 0x10A4, 0x10A4, 0x10A4, 0x10A4, 0x10A4,
    0x10A4, 0x10A4, 0x10A4, 0x10A4, 0x10A4, 0x10A4, 0x10A4, 0x10A4,
    0x10A4, 0x10A4, 0x10A4, 0x10A4, 0x10A4, 0x10A4, 0x10A4, 0x10A4,
    0x10A4, 0x10A4, 0x10A4, 0x10A4, 0x10A4, 0x10A4, 0x10A4, 0x10A4,
    0x10A4, 0x10A4, 0x10A4, 0x10A4, 0x10A4, 0x10A4, 0x10A4, 0x10A4,
    0x10A3, 0x10A3, 0x10A3, 0x10C3, 0x10C3, 0x10C3, 0x18C3, 0x18C3,
    0x18C3, 0x18E3, 0x18E3, 0x18E3, 0x18E3, 0x18E3, 0x2103, 0x2103,
    0x2103, 0x2103, 0x2103, 0x2103, 0x2923, 0x2923, 0x2923, 0x2943,
    0x2943, 0x2943, 0x2943, 0x2943, 0x2943, 0x2943, 0x3163, 0x3163,
    0x3163, 0x3163, 0x3163, 0x3163, 0x3163, 0x3183, 0x3183, 0x3183,
    0x3183, 0x3983, 0x3983, 0x3983, 0x39A3, 0x39A3, 0x39A3, 0x39A3,
    0x39A3, 0x41A2, 0x41A2, 0x41A2, 0x41A2, 0x41C2, 0x41C2, 0x41C2,
    0x41C2, 0x41C2, 0x41C2, 0x41E2, 0x41E2, 0x41E2, 0x41E2, 0x41E2,
    0x41E2, 0x49E2, 0x49E2, 0x49E2, 0x49E2, 0x49E2, 0x49E2, 0x49E2,
    0x49E2, 0x4A02, 0x4A02, 0x4A02, 0x4A02, 0x4A02, 0x4A02, 0x4A02,
    0x4A02, 0x4A02, 0x4A02, 0x4A02, 0x4A02, 0x4A02, 0x4A02, 0x4A02,
    0x4A02, 0x4A02, 0x4A02, 0x4A02, 0x4A02, 0x4A02, 0x4A02, 0x4A02,
    0x4A02, 0x4A02, 0x4A02, 0x4A02, 0x4A02, 0x4A02, 0x4A02, 0x4A02,
    0x49E2, 0x49E2, 0x49E2, 0x49E2, 0x49E2, 0x49E2, 0x49E2, 0x49E2,
    0x41E2, 0x41E2, 0x41E2, 0x41E2, 0x41E2, 0x41E2, 0x41C2, 0x41C2,
    0x41C2, 0x41C2, 0x41C2, 0x41C2, 0x41A2, 0x41A2, 0x41A2, 0x41A2,
    0x39A3, 0x39A3, 0x39A3, 0x39A3, 0x39A3, 0x3983, 0x3983, 0x3983,
    0x3183, 0x3183, 0x3183, 0x3183, 0x3163, 0x3163, 0x3163, 0x3163,
    0x3163, 0x3163, 0x3163, 0x2943, 0x2943, 0x2943, 0x2943, 0x2943,
    0x2943, 0x2943, 0x2923, 0x2923, 0x2923, 0x2103, 0x2103, 0x2103,
    0x2103, 0x2103, 0x2103, 0x18E3, 0x18E3, 0x18E3, 0x18E3, 0x18E3,
    0x18C3, 0x18C3, 0x18C3, 0x10C3, 0x10C3, 0x10C3, 0x10A3, 0x10A3,
    0x10A3, 0x10A4, 0x10A4, 0x10A4, 0x10A4, 0x10A4, 0x10A4, 0x10A4,
    0x10A4, 0x10A4, 0x10A4, 0x10A4, 0x10A4, 0x10A4, 0x10A4, 0x10A4,
    0x10A4, 0x10A4, 0x10A4, 0x10A4, 0x10A4, 0x10A4, 0x10A4, 0x10A4,
    0x10A4, 0x10A4, 0x10A4, 0x10A4, 0x10A4, 0x10A4, 0x10A4, 0x10A4,
    0x10A4, 0x10A4, 0x10A4, 0x10A4, 0x10A4, 0x10A4, 0x10A4, 0x10A4,
    0x10A4, 0x10A4, 0x10A4, 0x10A4, 0x10A4, 0x10A4, 0x10A4, 0x10A4,
    0x10A4, 0x10A4, 0x10A4, 0x10A4, 0x10A4, 0x10A4, 0x10A4, 0x10A4,
    0x10A4, 0x10A4, 0x10A4, 0x10A4, 0x10A4, 0x10A4, 0x10A4, 0x10A3,
    0x10A3, 0x10A3, 0x10C3, 0x10C3, 0x10C3, 0x18C3, 0x18C3, 0x18C3,
    0x18E3, 0x18E3, 0x18E3, 0x18E3, 0x18E3, 0x2103, 0x2103, 0x2103,
    0x2103, 0x2103, 0x2103, 0x2923, 0x2923, 0x2923, 0x2943, 0x2943,
    0x2943, 0x2943, 0x2943, 0x2943, 0x2943, 0x3163, 0x3163, 0x3163,
    0x3163, 0x3163, 0x3163, 0x3183, 0x3183, 0x3183, 0x3183, 0x3983,
    0x3983, 0x3983, 0x3983, 0x39A3, 0x39A3, 0x39A3, 0x39A3, 0x41A2,
    0x41A2, 0x41A2, 0x41A2, 0x41C2, 0x41C2, 0x41C2, 0x41C2, 0x41C2,
    0x41E2, 0x41E2, 0x41E2, 0x41E2, 0x41E2, 0x41E2, 0x49E2, 0x49E2,
    0x49E2, 0x49E2, 0x49E2, 0x49E2, 0x49E2, 0x4A02, 0x4A02, 0x4A02,
    0x4A02, 0x4A02, 0x4A02, 0x4A02, 0x4A02, 0x4A02, 0x4A02, 0x4A02,
    0x4A02, 0x4A02, 0x4A02, 0x4A02, 0x4A02, 0x4A02, 0x4A02, 0x4A02,
    0x4A02, 0x4A02, 0x4A02, 0x4A02, 0x4A02, 0x4A02, 0x4A02, 0x4A02,
    0x4A02, 0x4A02, 0x4A02, 0x4A02, 0x4A02, 0x4A02, 0x4A02, 0x4A02,
    0x4A02, 0x4A02, 0x4A02, 0x4A02, 0x49E2, 0x49E2, 0x49E2, 0x49E2,
    0x49E2, 0x49E2, 0x49E2, 0x41E2, 0x41E2, 0x41E2, 0x41E2, 0x41E2,
    0x41E2, 0x41C2, 0x41C2, 0x41C2, 0x41C2, 0x41C2, 0x41A2, 0x41A2,
    0x41A2, 0x41A2, 0x39A3, 0x39A3, 0x39A3, 0x39A3, 0x3983, 0x3983,
    0x3983, 0x3983, 0x3183, 0x3183, 0x3183, 0x3183, 0x3163, 0x3163,
    0x3163, 0x3163, 0x3163, 0x3163, 0x2943, 0x2943, 0x2943, 0x2943,
    0x2943, 0x2943, 0x2943, 0x2923, 0x2923, 0x2923, 0x2103, 0x2103,
    0x2103, 0x2103, 0x2103, 0x2103, 0x18E3, 0x18E3, 0x18E3, 0x18E3,
    0x18E3, 0x18C3, 0x18C3, 0x18C3, 0x10C3, 0x10C3, 0x10C3, 0x10A3,
    0x10A3, 0x10A3, 0x10A4, 0x10A4, 0x10A4, 0x10A4, 0x10A4, 0x10A4,
    0x10A4, 0x10A4, 0x10A4, 0x10A4, 0x10A4, 0x10A4, 0x10A4, 0x10A4,
    0x10A4, 0x10A4, 0x10A4, 0x10A4, 0x10A4, 0x10A4, 0x10A4, 0x10A4,
    0x10A4, 0x10A4, 0x10A4, 0x10A4, 0x10A4, 0x10A4, 0x10A4, 0x10A4,
    0x10A4, 0x10A4, 0x10A4, 0x10A4, 0x10A4, 0x10A4, 0x10A4, 0x10A4,
    0x10A4, 0x10A4, 0x10A4, 0x10A4, 0x10A4, 0x10A4, 0x10A4, 0x10A4,
    0x10A4, 0x10A4, 0x10A4, 0x10A4, 0x10A4, 0x10A4, 0x10A4, 0x10A4,
    0x10A4, 0x10A4, 0x10A4, 0x10A4, 0x10A4, 0x10A4, 0x10A4, 0x10A3,
    0x10A3, 0x10C3, 0x10C3, 0x10C3, 0x18C3, 0x18C3, 0x18C3, 0x18E3,
    0x18E3, 0x18E3, 0x18E3, 0x18E3, 0x2103, 0x2103, 0x2103, 0x2103,
    0x2103, 0x2103, 0x2923, 0x2923, 0x2923, 0x2943, 0x2943, 0x2943,
    0x2943, 0x2943, 0x2943, 0x3163, 0x3163, 0x3163, 0x3163, 0x3163,
    0x3163, 0x3163, 0x3183, 0x3183, 0x3183, 0x3983, 0x3983, 0x3983,
    0x3983, 0x39A3, 0x39A3, 0x39A3, 0x39A3, 0x41A2, 0x41A2, 0x41A2,
    0x41A2, 0x41C2, 0x41C2, 0x41C2, 0x41C2, 0x41C2, 0x41E2, 0x41E2,
    0x41E2, 0x41E2, 0x41E2, 0x49E2, 0x49E2, 0x49E2, 0x49E2, 0x49E2,
    0x49E2, 0x4A02, 0x4A02, 0x4A02, 0x4A02, 0x4A02, 0x4A02, 0x4A02,
    0x4A02, 0x4A02, 0x4A02, 0x4A02, 0x4A02, 0x4A02, 0x4A02, 0x4A02,
    0x4A02, 0x4A02, 0x4A02, 0x4A02, 0x4A02, 0x4A02, 0x4A02, 0x4A02,
    0x4A02, 0x4A02, 0x4A02, 0x4A02, 0x4A02, 0x4A02, 0x4A02, 0x4A02,
    0x4A02, 0x4A02, 0x4A02, 0x4A02, 0x4A02, 0x4A02, 0x4A02, 0x4A02,
    0x4A02, 0x4A02, 0x4A02, 0x4A02, 0x4A02, 0x4A02, 0x4A02, 0x4A02,
    0x49E2, 0x49E2, 0x49E2, 0x49E2, 0x49E2, 0x49E2, 0x41E2, 0x41E2,
    0x41E2, 0x41E2, 0x41E2, 0x41C2, 0x41C2, 0x41C2, 0x41C2, 0x41C2,
    0x41A2, 0x41A2, 0x41A2, 0x41A2, 0x39A3, 0x39A3, 0x39A3, 0x39A3,
    0x3983, 0x3983, 0x3983, 0x3983, 0x3183, 0x3183, 0x3183, 0x3163,
    0x3163, 0x3163, 0x3163, 0x3163, 0x3163, 0x3163, 0x2943, 0x2943,
    0x2943, 0x2943, 0x2943, 0x2943, 0x2923, 0x2923, 0x2923, 0x2103,
    0x2103, 0x2103, 0x2103, 0x2103, 0x2103, 0x18E3, 0x18E3, 0x18E3,
    0x18E3, 0x18E3, 0x18C3, 0x18C3, 0x18C3, 0x10C3, 0x10C3, 0x10C3,
    0x10A3, 0x10A3, 0x10A4, 0x10A4, 0x10A4, 0x10A4, 0x10A4, 0x10A4,
    0x10A4, 0x10A4, 0x10A4, 0x10A4, 0x10A4, 0x10A4, 0x10A4, 0x10A4,
    0x10A4, 0x10A4, 0x10A4, 0x10A4, 0x10A4, 0x10A4, 0x10A4, 0x10A4,
    0x10A4, 0x10A4, 0x10A4, 0x10A4, 0x10A4, 0x10A4, 0x10A4, 0x10A4,
    0x10A4, 0x10A4, 0x10A4, 0x10A4, 0x10A4, 0x10A4, 0x10A4, 0x10A4,
    0x10A4, 0x10A4, 0x10A4, 0x10A4, 0x10A4, 0x10A4, 0x10A4, 0x10A4,
    0x10A4, 0x10A4, 0x10A4, 0x10A4, 0x10A4, 0x10A4, 0x10A4, 0x10A4,
    0x10A4, 0x10A4, 0x10A4, 0x10A4, 0x10A4, 0x10A4, 0x10A3, 0x10A3,
    0x10C3, 0x10C3, 0x10C3, 0x18C3, 0x18C3, 0x18C3, 0x18E3, 0x18E3,
    0x18E3, 0x18E3, 0x18E3, 0x2103, 0x2103, 0x2103, 0x2103, 0x2103,
    0x2103, 0x2923, 0x2923, 0x2923, 0x2943, 0x2943, 0x2943, 0x2943,
    0x2943, 0x2943, 0x3163, 0x3163, 0x3163, 0x3163, 0x3163, 0x3163,
    0x3163, 0x3183, 0x3183, 0x3183, 0x3983, 0x3983, 0x3983, 0x3983,
    0x39A3, 0x39A3, 0x39A3, 0x41A2, 0x41A2, 0x41A2, 0x41A2, 0x41C2,
    0x41C2, 0x41C2, 0x41C2, 0x41C2, 0x41E2, 0x41E2, 0x41E2, 0x41E2,
    0x41E2, 0x49E2, 0x49E2, 0x49E2, 0x49E2, 0x49E2, 0x4A02, 0x4A02,
    0x4A02, 0x4A02, 0x4A02, 0x4A02, 0x4A02, 0x4A02, 0x4A02, 0x4A02,
    0x4A02, 0x4A02, 0x4A02, 0x4A02, 0x4A02, 0x4A02, 0x4A02, 0x4A02,
    0x5222, 0x5222, 0x5222, 0x5222, 0x5222, 0x5222, 0x5222, 0x5222,
    0x5222, 0x5222, 0x5222, 0x5222, 0x5222, 0x5222, 0x5222, 0x5222,
    0x5222, 0x4A02, 0x4A02, 0x4A02, 0x4A02, 0x4A02, 0x4A02, 0x4A02,
    0x4A02, 0x4A02, 0x4A02, 0x4A02, 0x4A02, 0x4A02, 0x4A02, 0x4A02,
    0x4A02, 0x4A02, 0x4A02, 0x49E2, 0x49E2, 0x49E2, 0x49E2, 0x49E2,
    0x41E2, 0x41E2, 0x41E2, 0x41E2, 0x41E2, 0x41C2, 0x41C2, 0x41C2,
    0x41C2, 0x41C2, 0x41A2, 0x41A2, 0x41A2, 0x41A2, 0x39A3, 0x39A3,
    0x39A3, 0x3983, 0x3983, 0x3983, 0x3983, 0x3183, 0x3183, 0x3183,
    0x3163, 0x3163, 0x3163, 0x3163, 0x3163, 0x3163, 0x3163, 0x2943,
    0x2943, 0x2943, 0x2943, 0x2943, 0x2943, 0x2923, 0x2923, 0x2923,
    0x2103, 0x2103, 0x2103, 0x2103, 0x2103, 0x2103, 0x18E3, 0x18E3,
    0x18E3, 0x18E3, 0x18E3, 0x18C3, 0x18C3, 0x18C3, 0x10C3, 0x10C3,
    0x10C3, 0x10A3, 0x10A3, 0x10A4, 0x10A4, 0x10A4, 0x10A4, 0x10A4,
    0x10A4, 0x10A4, 0x10A4, 0x10A4, 0x10A4, 0x10A4, 0x10A4, 0x10A4,
    0x10A4, 0x10A4, 0x10A4, 0x10A4, 0x10A4, 0x10A4, 0x10A4, 0x10A4,
    0x10A4, 0x10A4, 0x10A4, 0x10A4, 0x10A4, 0x10A4, 0x10A4, 0x10A4,
    0x10A4, 0x10A4, 0x10A4, 0x10A4, 0x10A4, 0x10A4, 0x10A4, 0x10A4,
    0x10A4, 0x10A4, 0x10A4, 0x10A4, 0x10A4, 0x10A4, 0x10A4, 0x10A4,
    0x10A4, 0x10A4, 0x10A4, 0x10A4, 0x10A4, 0x10A4, 0x10A4, 0x10A4,
    0x10A4, 0x10A4, 0x10A4, 0x10A4, 0x10A4, 0x10A3, 0x10A3, 0x10A3,
    0x10C3, 0x10C3, 0x18C3, 0x18C3, 0x18C3, 0x18E3, 0x18E3, 0x18E3,
    0x18E3, 0x18E3, 0x2103, 0x2103, 0x2103, 0x2103, 0x2103, 0x2103,
    0x2923, 0x2923, 0x2923, 0x2943, 0x2943, 0x2943, 0x2943, 0x2943,
    0x2943, 0x3163, 0x3163, 0x3163, 0x3163, 0x3163, 0x3163, 0x3183,
    0x3183, 0x3183, 0x3183, 0x3983, 0x3983, 0x3983, 0x39A3, 0x39A3,
    0x39A3, 0x39A3, 0x41A2, 0x41A2, 0x41A2, 0x41A2, 0x41C2, 0x41C2,
    0x41C2, 0x41C2, 0x41E2, 0x41E2, 0x41E2, 0x41E2, 0x49E2, 0x49E2,
    0x49E2, 0x49E2, 0x49E2, 0x4A02, 0x4A02, 0x4A02, 0x4A02, 0x4A02,
    0x4A02, 0x4A02, 0x4A02, 0x4A02, 0x4A02, 0x4A02, 0x4A02, 0x4A02,
    0x4A02, 0x5222, 0x5222, 0x5222, 0x5222, 0x5222, 0x5222, 0x5222,
    0x5222, 0x5222, 0x5222, 0x5222, 0x5222, 0x5222, 0x5222, 0x5222,
    0x5222, 0x5222, 0x5222, 0x5222, 0x5222, 0x5222, 0x5222, 0x5222,
    0x5222, 0x5222, 0x5222, 0x5222, 0x5222, 0x5222, 0x5222, 0x5222,
    0x4A02, 0x4A02, 0x4A02, 0x4A02, 0x4A02, 0x4A02, 0x4A02, 0x4A02,
    0x4A02, 0x4A02, 0x4A02, 0x4A02, 0x4A02, 0x4A02, 0x49E2, 0x49E2,
    0x49E2, 0x49E2, 0x49E2, 0x41E2, 0x41E2, 0x41E2, 0x41E2, 0x41C2,
    0x41C2, 0x41C2, 0x41C2, 0x41A2, 0x41A2, 0x41A2, 0x41A2, 0x39A3,
    0x39A3, 0x39A3, 0x39A3, 0x3983, 0x3983, 0x3983, 0x3183, 0x3183,
    0x3183, 0x3183, 0x3163, 0x3163, 0x3163, 0x3163, 0x3163, 0x3163,
    0x2943, 0x2943, 0x2943, 0x2943, 0x2943, 0x2943, 0x2923, 0x2923,
    0x2923, 0x2103, 0x2103, 0x2103, 0x2103, 0x2103, 0x2103, 0x18E3,
    0x18E3, 0x18E3, 0x18E3, 0x18E3, 0x18C3, 0x18C3, 0x18C3, 0x10C3,
    0x10C3, 0x10A3, 0x10A3, 0x10A3, 0x10A4, 0x10A4, 0x10A4, 0x10A4,
    0x10A4, 0x10A4, 0x10A4, 0x10A4, 0x10A4, 0x10A4, 0x10A4, 0x10A4,
    0x10A4, 0x10A4, 0x10A4, 0x10A4, 0x10A4, 0x10A4, 0x10A4, 0x10A4,
    0x10A4, 0x10A4, 0x10A4, 0x10A4, 0x10A4, 0x10A4, 0x10A4, 0x10A4,
    0x10A4, 0x10A4, 0x10A4, 0x10A4, 0x10A4, 0x10A4, 0x10A4, 0x10A4,
    0x10A4, 0x10A4, 0x10A4, 0x10A4, 0x10A4, 0x10A4, 0x10A4, 0x10A4,
    0x10A4, 0x10A4, 0x10A4, 0x10A4, 0x10A4, 0x10A4, 0x10A4, 0x10A4,
    0x10A4, 0x10A4, 0x10A4, 0x10A4, 0x10A3, 0x10A3, 0x10A3, 0x10C3,
    0x10C3, 0x18C3, 0x18C3, 0x18C3, 0x18E3, 0x18E3, 0x18E3, 0x18E3,
    0x18E3, 0x2103, 0x2103, 0x2103, 0x2103, 0x2103, 0x2103, 0x2923,
    0x2923, 0x2923, 0x2943, 0x2943, 0x2943, 0x2943, 0x2943, 0x2943,
    0x3163, 0x3163, 0x3163, 0x3163, 0x3163, 0x3163, 0x3183, 0x3183,
    0x3183, 0x3983, 0x3983, 0x3983, 0x3983, 0x39A3, 0x39A3, 0x39A3,
    0x41A2, 0x41A2, 0x41A2, 0x41A2, 0x41C2, 0x41C2, 0x41C2, 0x41C2,
    0x41E2, 0x41E2, 0x41E2, 0x41E2, 0x49E2, 0x49E2, 0x49E2, 0x49E2,
    0x49E2, 0x4A02, 0x4A02, 0x4A02, 0x4A02, 0x4A02, 0x4A02, 0x4A02,
    0x4A02, 0x4A02, 0x4A02, 0x4A02, 0x4A02, 0x5222, 0x5222, 0x5222,
    0x5222, 0x5222, 0x5222, 0x5222, 0x5222, 0x5222, 0x5222, 0x5222,
    0x5222, 0x5222, 0x5222, 0x5222, 0x5222, 0x5222, 0x5222, 0x5222,
    0x5222, 0x5222, 0x5222, 0x5222, 0x5222, 0x5222, 0x5222, 0x5222,
    0x5222, 0x5222, 0x5222, 0x5222, 0x5222, 0x5222, 0x5222, 0x5222,
    0x5222, 0x5222, 0x5222, 0x5222, 0x4A02, 0x4A02, 0x4A02, 0x4A02,
    0x4A02, 0x4A02, 0x4A02, 0x4A02, 0x4A02, 0x4A02, 0x4A02, 0x4A02,
    0x49E2, 0x49E2, 0x49E2, 0x49E2, 0x49E2, 0x41E2, 0x41E2, 0x41E2,
    0x41E2, 0x41C2, 0x41C2, 0x41C2, 0x41C2, 0x41A2, 0x41A2, 0x41A2,
    0x41A2, 0x39A3, 0x39A3, 0x39A3, 0x3983, 0x3983, 0x3983, 0x3983,
    0x3183, 0x3183, 0x3183, 0x3163, 0x3163, 0x3163, 0x3163, 0x3163,
    0x3163, 0x2943, 0x2943, 0x2943, 0x2943, 0x2943, 0x2943, 0x2923,
    0x2923, 0x2923, 0x2103, 0x2103, 0x2103, 0x2103, 0x2103, 0x2103,
    0x18E3, 0x18E3, 0x18E3, 0x18E3, 0x18E3, 0x18C3, 0x18C3, 0x18C3,
    0x10C3, 0x10C3, 0x10A3, 0x10A3, 0x10A3, 0x10A4, 0x10A4, 0x10A4,
    0x10A4, 0x10A4, 0x10A4, 0x10A4, 0x10A4, 0x10A4, 0x10A4, 0x10A4,
    0x10A4, 0x10A4, 0x10A4, 0x10A4, 0x10A4, 0x10A4, 0x10A4, 0x10A4,
    0x10A4, 0x10A4, 0x10A4, 0x10A4, 0x10A4, 0x10A4, 0x10A4, 0x10A4,
    0x10A4, 0x10A4, 0x10A4, 0x10A4, 0x10A4, 0x10A4, 0x10A4, 0x10A4,
    0x10A4, 0x10A4, 0x10A4, 0x10A4, 0x10A4, 0x10A4, 0x10A4, 0x10A4,
    0x10A4, 0x10A4, 0x10A4, 0x10A4, 0x10A4, 0x10A4, 0x10A4, 0x10A4,
    0x10A4, 0x10A4, 0x10A4, 0x10A3, 0x10A3, 0x10A3, 0x10C3, 0x10C3,
    0x18C3, 0x18C3, 0x18C3, 0x18E3, 0x18E3, 0x18E3, 0x18E3, 0x18E3,
    0x2103, 0x2103, 0x2103, 0x2103, 0x2103, 0x2103, 0x2923, 0x2923,
    0x2923, 0x2943, 0x2943, 0x2943, 0x2943, 0x2943, 0x2943, 0x3163,
    0x3163, 0x3163, 0x3163, 0x3163, 0x3163, 0x3183, 0x3183, 0x3183,
    0x3983, 0x3983, 0x3983, 0x39A3, 0x39A3, 0x39A3, 0x39A3, 0x41A2,
    0x41A2, 0x41A2, 0x41C2, 0x41C2, 0x41C2, 0x41C2, 0x41E2, 0x41E2,
    0x41E2, 0x41E2, 0x49E2, 0x49E2, 0x49E2, 0x49E2, 0x49E2, 0x4A02,
    0x4A02, 0x4A02, 0x4A02, 0x4A02, 0x4A02, 0x4A02, 0x4A02, 0x4A02,
    0x4A02, 0x4A02, 0x5222, 0x5222, 0x5222, 0x5222, 0x5222, 0x5222,
    0x5222, 0x5222, 0x5222, 0x5222, 0x5222, 0x5222, 0x5222, 0x5222,
    0x5222, 0x5222, 0x5222, 0x5222, 0x5222, 0x5222, 0x5222, 0x5222,
    0x5222, 0x5222, 0x5222, 0x5222, 0x5222, 0x5222, 0x5222, 0x5222,
    0x5222, 0x5222, 0x5222, 0x5222, 0x5222, 0x5222, 0x5222, 0x5222,
    0x5222, 0x5222, 0x5222, 0x5222, 0x5222, 0x5222, 0x5222, 0x4A02,
    0x4A02, 0x4A02, 0x4A02, 0x4A02, 0x4A02, 0x4A02, 0x4A02, 0x4A02,
    0x4A02, 0x4A02, 0x49E2, 0x49E2, 0x49E2, 0x49E2, 0x49E2, 0x41E2,
    0x41E2, 0x41E2, 0x41E2, 0x41C2, 0x41C2, 0x41C2, 0x41C2, 0x41A2,
    0x41A2, 0x41A2, 0x39A3, 0x39A3, 0x39A3, 0x39A3, 0x3983, 0x3983,
    0x3983, 0x3183, 0x3183, 0x3183, 0x3163, 0x3163, 0x3163, 0x3163,
    0x3163, 0x3163, 0x2943, 0x2943, 0x2943, 0x2943, 0x2943, 0x2943,
    0x2923, 0x2923, 0x2923, 0x2103, 0x2103, 0x2103, 0x2103, 0x2103,
    0x2103, 0x18E3, 0x18E3, 0x18E3, 0x18E3, 0x18E3, 0x18C3, 0x18C3,
    0x18C3, 0x10C3, 0x10C3, 0x10A3, 0x10A3, 0x10A3, 0x10A4, 0x10A4,
    0x10A4, 0x10A4, 0x10A4, 0x10A4, 0x10A4, 0x10A4, 0x10A4, 0x10A4,
    0x10A4, 0x10A4, 0x10A4, 0x10A4, 0x10A4, 0x10A4, 0x10A4, 0x10A4,
    0x10A4, 0x10A4, 0x10A4, 0x10A4, 0x10A4, 0x10A4, 0x10A4, 0x10A4,
    0x10A4, 0x10A4, 0x10A4, 0x10A4, 0x10A4, 0x10A4, 0x10A4, 0x10A4,
    0x10A4, 0x10A4, 0x10A4, 0x10A4, 0x10A4, 0x10A4, 0x10A4, 0x10A4,
    0x10A4, 0x10A4, 0x10A4, 0x10A4, 0x10A4, 0x10A4, 0x10A4, 0x10A4,
    0x10A4, 0x10A4, 0x10A4, 0x10A3, 0x10A3, 0x10C3, 0x10C3, 0x10C3,
    0x18C3, 0x18C3, 0x18E3, 0x18E3, 0x18E3, 0x18E3, 0x18E3, 0x18E3,
    0x2103, 0x2103, 0x2103, 0x2103, 0x2103, 0x2923, 0x2923, 0x2923,
    0x2943, 0x2943, 0x2943, 0x2943, 0x2943, 0x3163, 0x3163, 0x3163,
    0x3163, 0x3163, 0x3163, 0x3183, 0x3183, 0x3183, 0x3183, 0x3983,
    0x3983, 0x3983, 0x39A3, 0x39A3, 0x39A3, 0x41A2, 0x41A2, 0x41A2,
    0x41A2, 0x41C2, 0x41C2, 0x41C2, 0x41E2, 0x41E2, 0x41E2, 0x41E2,
    0x49E2, 0x49E2, 0x49E2, 0x49E2, 0x49E2, 0x4A02, 0x4A02, 0x4A02,
    0x4A02, 0x4A02, 0x4A02, 0x4A02, 0x4A02, 0x4A02, 0x4A02, 0x5222,
    0x5222, 0x5222, 0x5222, 0x5222, 0x5222, 0x5222, 0x5222, 0x5222,
    0x5222, 0x5222, 0x5222, 0x5222, 0x5222, 0x5222, 0x5222, 0x5222,
    0x5A42, 0x5A42, 0x5A42, 0x5A42, 0x5A42, 0x5A42, 0x5A42, 0x5A42,
    0xFE67, 0x5A42, 0x5A42, 0x5A42, 0x5A42, 0x5A42, 0x5A42, 0x5A42,
    0x5A42, 0x5222, 0x5222, 0x5222, 0x5222, 0x5222, 0x5222, 0x5222,
    0x5222, 0x5222, 0x5222, 0x5222, 0x5222, 0x5222, 0x5222, 0x5222,
    0x5222, 0x5222, 0x4A02, 0x4A02, 0x4A02, 0x4A02, 0x4A02, 0x4A02,
    0x4A02, 0x4A02, 0x4A02, 0x4A02, 0x49E2, 0x49E2, 0x49E2, 0x49E2,
    0x49E2, 0x41E2, 0x41E2, 0x41E2, 0x41E2, 0x41C2, 0x41C2, 0x41C2,
    0x41A2, 0x41A2, 0x41A2, 0x41A2, 0x39A3, 0x39A3, 0x39A3, 0x3983,
    0x3983, 0x3983, 0x3183, 0x3183, 0x3183, 0x3183, 0x3163, 0x3163,
    0x3163, 0x3163, 0x3163, 0x3163, 0x2943, 0x2943, 0x2943, 0x2943,
    0x2943, 0x2923, 0x2923, 0x2923, 0x2103, 0x2103, 0x2103, 0x2103,
    0x2103, 0x18E3, 0x18E3, 0x18E3, 0x18E3, 0x18E3, 0x18E3, 0x18C3,
    0x18C3, 0x10C3, 0x10C3, 0x10C3, 0x10A3, 0x10A3, 0x10A4, 0x10A4,
    0x10A4, 0x10A4, 0x10A4, 0x10A4, 0x10A4, 0x10A4, 0x10A4, 0x10A4,
    0x10A4, 0x10A4, 0x10A4, 0x10A4, 0x10A4, 0x10A4, 0x10A4, 0x10A4,
    0x10A4, 0x10A4, 0x10A4, 0x10A4, 0x10A4, 0x10A4, 0x10A4, 0x10A4,
    0x10A4, 0x10A4, 0x10A4, 0x10A4, 0x10A4, 0x10A4, 0x10A4, 0x10A4,
    0x10A4, 0x10A4, 0x10A4, 0x10A4, 0x10A4, 0x10A4, 0x10A4, 0x10A4,
    0x10A4, 0x10A4, 0x10A4, 0x10A4, 0x10A4, 0x10A4, 0x10A4, 0x10A4,
    0x10A4, 0x10A4, 0x10A3, 0x10A3, 0x10C3, 0x10C3, 0x10C3, 0x18C3,
    0x18C3, 0x18E3, 0x18E3, 0x18E3, 0x18E3, 0x18E3, 0x18E3, 0x2103,
    0x2103, 0x2103, 0x2103, 0x2103, 0x2923, 0x2923, 0x2923, 0x2943,
    0x2943, 0x2943, 0x2943, 0x2943, 0x3163, 0x3163, 0x3163, 0x3163,
    0x3163, 0x3163, 0x3183, 0x3183, 0x3183, 0x3983, 0x3983, 0x3983,
    0x3983, 0x39A3, 0x39A3, 0x39A3, 0x41A2, 0x41A2, 0x41A2, 0x41C2,
    0x41C2, 0x41C2, 0x41C2, 0x41E2, 0x41E2, 0x41E2, 0x41E2, 0x49E2,
    0x49E2, 0x49E2, 0x49E2, 0x4A02, 0x4A02, 0x4A02, 0x4A02, 0x4A02,
    0x4A02, 0x4A02, 0x4A02, 0x4A02, 0x5222, 0x5222, 0x5222, 0x5222,
    0x5222, 0x5222, 0x5222, 0x5222, 0x5222, 0x5222, 0x5222, 0x5222,
    0x5222, 0x5222, 0x5A42, 0x5A42, 0x5A42, 0x5A42, 0x5A42, 0x5A42,
    0x5A42, 0x5A42, 0x5A42, 0xFE67, 0xFE67, 0xFE67, 0xFE67, 0xFE67,
    0xFE67, 0xFE67, 0xFE67, 0xFE67, 0xFE67, 0xFE67, 0x5A42, 0x5A42,
    0x5A42, 0x5A42, 0x5A42, 0x5A42, 0x5A42, 0x5A42, 0x5A42, 0x5222,
    0x5222, 0x5222, 0x5222, 0x5222, 0x5222, 0x5222, 0x5222, 0x5222,
    0x5222, 0x5222, 0x5222, 0x5222, 0x5222, 0x4A02, 0x4A02, 0x4A02,
    0x4A02, 0x4A02, 0x4A02, 0x4A02, 0x4A02, 0x4A02, 0x49E2, 0x49E2,
    0x49E2, 0x49E2, 0x41E2, 0x41E2, 0x41E2, 0x41E2, 0x41C2, 0x41C2,
    0x41C2, 0x41C2, 0x41A2, 0x41A2, 0x41A2, 0x39A3, 0x39A3, 0x39A3,
    0x3983, 0x3983, 0x3983, 0x3983, 0x3183, 0x3183, 0x3183, 0x3163,
    0x3163, 0x3163, 0x3163, 0x3163, 0x3163, 0x2943, 0x2943, 0x2943,
    0x2943, 0x2943, 0x2923, 0x2923, 0x2923, 0x2103, 0x2103, 0x2103,
    0x2103, 0x2103, 0x18E3, 0x18E3, 0x18E3, 0x18E3, 0x18E3, 0x18E3,
    0x18C3, 0x18C3, 0x10C3, 0x10C3, 0x10C3, 0x10A3, 0x10A3, 0x10A4,
    0x10A4, 0x10A4, 0x10A4, 0x10A4, 0x10A4, 0x10A4, 0x10A4, 0x10A4,
    0x10A4, 0x10A4, 0x10A4, 0x10A4, 0x10A4, 0x10A4, 0x10A4, 0x10A4,
    0x10A4, 0x10A4, 0x10A4, 0x10A4, 0x10A4, 0x10A4, 0x10A4, 0x10A4,
    0x10A4, 0x10A4, 0x10A4, 0x10A4, 0x10A4, 0x10A4, 0x10A4, 0x10A4,
    0x10A4, 0x10A4, 0x10A4, 0x10A4, 0x10A4, 0x10A4, 0x10A4, 0x10A4,
    0x10A4, 0x10A4, 0x10A4, 0x10A4, 0x10A4, 0x10A4, 0x10A4, 0x10A4,
    0x10A4, 0x10A3, 0x10A3, 0x10A3, 0x10C3, 0x10C3, 0x18C3, 0x18C3,
    0x18C3, 0x18E3, 0x18E3, 0x18E3, 0x18E3, 0x18E3, 0x2103, 0x2103,
    0x2103, 0x2103, 0x2103, 0x2923, 0x2923, 0x2923, 0x2943, 0x2943,
    0x2943, 0x2943, 0x2943, 0x3163, 0x3163, 0x3163, 0x3163, 0x3163,
    0x3163, 0x3183, 0x3183, 0x3183, 0x3983, 0x3983, 0x3983, 0x39A3,
    0x39A3, 0x39A3, 0x39A3, 0x41A2, 0x41A2, 0x41A2, 0x41C2, 0x41C2,
    0x41C2, 0x41E2, 0x41E2, 0x41E2, 0x41E2, 0x49E2, 0x49E2, 0x49E2,
    0x49E2, 0x4A02, 0x4A02, 0x4A02, 0x4A02, 0x4A02, 0x4A02, 0x4A02,
    0x4A02, 0x4A02, 0x5222, 0x5222, 0x5222, 0x5222, 0x5222, 0x5222,
    0x5222, 0x5222, 0x5222, 0x5222, 0x5222, 0x5222, 0x5A42, 0x5A42,
    0x5A42, 0x5A42, 0x5A42, 0x5A42, 0x5A42, 0x5A42, 0x5A42, 0x5A42,
    0x5A42, 0x5A42, 0xFE67, 0xFE67, 0xFE67, 0xFE67, 0xFE67, 0xFE67,
    0xFE67, 0xFE67, 0xFE67, 0xFE67, 0xFE67, 0xFE67, 0xFE67, 0x5A42,
    0x5A42, 0x5A42, 0x5A42, 0x5A42, 0x5A42, 0x5A42, 0x5A42, 0x5A42,
    0x5A42, 0x5A42, 0x5A42, 0x5222, 0x5222, 0x5222, 0x5222, 0x5222,
    0x5222, 0x5222, 0x5222, 0x5222, 0x5222, 0x5222, 0x5222, 0x4A02,
    0x4A02, 0x4A02, 0x4A02, 0x4A02, 0x4A02, 0x4A02, 0x4A02, 0x4A02,
    0x49E2, 0x49E2, 0x49E2, 0x49E2, 0x41E2, 0x41E2, 0x41E2, 0x41E2,
    0x41C2, 0x41C2, 0x41C2, 0x41A2, 0x41A2, 0x41A2, 0x39A3, 0x39A3,
    0x39A3, 0x39A3, 0x3983, 0x3983, 0x3983, 0x3183, 0x3183, 0x3183,
    0x3163, 0x3163, 0x3163, 0x3163, 0x3163, 0x3163, 0x2943, 0x2943,
    0x2943, 0x2943, 0x2943, 0x2923, 0x2923, 0x2923, 0x2103, 0x2103,
    0x2103, 0x2103, 0x2103, 0x18E3, 0x18E3, 0x18E3, 0x18E3, 0x18E3,
    0x18C3, 0x18C3, 0x18C3, 0x10C3, 0x10C3, 0x10A3, 0x10A3, 0x10A3,
    0x10A4, 0x10A4, 0x10A4, 0x10A4, 0x10A4, 0x10A4, 0x10A4, 0x10A4,
    0x10A4, 0x10A4, 0x10A4, 0x10A4, 0x10A4, 0x10A4, 0x10A4, 0x10A4,
    0x10A4, 0x10A4, 0x10A4, 0x10A4, 0x10A4, 0x10A4, 0x10A4, 0x10A4,
    0x10A4, 0x10A4, 0x10A4, 0x10A4, 0x10A4, 0x10A4, 0x10A4, 0x10A4,
    0x10A4, 0x10A4, 0x10A4, 0x10A4, 0x10A4, 0x10A4, 0x10A4, 0x10A4,
    0x10A4, 0x10A4, 0x10A4, 0x10A4, 0x10A4, 0x10A4, 0x10A4, 0x10A4,
    0x10A3, 0x10A3, 0x10A3, 0x10C3, 0x10C3, 0x18C3, 0x18C3, 0x18C3,
    0x18E3, 0x18E3, 0x18E3, 0x18E3, 0x18E3, 0x2103, 0x2103, 0x2103,
    0x2103, 0x2103, 0x2923, 0x2923, 0x2923, 0x2943, 0x2943, 0x2943,
    0x2943, 0x2943, 0x3163, 0x3163, 0x3163, 0x3163, 0x3163, 0x3163,
    0x3183, 0x3183, 0x3183, 0x3983, 0x3983, 0x3983, 0x39A3, 0x39A3,
    0x39A3, 0x41A2, 0x41A2, 0x41A2, 0x41A2, 0x41C2, 0x41C2, 0x41C2,
    0x41E2, 0x41E2, 0x41E2, 0x49E2, 0x49E2, 0x49E2, 0x49E2, 0x4A02,
    0x4A02, 0x4A02, 0x4A02, 0x4A02, 0x4A02, 0x4A02, 0x4A02, 0x4A02,
    0x5222, 0x5222, 0x5222, 0x5222, 0x5222, 0x5222, 0x5222, 0x5222,
    0x5222, 0x5222, 0x5A42, 0x5A42, 0x5A42, 0x5A42, 0x5A42, 0x5A42,
    0x5A42, 0x5A42, 0x5A42, 0x5A42, 0x5A42, 0x5A42, 0x5A42, 0x5A42,
    0xFE67, 0xFE67, 0xFE67, 0xFE67, 0xFE67, 0xFE67, 0xFE67, 0xFE67,
    0xFE67, 0xFE67, 0xFE67, 0xFE67, 0xFE67, 0xFE67, 0xFE67, 0xFE67,
    0xFE67, 0x5A42, 0x5A42, 0x5A42, 0x5A42, 0x5A42, 0x5A42, 0x5A42,
    0x5A42, 0x5A42, 0x5A42, 0x5A42, 0x5A42, 0x5A42, 0x5A42, 0x5222,
    0x5222, 0x5222, 0x5222, 0x5222, 0x5222, 0x5222, 0x5222, 0x5222,
    0x5222, 0x4A02, 0x4A02, 0x4A02, 0x4A02, 0x4A02, 0x4A02, 0x4A02,
    0x4A02, 0x4A02, 0x49E2, 0x49E2, 0x49E2, 0x49E2, 0x41E2, 0x41E2,
    0x41E2, 0x41C2, 0x41C2, 0x41C2, 0x41A2, 0x41A2, 0x41A2, 0x41A2,
    0x39A3, 0x39A3, 0x39A3, 0x3983, 0x3983, 0x3983, 0x3183, 0x3183,
    0x3183, 0x3163, 0x3163, 0x3163, 0x3163, 0x3163, 0x3163, 0x2943,
    0x2943, 0x2943, 0x2943, 0x2943, 0x2923, 0x2923, 0x2923, 0x2103,
    0x2103, 0x2103, 0x2103, 0x2103, 0x18E3, 0x18E3, 0x18E3, 0x18E3,
    0x18E3, 0x18C3, 0x18C3, 0x18C3, 0x10C3, 0x10C3, 0x10A3, 0x10A3,
    0x10A3, 0x10A4, 0x10A4, 0x10A4, 0x10A4, 0x10A4, 0x10A4, 0x10A4,
    0x10A4, 0x10A4, 0x10A4, 0x10A4, 0x10A4, 0x10A4, 0x10A4, 0x10A4,
    0x10A4, 0x10A4, 0x10A4, 0x10A4, 0x10A4, 0x10A4, 0x10A4, 0x10A4,
    0x10A4, 0x10A4, 0x10A4, 0x10A4, 0x10A4, 0x10A4, 0x10A4, 0x10A4,
    0x10A4, 0x10A4, 0x10A4, 0x10A4, 0x10A4, 0x10A4, 0x10A4, 0x10A4,
    0x10A4, 0x10A4, 0x10A4, 0x10A4, 0x10A4, 0x10A4, 0x10A4, 0x10A4,
    0x10A3, 0x10A3, 0x10C3, 0x10C3, 0x10C3, 0x18C3, 0x18C3, 0x18E3,
    0x18E3, 0x18E3, 0x18E3, 0x18E3, 0x2103, 0x2103, 0x2103, 0x2103,
    0x2103, 0x2923, 0x2923, 0x2923, 0x2943, 0x2943, 0x2943, 0x2943,
    0x2943, 0x3163, 0x3163, 0x3163, 0x3163, 0x3163, 0x3163, 0x3183,
    0x3183, 0x3183, 0x3983, 0x3983, 0x3983, 0x39A3, 0x39A3, 0x39A3,
    0x41A2, 0x41A2, 0x41A2, 0x41C2, 0x41C2, 0x41C2, 0x41C2, 0x41E2,
    0x41E2, 0x41E2, 0x49E2, 0x49E2, 0x49E2, 0x49E2, 0x4A02, 0x4A02,
    0x4A02, 0x4A02, 0x4A02, 0x4A02, 0x4A02, 0x4A02, 0x5222, 0x5222,
    0x5222, 0x5222, 0x5222, 0x5222, 0x5222, 0x5222, 0x5222, 0x5A42,
    0x5A42, 0x5A42, 0x5A42, 0x5A42, 0x5A42, 0x5A42, 0x5A42, 0x5A42,
    0x5A42, 0x5A42, 0x5A42, 0xFF94, 0xFF94, 0xFF94, 0x5A42, 0xFE67,
    0xFE67, 0xFE67, 0xFE67, 0xFE67, 0xFF94, 0xFE67, 0xFE67, 0xFE67,
    0xFB2C, 0xFE67, 0xFE67, 0xFE67, 0xFE67, 0xFE67, 0xFE67, 0xFE67,
    0xFE67, 0xFE67, 0x5A42, 0xFF94, 0xFF94, 0xFF94, 0x5A42, 0x5A42,
    0x5A42, 0x5A42, 0x5A42, 0x5A42, 0x5A42, 0x5A42, 0x5A42, 0x5A42,
    0x5A42, 0x5A42, 0x5222, 0x5222, 0x5222, 0x5222, 0x5222, 0x5222,
    0x5222, 0x5222, 0x5222, 0x4A02, 0x4A02, 0x4A02, 0x4A02, 0x4A02,
    0x4A02, 0x4A02, 0x4A02, 0x49E2, 0x49E2, 0x49E2, 0x49E2, 0x41E2,
    0x41E2, 0x41E2, 0x41C2, 0x41C2, 0x41C2, 0x41C2, 0x41A2, 0x41A2,
    0x41A2, 0x39A3, 0x39A3, 0x39A3, 0x3983, 0x3983, 0x3983, 0x3183,
    0x3183, 0x3183, 0x3163, 0x3163, 0x3163, 0x3163, 0x3163, 0x3163,
    0x2943, 0x2943, 0x2943, 0x2943, 0x2943, 0x2923, 0x2923, 0x2923,
    0x2103, 0x2103, 0x2103, 0x2103, 0x2103, 0x18E3, 0x18E3, 0x18E3,
    0x18E3, 0x18E3, 0x18C3, 0x18C3, 0x10C3, 0x10C3, 0x10C3, 0x10A3,
    0x10A3, 0x10A4, 0x10A4, 0x10A4, 0x10A4, 0x10A4, 0x10A4, 0x10A4,
    0x10A4, 0x10A4, 0x10A4, 0x10A4, 0x10A4, 0x10A4, 0x10A4, 0x10A4,
    0x10A4, 0x10A4, 0x10A4, 0x10A4, 0x10A4, 0x10A4, 0x10A4, 0x10A4,
    0x10A4, 0x10A4, 0x10A4, 0x10A4, 0x10A4, 0x10A4, 0x10A4, 0x10A4,
    0x10A4, 0x10A4, 0x10A4, 0x10A4, 0x10A4, 0x10A4, 0x10A4, 0x10A4,
    0x10A4, 0x10A4, 0x10A4, 0x10A4, 0x10A4, 0x10A4, 0x10A4, 0x10A3,
    0x10A3, 0x10C3, 0x10C3, 0x10C3, 0x18C3, 0x18C3, 0x18E3, 0x18E3,
    0x18E3, 0x18E3, 0x18E3, 0x2103, 0x2103, 0x2103, 0x2103, 0x2103,
    0x2923, 0x2923, 0x2923, 0x2943, 0x2943, 0x2943, 0x2943, 0x2943,
    0x3163, 0x3163, 0x3163, 0x3163, 0x3163, 0x3163, 0x3183, 0x3183,
    0x3183, 0x3983, 0x3983, 0x3983, 0x39A3, 0x39A3, 0x39A3, 0x41A2,
    0x41A2, 0x41A2, 0x41C2, 0x41C2, 0x41C2, 0x41E2, 0x41E2, 0x41E2,
    0x41E2, 0x49E2, 0x49E2, 0x49E2, 0x4A02, 0x4A02, 0x4A02, 0x4A02,
    0x4A02, 0x4A02, 0x4A02, 0x4A02, 0x5222, 0x5222, 0x5222, 0x5222,
    0x5222, 0x5222, 0x5222, 0x5222, 0x5222, 0x5A42, 0x5A42, 0x5A42,
    0x5A42, 0x5A42, 0x5A42, 0x5A42, 0x5A42, 0x5A42, 0x5A42, 0x5A42,
    0x5A42, 0x5A42, 0xFF94, 0xFF94, 0xFF94, 0xFF94, 0xFF94, 0xFE67,
    0xFF94, 0xFF94, 0xFF94, 0xFF94, 0xFF94, 0xFE67, 0xFE67, 0xFB2C,
    0xC0E5, 0xFB2C, 0xFE67, 0xFE67, 0xFE67, 0xFE67, 0xFE67, 0xFE67,
    0xFE67, 0xFE67, 0xFF94, 0xFF94, 0xFF94, 0xFF94, 0xFF94, 0x5A42,
    0x5A42, 0x5A42, 0x5A42, 0x5A42, 0x5A42, 0x5A42, 0x5A42, 0x5A42,
    0x5A42, 0x5A42, 0x5A42, 0x5A42, 0x5222, 0x5222, 0x5222, 0x5222,
    0x5222, 0x5222, 0x5222, 0x5222, 0x5222, 0x4A02, 0x4A02, 0x4A02,
    0x4A02, 0x4A02, 0x4A02, 0x4A02, 0x4A02, 0x49E2, 0x49E2, 0x49E2,
    0x41E2, 0x41E2, 0x41E2, 0x41E2, 0x41C2, 0x41C2, 0x41C2, 0x41A2,
    0x41A2, 0x41A2, 0x39A3, 0x39A3, 0x39A3, 0x3983, 0x3983, 0x3983,
    0x3183, 0x3183, 0x3183, 0x3163, 0x3163, 0x3163, 0x3163, 0x3163,
    0x3163, 0x2943, 0x2943, 0x2943, 0x2943, 0x2943, 0x2923, 0x2923,
    0x2923, 0x2103, 0x2103, 0x2103, 0x2103, 0x2103, 0x18E3, 0x18E3,
    0x18E3, 0x18E3, 0x18E3, 0x18C3, 0x18C3, 0x10C3, 0x10C3, 0x10C3,
    0x10A3, 0x10A3, 0x10A4, 0x10A4, 0x10A4, 0x10A4, 0x10A4, 0x10A4,
    0x10A4, 0x10A4, 0x10A4, 0x10A4, 0x10A4, 0x10A4, 0x10A4, 0x10A4,
    0x10A4, 0x10A4, 0x10A4, 0x10A4, 0x10A4, 0x10A4, 0x10A4, 0x10A4,
    0x10A4, 0x10A4, 0x10A4, 0x10A4, 0x10A4, 0x10A4, 0x10A4, 0x10A4,
    0x10A4, 0x10A4, 0x10A4, 0x10A4, 0x10A4, 0x10A4, 0x10A4, 0x10A4,
    0x10A4, 0x10A4, 0x10A4, 0x10A4, 0x10A4, 0x10A4, 0x10A3, 0x10A3,
    0x10A3, 0x10C3, 0x10C3, 0x18C3, 0x18C3, 0x18C3, 0x18E3, 0x18E3,
    0x18E3, 0x18E3, 0x18E3, 0x2103, 0x2103, 0x2103, 0x2103, 0x2103,
    0x2923, 0x2923, 0x2943, 0x2943, 0x2943, 0x2943, 0x2943, 0x2943,
    0x3163, 0x3163, 0x3163, 0x3163, 0x3163, 0x3183, 0x3183, 0x3183,
    0x3983, 0x3983, 0x3983, 0x39A3, 0x39A3, 0x39A3, 0x41A2, 0x41A2,
    0x41A2, 0x41C2, 0x41C2, 0x41C2, 0x41E2, 0x41E2, 0x41E2, 0x49E2,
    0x49E2, 0x49E2, 0x49E2, 0x4A02, 0x4A02, 0x4A02, 0x4A02, 0x4A02,
    0x4A02, 0x4A02, 0x5222, 0x5222, 0x5222, 0x5222, 0x5222, 0x5222,
    0x5222, 0x5222, 0x5222, 0x5A42, 0x5A42, 0x5A42, 0x5A42, 0x5A42,
    0x5A42, 0x5A42, 0x5A42, 0x5A42, 0xFE67, 0xFE67, 0xFE67, 0xFE67,
    0xFE67, 0xFE67, 0xFF94, 0xFF94, 0xFF94, 0xFF94, 0xFF94, 0xFF94,
    0xFF94, 0xFF94, 0xFF94, 0xFF94, 0xFF94, 0xFE67, 0xFB2C, 0xC0E5,
    0xC0E5, 0xC0E5, 0xFB2C, 0xFE67, 0xFE67, 0xFE67, 0xFE67, 0xFE67,
    0xFE67, 0xFE67, 0xFF94, 0xFF94, 0xFF94, 0xFF94, 0xFF94, 0xFE67,
    0xFE67, 0xFE67, 0xFE67, 0xFE67, 0xFE67, 0x5A42, 0x5A42, 0x5A42,
    0x5A42, 0x5A42, 0x5A42, 0x5A42, 0x5A42, 0x5A42, 0x5222, 0x5222,
    0x5222, 0x5222, 0x5222, 0x5222, 0x5222, 0x5222, 0x5222, 0x4A02,
    0x4A02, 0x4A02, 0x4A02, 0x4A02, 0x4A02, 0x4A02, 0x49E2, 0x49E2,
    0x49E2, 0x49E2, 0x41E2, 0x41E2, 0x41E2, 0x41C2, 0x41C2, 0x41C2,
    0x41A2, 0x41A2, 0x41A2, 0x39A3, 0x39A3, 0x39A3, 0x3983, 0x3983,
    0x3983, 0x3183, 0x3183, 0x3183, 0x3163, 0x3163, 0x3163, 0x3163,
    0x3163, 0x2943, 0x2943, 0x2943, 0x2943, 0x2943, 0x2943, 0x2923,
    0x2923, 0x2103, 0x2103, 0x2103, 0x2103, 0x2103, 0x18E3, 0x18E3,
    0x18E3, 0x18E3, 0x18E3, 0x18C3, 0x18C3, 0x18C3, 0x10C3, 0x10C3,
    0x10A3, 0x10A3, 0x10A3, 0x10A4, 0x10A4, 0x10A4, 0x10A4, 0x10A4,
    0x10A4, 0x10A4, 0x10A4, 0x10A4, 0x10A4, 0x10A4, 0x10A4, 0x10A4,
    0x10A4, 0x10A4, 0x10A4, 0x10A4, 0x10A4, 0x10A4, 0x10A4, 0x10A4,
    0x10A4, 0x10A4, 0x10A4, 0x10A4, 0x10A4, 0x10A4, 0x10A4, 0x10A4,
    0x10A4, 0x10A4, 0x10A4, 0x10A4, 0x10A4, 0x10A4, 0x10A4, 0x10A4,
    0x10A4, 0x10A4, 0x10A4, 0x10A4, 0x10A4, 0x10A4, 0x10A3, 0x10A3,
    0x10C3, 0x10C3, 0x18C3, 0x18C3, 0x18C3, 0x18E3, 0x18E3, 0x18E3,
    0x18E3, 0x18E3, 0x2103, 0x2103, 0x2103, 0x2103, 0x2103, 0x2923,
    0x2923, 0x2943, 0x2943, 0x2943, 0x2943, 0x2943, 0x2943, 0x3163,
    0x3163, 0x3163, 0x3163, 0x3163, 0x3183, 0x3183, 0x3183, 0x3983,
    0x3983, 0x3983, 0x39A3, 0x39A3, 0x39A3, 0x41A2, 0x41A2, 0x41A2,
    0x41C2, 0x41C2, 0x41C2, 0x41E2, 0x41E2, 0x41E2, 0x49E2, 0x49E2,
    0x49E2, 0x4A02, 0x4A02, 0x4A02, 0x4A02, 0x4A02, 0x4A02, 0x4A02,
    0x5222, 0x5222, 0x5222, 0x5222, 0x5222, 0x5222, 0x5222, 0x5222,
    0x5222, 0x5A42, 0x5A42, 0x5A42, 0x5A42, 0x5A42, 0x5A42, 0x5A42,
    0x5A42, 0x5A42, 0x5A42, 0xFE67, 0xFE67, 0xFE67, 0xFE67, 0xFE67,
    0xFE67, 0xFF94, 0xFF94, 0xFF94, 0xFF94, 0xFF94, 0xFF94, 0xFF94,
    0xFF94, 0xFF94, 0xFF94, 0xFF94, 0xFF94, 0xFE67, 0xFB2C, 0xC0E5,
    0xC0E5, 0xC0E5, 0xFB2C, 0xFE67, 0xFE67, 0xFE67, 0xFE67, 0xFE67,
    0xFE67, 0xFE67, 0xFF94, 0xFF94, 0xFF94, 0xFF94, 0xFF94, 0xFE67,
    0xFE67, 0xFE67, 0xFE67, 0xFE67, 0xFE67, 0xFE67, 0x5A42, 0x5A42,
    0x5A42, 0x5A42, 0x5A42, 0x5A42, 0x5A42, 0x5A42, 0x5A42, 0x5A42,
    0x5222, 0x5222, 0x5222, 0x5222, 0x5222, 0x5222, 0x5222, 0x5222,
    0x5222, 0x4A02, 0x4A02, 0x4A02, 0x4A02, 0x4A02, 0x4A02, 0x4A02,
    0x49E2, 0x49E2, 0x49E2, 0x41E2, 0x41E2, 0x41E2, 0x41C2, 0x41C2,
    0x41C2, 0x41A2, 0x41A2, 0x41A2, 0x39A3, 0x39A3, 0x39A3, 0x3983,
    0x3983, 0x3983, 0x3183, 0x3183, 0x3183, 0x3163, 0x3163, 0x3163,
    0x3163, 0x3163, 0x2943, 0x2943, 0x2943, 0x2943, 0x2943, 0x2943,
    0x2923, 0x2923, 0x2103, 0x2103, 0x2103, 0x2103, 0x2103, 0x18E3,
    0x18E3, 0x18E3, 0x18E3, 0x18E3, 0x18C3, 0x18C3, 0x18C3, 0x10C3,
    0x10C3, 0x10A3, 0x10A3, 0x10A4, 0x10A4, 0x10A4, 0x10A4, 0x10A4,
    0x10A4, 0x10A4, 0x10A4, 0x10A4, 0x10A4, 0x10A4, 0x10A4, 0x10A4,
    0x10A4, 0x10A4, 0x10A4, 0x10A4, 0x10A4, 0x10A4, 0x10A4, 0x10A4,
    0x10A4, 0x10A4, 0x10A4, 0x10A4, 0x10A4, 0x10A4, 0x10A4, 0x10A4,
    0x10A4, 0x10A4, 0x10A4, 0x10A4, 0x10A4, 0x10A4, 0x10A4, 0x10A4,
    0x10A4, 0x10A4, 0x10A4, 0x10A4, 0x10A4, 0x10A3, 0x10A3, 0x10C3,
    0x10C3, 0x10C3, 0x18C3, 0x18C3, 0x18E3, 0x18E3, 0x18E3, 0x18E3,
    0x18E3, 0x2103, 0x2103, 0x2103, 0x2103, 0x2103, 0x2923, 0x2923,
    0x2923, 0x2943, 0x2943, 0x2943, 0x2943, 0x2943, 0x3163, 0x3163,
    0x3163, 0x3163, 0x3163, 0x3183, 0x3183, 0x3183, 0x3983, 0x3983,
    0x3983, 0x39A3, 0x39A3, 0x39A3, 0x41A2, 0x41A2, 0x41A2, 0x41C2,
    0x41C2, 0x41C2, 0x41E2, 0x41E2, 0x41E2, 0x49E2, 0x49E2, 0x49E2,
    0x4A02, 0x4A02, 0x4A02, 0x4A02, 0x4A02, 0x4A02, 0x4A02, 0x5222,
    0x5222, 0x5222, 0x5222, 0x5222, 0x5222, 0x5222, 0x5222, 0x5A42,
    0x5A42, 0x5A42, 0x5A42, 0x5A42, 0x5A42, 0x5A42, 0x5A42, 0x5A42,
    0x5A62, 0x5A62, 0xFE67, 0xFE67, 0xFE67, 0xFE67, 0xFF94, 0xFF94,
    0xFF94, 0xFF94, 0xFF94, 0xFF94, 0xFF94, 0xFF94, 0xFF94, 0xFF94,
    0xFF94, 0xFF94, 0xFF94, 0xFF94, 0xFF94, 0xFB2C, 0xC0E5, 0xC0E5,
    0xC0E5, 0xC0E5, 0xC0E5, 0xFB2C, 0xFE67, 0xFE67, 0xFE67, 0xFE67,
    0xFE67, 0xFE67, 0xFE67, 0xFF94, 0xFF94, 0xFF94, 0xBC42, 0xBC42,
    0xBC42, 0xBC42, 0xFE67, 0xFE67, 0xFE67, 0xFE67, 0xFE67, 0x5A62,
    0x5A62, 0x5A42, 0x5A42, 0x5A42, 0x5A42, 0x5A42, 0x5A42, 0x5A42,
    0x5A42, 0x5A42, 0x5222, 0x5222, 0x5222, 0x5222, 0x5222, 0x5222,
    0x5222, 0x5222, 0x4A02, 0x4A02, 0x4A02, 0x4A02, 0x4A02, 0x4A02,
    0x4A02, 0x49E2, 0x49E2, 0x49E2, 0x41E2, 0x41E2, 0x41E2, 0x41C2,
    0x41C2, 0x41C2, 0x41A2, 0x41A2, 0x41A2, 0x39A3, 0x39A3, 0x39A3,
    0x3983, 0x3983, 0x3983, 0x3183, 0x3183, 0x3183, 0x3163, 0x3163,
    0x3163, 0x3163, 0x3163, 0x2943, 0x2943, 0x2943, 0x2943, 0x2943,
    0x2923, 0x2923, 0x2923, 0x2103, 0x2103, 0x2103, 0x2103, 0x2103,
    0x18E3, 0x18E3, 0x18E3, 0x18E3, 0x18E3, 0x18C3, 0x18C3, 0x10C3,
    0x10C3, 0x10C3, 0x10A3, 0x10A3, 0x10A4, 0x10A4, 0x10A4, 0x10A4,
    0x10A4, 0x10A4, 0x10A4, 0x10A4, 0x10A4, 0x10A4, 0x10A4, 0x10A4,
    0x10A4, 0x10A4, 0x10A4, 0x10A4, 0x10A4, 0x10A4, 0x10A4, 0x10A4,
    0x10A4, 0x10A4, 0x10A4, 0x10A4, 0x10A4, 0x10A4, 0x10A4, 0x10A4,
    0x10A4, 0x10A4, 0x10A4, 0x10A4, 0x10A4, 0x10A4, 0x10A4, 0x10A4,
    0x10A4, 0x10A4, 0x10A4, 0x10A4, 0x10A3, 0x10A3, 0x10A3, 0x10C3,
    0x10C3, 0x18C3, 0x18C3, 0x18E3, 0x18E3, 0x18E3, 0x18E3, 0x18E3,
    0x2103, 0x2103, 0x2103, 0x2103, 0x2103, 0x2923, 0x2923, 0x2923,
    0x2943, 0x2943, 0x2943, 0x2943, 0x2943, 0x3163, 0x3163, 0x3163,
    0x3163, 0x3163, 0x3183, 0x3183, 0x3183, 0x3983, 0x3983, 0x3983,
    0x39A3, 0x39A3, 0x39A3, 0x41A2, 0x41A2, 0x41C2, 0x41C2, 0x41C2,
    0x41E2, 0x41E2, 0x41E2, 0x49E2, 0x49E2, 0x49E2, 0x49E2, 0x4A02,
    0x4A02, 0x4A02, 0x4A02, 0x4A02, 0x4A02, 0x5222, 0x5222, 0x5222,
    0x5222, 0x5222, 0x5222, 0x5222, 0x5222, 0x5A42, 0x5A42, 0x5A42,
    0x5A42, 0x5A42, 0x5A42, 0x5A42, 0x5A42, 0x5A42, 0x5A62, 0x5A62,
    0x5A62, 0xFE67, 0xFE67, 0xFF94, 0xFF94, 0xFF94, 0xFF94, 0xFF94,
    0xFF94, 0xFF94, 0xFF94, 0xFF94, 0xFF94, 0xFF94, 0xFF94, 0xFF94,
    0xFF94, 0xFF94, 0xFF94, 0xFF94, 0xFB2C, 0xC0E5, 0xC0E5, 0xC0E5,
    0xC0E5, 0xC0E5, 0xC0E5, 0xC0E5, 0xFB2C, 0xFE67, 0xFE67, 0xFE67,
    0xFE67, 0xFE67, 0xFE67, 0xFE67, 0xFE67, 0xBC42, 0xBC42, 0xBC42,
    0xBC42, 0xBC42, 0xBC42, 0xBC42, 0xBC42, 0xFE67, 0xFE67, 0xFE67,
    0x5A62, 0x5A62, 0x5A62, 0x5A42, 0x5A42, 0x5A42, 0x5A42, 0x5A42,
    0x5A42, 0x5A42, 0x5A42, 0x5A42, 0x5222, 0x5222, 0x5222, 0x5222,
    0x5222, 0x5222, 0x5222, 0x5222, 0x4A02, 0x4A02, 0x4A02, 0x4A02,
    0x4A02, 0x4A02, 0x49E2, 0x49E2, 0x49E2, 0x49E2, 0x41E2, 0x41E2,
    0x41E2, 0x41C2, 0x41C2, 0x41C2, 0x41A2, 0x41A2, 0x39A3, 0x39A3,
    0x39A3, 0x3983, 0x3983, 0x3983, 0x3183, 0x3183, 0x3183, 0x3163,
    0x3163, 0x3163, 0x3163, 0x3163, 0x2943, 0x2943, 0x2943, 0x2943,
    0x2943, 0x2923, 0x2923, 0x2923, 0x2103, 0x2103, 0x2103, 0x2103,
    0x2103, 0x18E3, 0x18E3, 0x18E3, 0x18E3, 0x18E3, 0x18C3, 0x18C3,
    0x10C3, 0x10C3, 0x10A3, 0x10A3, 0x10A3, 0x10A4, 0x10A4, 0x10A4,
    0x10A4, 0x10A4, 0x10A4, 0x10A4, 0x10A4, 0x10A4, 0x10A4, 0x10A4,
    0x10A4, 0x10A4, 0x10A4, 0x10A4, 0x10A4, 0x10A4, 0x10A4, 0x10A4,
    0x10A4, 0x10A4, 0x10A4, 0x10A4, 0x10A4, 0x10A4, 0x10A4, 0x10A4,
    0x10A4, 0x10A4, 0x10A4, 0x10A4, 0x10A4, 0x10A4, 0x10A4, 0x10A4,
    0x10A4, 0x10A4, 0x10A4, 0x10A4, 0x10A3, 0x10A3, 0x10C3, 0x10C3,
    0x18C3, 0x18C3, 0x18C3, 0x18E3, 0x18E3, 0x18E3, 0x18E3, 0x18E3,
    0x2103, 0x2103, 0x2103, 0x2103, 0x2103, 0x2923, 0x2923, 0x2943,
    0x2943, 0x2943, 0x2943, 0x2943, 0x3163, 0x3163, 0x3163, 0x3163,
    0x3163, 0x3183, 0x3183, 0x3183, 0x3983, 0x3983, 0x3983, 0x39A3,
    0x39A3, 0x39A3, 0x41A2, 0x41A2, 0x41C2, 0x41C2, 0x41C2, 0x41E2,
    0x41E2, 0x41E2, 0x49E2, 0x49E2, 0x49E2, 0x4A02, 0x4A02, 0x4A02,
    0x4A02, 0x4A02, 0x4A02, 0x4A02, 0x5222, 0x5222, 0x5222, 0x5222,
    0x5222, 0x5222, 0x5222, 0x5A42, 0xFE67, 0x5A42, 0x5A42, 0x5A42,
    0x5A42, 0x5A42, 0x5A42, 0x5A62, 0x5A62, 0x5A62, 0x5A62, 0x5A62,
    0xFF94, 0xFF94, 0xFF94, 0xFF94, 0xFF94, 0xFF94, 0xFF94, 0xFF94,
    0xFF94, 0xFF94, 0xFF94, 0xFF94, 0xFF94, 0xFF94, 0xFF94, 0xFF94,
    0xFF94, 0xFF94, 0xFF94, 0xFF94, 0xFF94, 0xFB2C, 0xC0E5, 0xC0E5,
    0xC0E5, 0xC0E5, 0xC0E5, 0xFB2C, 0xFE67, 0xFE67, 0xFE67, 0xFE67,
    0xFE67, 0xFE67, 0xFE67, 0xFE67, 0xBC42, 0xBC42, 0xBC42, 0xBC42,
    0xBC42, 0xBC42, 0xBC42, 0xBC42, 0xBC42, 0xBC42, 0xBC42, 0xBC42,
    0xBC42, 0x5A62, 0x5A62, 0x5A62, 0x5A62, 0x5A62, 0x5A42, 0x5A42,
    0x5A42, 0x5A42, 0x5A42, 0x5A42, 0xFE67, 0x5A42, 0x5222, 0x5222,
    0x5222, 0x5222, 0x5222, 0x5222, 0x5222, 0x4A02, 0x4A02, 0x4A02,
    0x4A02, 0x4A02, 0x4A02, 0x4A02, 0x49E2, 0x49E2, 0x49E2, 0x41E2,
    0x41E2, 0x41E2, 0x41C2, 0x41C2, 0x41C2, 0x41A2, 0x41A2, 0x39A3,
    0x39A3, 0x39A3, 0x3983, 0x3983, 0x3983, 0x3183, 0x3183, 0x3183,
    0x3163, 0x3163, 0x3163, 0x3163, 0x3163, 0x2943, 0x2943, 0x2943,
    0x2943, 0x2943, 0x2923, 0x2923, 0x2103, 0x2103, 0x2103, 0x2103,
    0x2103, 0x18E3, 0x18E3, 0x18E3, 0x18E3, 0x18E3, 0x18C3, 0x18C3,
    0x18C3, 0x10C3, 0x10C3, 0x10A3, 0x10A3, 0x10A4, 0x10A4, 0x10A4,
    0x10A4, 0x10A4, 0x10A4, 0x10A4, 0x10A4, 0x10A4, 0x10A4, 0x10A4,
    0x10A4, 0x10A4, 0x10A4, 0x10A4, 0x10A4, 0x10A4, 0x10A4, 0x10A4,
    0x10A4, 0x10A4, 0x10A4, 0x10A4, 0x10A4, 0x10A4, 0x10A4, 0x10A4,
    0x10A4, 0x10A4, 0x10A4, 0x10A4, 0x10A4, 0x10A4, 0x10A4, 0x10A4,
    0x10A4, 0x10A4, 0x10A4, 0x10A3, 0x10A3, 0x10C3, 0x10C3, 0x10C3,
    0x18C3, 0x18C3, 0x18E3, 0x18E3, 0x18E3, 0x18E3, 0x18E3, 0x2103,
    0x2103, 0x2103, 0x2103, 0x2103, 0x2923, 0x2923, 0x2943, 0x2943,
    0x2943, 0x2943, 0x2943, 0x3163, 0x3163, 0x3163, 0x3163, 0x3163,
    0x3183, 0x3183, 0x3183, 0x3983, 0x3983, 0x3983, 0x39A3, 0x39A3,
    0x39A3, 0x41A2, 0x41A2, 0x41C2, 0x41C2, 0x41C2, 0x41E2, 0x41E2,
    0x41E2, 0x49E2, 0x49E2, 0x49E2, 0x4A02, 0x4A02, 0x4A02, 0x4A02,
    0x4A02, 0x4A02, 0x4A02, 0x5222, 0x5222, 0x5222, 0x5222, 0x5222,
    0x5222, 0x5A42, 0x5A42, 0x5A42, 0xFE67, 0xFE67, 0xFE67, 0xFE67,
    0x5A42, 0x5A62, 0x5A62, 0x5A62, 0xFF94, 0xFF94, 0xFF94, 0xFF94,
    0xFF94, 0xFF94, 0xFF94, 0xFF94, 0xFF94, 0xFF94, 0xFF94, 0xFF94,
    0xFF94, 0xFF94, 0xFF94, 0xFF94, 0xFF94, 0xFF94, 0xFF94, 0xFF94,
    0xFF94, 0xFF94, 0xFF94, 0xFF94, 0xFF94, 0xFE67, 0xFB2C, 0xC0E5,
    0xC0E5, 0xC0E5, 0xFB2C, 0xFE67, 0xFE67, 0xFE67, 0xFE67, 0xFE67,
    0xFE67, 0xFE67, 0xFE67, 0xFE67, 0xFE67, 0xBC42, 0xBC42, 0xBC42,
    0xBC42, 0xBC42, 0xBC42, 0xBC42, 0xBC42, 0xBC42, 0xBC42, 0xBC42,
    0xBC42, 0xBC42, 0xFF94, 0xFF94, 0xFF72, 0x5A62, 0x5A62, 0x5A62,
    0x5A42, 0xFE67, 0xFE67, 0xFE67, 0xFE67, 0x5A42, 0x5A42, 0x5A42,
    0x5222, 0x5222, 0x5222, 0x5222, 0x5222, 0x5222, 0x4A02, 0x4A02,
    0x4A02, 0x4A02, 0x4A02, 0x4A02, 0x4A02, 0x49E2, 0x49E2, 0x49E2,
    0x41E2, 0x41E2, 0x41E2, 0x41C2, 0x41C2, 0x41C2, 0x41A2, 0x41A2,
    0x39A3, 0x39A3, 0x39A3, 0x3983, 0x3983, 0x3983, 0x3183, 0x3183,
    0x3183, 0x3163, 0x3163, 0x3163, 0x3163, 0x3163, 0x2943, 0x2943,
    0x2943, 0x2943, 0x2943, 0x2923, 0x2923, 0x2103, 0x2103, 0x2103,
    0x2103, 0x2103, 0x18E3, 0x18E3, 0x18E3, 0x18E3, 0x18E3, 0x18C3,
    0x18C3, 0x10C3, 0x10C3, 0x10C3, 0x10A3, 0x10A3, 0x10A4, 0x10A4,
    0x10A4, 0x10A4, 0x10A4, 0x10A4, 0x10A4, 0x10A4, 0x10A4, 0x10A4,
    0x10A4, 0x10A4, 0x10A4, 0x10A4, 0x10A4, 0x10A4, 0x10A4, 0x10A4,
    0x10A4, 0x10A4, 0x10A4, 0x10A4, 0x10A4, 0x10A4, 0x10A4, 0x10A4,
    0x10A4, 0x10A4, 0x10A4, 0x10A4, 0x10A4, 0x10A4, 0x10A4, 0x10A4,
    0x10A4, 0x10A4, 0x10A3, 0x10A3, 0x10A3, 0x10C3, 0x10C3, 0x18C3,
    0x18C3, 0x18E3, 0x18E3, 0x18E3, 0x18E3, 0x18E3, 0x2103, 0x2103,
    0x2103, 0x2103, 0x2103, 0x2923, 0x2923, 0x2923, 0x2943, 0x2943,
    0x2943, 0x2943, 0x2943, 0x3163, 0x3163, 0x3163, 0x3163, 0x3163,
    0x3183, 0x3183, 0x3983, 0x3983, 0x3983, 0x39A3, 0x39A3, 0x39A3,
    0x41A2, 0x41A2, 0x41C2, 0x41C2, 0x41C2, 0x41E2, 0x41E2, 0x41E2,
    0x49E2, 0x49E2, 0x49E2, 0x4A02, 0x4A02, 0x4A02, 0x4A02, 0x4A02,
    0x4A02, 0x5222, 0x5222, 0x5222, 0x5222, 0x5222, 0x5222, 0x5222,
    0x5A42, 0x5A42, 0x5A42, 0x5A42, 0xFE67, 0xFE67, 0xFE67, 0xFE67,
    0xFE67, 0xFE67, 0xFF94, 0xFF94, 0xFF94, 0xFF94, 0xFF94, 0xFF94,
    0xFF94, 0xFF94, 0xFF94, 0xFF94, 0xFF94, 0xFF94, 0xFF94, 0xFF94,
    0xFF94, 0xFF94, 0xFF94, 0xFF94, 0xFF94, 0xFF94, 0xFF94, 0xFF94,
    0xFF94, 0xFF94, 0xFF94, 0xFF94, 0xFF94, 0xFE67, 0xFB2C, 0xC0E5,
    0xC0E5, 0xC0E5, 0xFB2C, 0xFE67, 0xFE67, 0xFE67, 0xFE67, 0xFE67,
    0xFE67, 0xFE67, 0xFE67, 0xFE67, 0xFE67, 0xFE67, 0xFE67, 0xBC42,
    0xBC42, 0xBC42, 0xBC42, 0xBC42, 0xBC42, 0xBC42, 0xBC42, 0xBC42,
    0xBC42, 0xFF94, 0xFF94, 0xFF94, 0xFF72, 0xFF94, 0xBC42, 0xFE67,
    0xFE67, 0xFE67, 0xFE67, 0xFE67, 0xFE67, 0x5A42, 0x5A42, 0x5A42,
    0x5A42, 0x5222, 0x5222, 0x5222, 0x5222, 0x5222, 0x5222, 0x5222,
    0x4A02, 0x4A02, 0x4A02, 0x4A02, 0x4A02, 0x4A02, 0x49E2, 0x49E2,
    0x49E2, 0x41E2, 0x41E2, 0x41E2, 0x41C2, 0x41C2, 0x41C2, 0x41A2,
    0x41A2, 0x39A3, 0x39A3, 0x39A3, 0x3983, 0x3983, 0x3983, 0x3183,
    0x3183, 0x3163, 0x3163, 0x3163, 0x3163, 0x3163, 0x2943, 0x2943,
    0x2943, 0x2943, 0x2943, 0x2923, 0x2923, 0x2923, 0x2103, 0x2103,
    0x2103, 0x2103, 0x2103, 0x18E3, 0x18E3, 0x18E3, 0x18E3, 0x18E3,
    0x18C3, 0x18C3, 0x10C3, 0x10C3, 0x10A3, 0x10A3, 0x10A3, 0x10A4,
    0x10A4, 0x10A4, 0x10A4, 0x10A4, 0x10A4, 0x10A4, 0x10A4, 0x10A4,
    0x10A4, 0x10A4, 0x10A4, 0x10A4, 0x10A4, 0x10A4, 0x10A4, 0x10A4,
    0x10A4, 0x10A4, 0x10A4, 0x10A4, 0x10A4, 0x10A4, 0x10A4, 0x10A4,
    0x10A4, 0x10A4, 0x10A4, 0x10A4, 0x10A4, 0x10A4, 0x10A4, 0x10A4,
    0x10A4, 0x10A4, 0x10A3, 0x10A3, 0x10C3, 0x10C3, 0x18C3, 0x18C3,
    0x18C3, 0x18E3, 0x18E3, 0x18E3, 0x18E3, 0x18E3, 0x2103, 0x2103,
    0x2103, 0x2103, 0x2923, 0x2923, 0x2923, 0x2943, 0x2943, 0x2943,
    0x2943, 0x2943, 0x3163, 0x3163, 0x3163, 0x3163, 0x3163, 0x3183,
    0x3183, 0x3983, 0x3983, 0x3983, 0x39A3, 0x39A3, 0x39A3, 0x41A2,
    0x41A2, 0x41C2, 0x41C2, 0x41C2, 0x41E2, 0x41E2, 0x41E2, 0x49E2,
    0x49E2, 0x49E2, 0x4A02, 0x4A02, 0x4A02, 0x4A02, 0x4A02, 0x4A02,
    0x5222, 0x5222, 0x5222, 0x5222, 0x5222, 0x5222, 0x5222, 0x5A42,
    0x5A42, 0x5A42, 0x5A42, 0x5A42, 0xFE67, 0xFE67, 0xFE67, 0xFE67,
    0xFE67, 0xFE67, 0xFE67, 0xFF94, 0xFF94, 0xFF94, 0xFF94, 0xFF94,
    0xFF94, 0xFF94, 0xFF94, 0xFF94, 0xFF94, 0xFF94, 0xFF94, 0xFF94,
    0xFF94, 0xFF94, 0xFF94, 0xFF94, 0xFF94, 0xFF94, 0xFF94, 0xFF94,
    0xFF94, 0xFF94, 0xFF94, 0xFF94, 0xFF94, 0xFE67, 0xFE67, 0xFB2C,
    0xC0E5, 0xFB2C, 0xFE67, 0xFE67, 0xFE67, 0xFE67, 0xFE67, 0xFE67,
    0xFE67, 0xFE67, 0xFE67, 0xFE67, 0xFE67, 0xFE67, 0xFE67, 0xFE67,
    0xBC42, 0xBC42, 0xBC42, 0xBC42, 0xBC42, 0xBC42, 0xBC42, 0xBC42,
    0xBC42, 0xFF94, 0xFF94, 0xFF94, 0xFF72, 0xFF94, 0xBC42, 0xFE67,
    0xFE67, 0xFE67, 0xFE67, 0xFE67, 0xFE67, 0x5A42, 0x5A42, 0x5A42,
    0x5A42, 0x5A42, 0x5222, 0x5222, 0x5222, 0x5222, 0x5222, 0x5222,
    0x5222, 0x4A02, 0x4A02, 0x4A02, 0x4A02, 0x4A02, 0x4A02, 0x49E2,
    0x49E2, 0x49E2, 0x41E2, 0x41E2, 0x41E2, 0x41C2, 0x41C2, 0x41C2,
    0x41A2, 0x41A2, 0x39A3, 0x39A3, 0x39A3, 0x3983, 0x3983, 0x3983,
    0x3183, 0x3183, 0x3163, 0x3163, 0x3163, 0x3163, 0x3163, 0x2943,
    0x2943, 0x2943, 0x2943, 0x2943, 0x2923, 0x2923, 0x2923, 0x2103,
    0x2103, 0x2103, 0x2103, 0x18E3, 0x18E3, 0x18E3, 0x18E3, 0x18E3,
    0x18C3, 0x18C3, 0x18C3, 0x10C3, 0x10C3, 0x10A3, 0x10A3, 0x10A4,
    0x10A4, 0x10A4, 0x10A4, 0x10A4, 0x10A4, 0x10A4, 0x10A4, 0x10A4,
    0x10A4, 0x10A4, 0x10A4, 0x10A4, 0x10A4, 0x10A4, 0x10A4, 0x10A4,
    0x10A4, 0x10A4, 0x10A4, 0x10A4, 0x10A4, 0x10A4, 0x10A4, 0x10A4,
    0x10A4, 0x10A4, 0x10A4, 0x10A4, 0x10A4, 0x10A4, 0x10A4, 0x10A4,
    0x10A4, 0x10A3, 0x10A3, 0x10A3, 0x10C3, 0x10C3, 0x18C3, 0x18C3,
    0x18E3, 0x18E3, 0x18E3, 0x18E3, 0x18E3, 0x2103, 0x2103, 0x2103,
    0x2103, 0x2103, 0x2923, 0x2923, 0x2943, 0x2943, 0x2943, 0x2943,
    0x2943, 0x3163, 0x3163, 0x3163, 0x3163, 0x3163, 0x3183, 0x3183,
    0x3183, 0x3983, 0x3983, 0x39A3, 0x39A3, 0x39A3, 0x41A2, 0x41A2,
    0x41A2, 0x41C2, 0x41C2, 0x41E2, 0x41E2, 0x41E2, 0x49E2, 0x49E2,
    0x49E2, 0x4A02, 0x4A02, 0x4A02, 0x4A02, 0x4A02, 0x4A02, 0x5222,
    0x5222, 0x5222, 0x5222, 0x5222, 0x5222, 0x5A42, 0x5A42, 0x5A42,
    0x5A42, 0x5A42, 0x5A42, 0x5A42, 0xFE67, 0xFE67, 0xFE67, 0xFE67,
    0xFE67, 0xFE67, 0xFE67, 0xFF94, 0xFF94, 0xFF94, 0xFF94, 0xFF94,
    0xFF94, 0xFF94, 0xFF94, 0xFF94, 0xFF94, 0xFF94, 0xFF94, 0xFF94,
    0xFF94, 0xFF94, 0xFF94, 0xFF94, 0xFF94, 0xFF94, 0xFF94, 0xFF94,
    0xFF94, 0xFF94, 0xFF94, 0xFF94, 0xFF94, 0xFE67, 0xFE67, 0xFE67,
    0xFB2C, 0xFE67, 0xFE67, 0xFE67, 0xFE67, 0xFE67, 0xFE67, 0xFE67,
    0xFE67, 0xFE67, 0xFE67, 0xFE67, 0xFE67, 0xFE67, 0xFE67, 0xFE67,
    0xFE67, 0xBC42, 0xBC42, 0xBC42, 0xBC42, 0xBC42, 0xBC42, 0xBC42,
    0xBC42, 0xFF94, 0xFF94, 0xFF72, 0xFF72, 0xFF72, 0xBC42, 0xBC42,
    0xFE67, 0xFE67, 0xFE67, 0xFE67, 0xFE67, 0x5A42, 0x5A42, 0x5A42,
    0x5A42, 0x5A42, 0x5A42, 0x5A42, 0x5222, 0x5222, 0x5222, 0x5222,
    0x5222, 0x5222, 0x4A02, 0x4A02, 0x4A02, 0x4A02, 0x4A02, 0x4A02,
    0x49E2, 0x49E2, 0x49E2, 0x41E2, 0x41E2, 0x41E2, 0x41C2, 0x41C2,
    0x41A2, 0x41A2, 0x41A2, 0x39A3, 0x39A3, 0x39A3, 0x3983, 0x3983,
    0x3183, 0x3183, 0x3183, 0x3163, 0x3163, 0x3163, 0x3163, 0x3163,
    0x2943, 0x2943, 0x2943, 0x2943, 0x2943, 0x2923, 0x2923, 0x2103,
    0x2103, 0x2103, 0x2103, 0x2103, 0x18E3, 0x18E3, 0x18E3, 0x18E3,
    0x18E3, 0x18C3, 0x18C3, 0x10C3, 0x10C3, 0x10A3, 0x10A3, 0x10A3,
    0x10A4, 0x10A4, 0x10A4, 0x10A4, 0x10A4, 0x10A4, 0x10A4, 0x10A4,
    0x10A4, 0x10A4, 0x10A4, 0x10A4, 0x10A4, 0x10A4, 0x10A4, 0x10A4,
    0x10A4, 0x10A4, 0x10A4, 0x10A4, 0x10A4, 0x10A4, 0x10A4, 0x10A4,
    0x10A4, 0x10A4, 0x10A4, 0x10A4, 0x10A4, 0x10A4, 0x10A4, 0x10A4,
    0x10A4, 0x10A3, 0x10A3, 0x10C3, 0x10C3, 0x18C3, 0x18C3, 0x18C3,
    0x18E3, 0x18E3, 0x18E3, 0x18E3, 0x2103, 0x2103, 0x2103, 0x2103,
    0x2103, 0x2923, 0x2923, 0x2943, 0x2943, 0x2943, 0x2943, 0x2943,
    0x3163, 0x3163, 0x3163, 0x3163, 0x3163, 0x3183, 0x3183, 0x3183,
    0x3983, 0x3983, 0x39A3, 0x39A3, 0x39A3, 0x41A2, 0x41A2, 0x41A2,
    0x41C2, 0x41C2, 0x41E2, 0x41E2, 0x41E2, 0x49E2, 0x49E2, 0x49E2,
    0x4A02, 0x4A02, 0x4A02, 0x4A02, 0x4A02, 0x4A02, 0x5222, 0x5222,
    0x5222, 0x5222, 0x5222, 0x5222, 0x5A42, 0x5A42, 0x5A42, 0x5A42,
    0x5A42, 0x5A42, 0x5A42, 0x5A62, 0xFE67, 0xFE67, 0xFE67, 0xFE67,
    0xFE67, 0xFE67, 0xFE67, 0xFE67, 0xFF94, 0xFF94, 0xFF94, 0xFE67,
    0xFE67, 0xFE67, 0xFF94, 0xFF94, 0xFF94, 0xFF94, 0xFF94, 0xFF94,
    0xFF94, 0xFF94, 0xFF94, 0xFF94, 0xFF94, 0xFE67, 0xFE67, 0xFE67,
    0xFE67, 0xFF72, 0xFE67, 0xFE67, 0xFE67, 0xFE67, 0xFE67, 0xFE67,
    0xFE67, 0xFE67, 0xFE67, 0xFE67, 0xFE67, 0xFE67, 0xFE67, 0xFE67,
    0xFE67, 0xFE67, 0xFE67, 0xFE67, 0xFE67, 0xFE67, 0xFE67, 0xFE67,
    0xFE67, 0xFE67, 0xFE67, 0xBC42, 0xBC42, 0xBC42, 0xBC42, 0xBC42,
    0xBC42, 0xBC42, 0xFF72, 0xFF72, 0xFF72, 0xFF72, 0xFF72, 0xBC42,
    0xFE67, 0xFE67, 0xFE67, 0xFE67, 0xFE67, 0x5A62, 0x5A42, 0x5A42,
    0x5A42, 0x5A42, 0x5A42, 0x5A42, 0x5A42, 0x5222, 0x5222, 0x5222,
    0x5222, 0x5222, 0x5222, 0x4A02, 0x4A02, 0x4A02, 0x4A02, 0x4A02,
    0x4A02, 0x49E2, 0x49E2, 0x49E2, 0x41E2, 0x41E2, 0x41E2, 0x41C2,
    0x41C2, 0x41A2, 0x41A2, 0x41A2, 0x39A3, 0x39A3, 0x39A3, 0x3983,
    0x3983, 0x3183, 0x3183, 0x3183, 0x3163, 0x3163, 0x3163, 0x3163,
    0x3163, 0x2943, 0x2943, 0x2943, 0x2943, 0x2943, 0x2923, 0x2923,
    0x2103, 0x2103, 0x2103, 0x2103, 0x2103, 0x18E3, 0x18E3, 0x18E3,
    0x18E3, 0x18C3, 0x18C3, 0x18C3, 0x10C3, 0x10C3, 0x10A3, 0x10A3,
    0x10A4, 0x10A4, 0x10A4, 0x10A4, 0x10A4, 0x10A4, 0x10A4, 0x10A4,
    0x10A4, 0x10A4, 0x10A4, 0x10A4, 0x10A4, 0x10A4, 0x10A4, 0x10A4,
    0x10A4, 0x10A4, 0x10A4, 0x10A4, 0x10A4, 0x10A4, 0x10A4, 0x10A4,
    0x10A4, 0x10A4, 0x10A4, 0x10A4, 0x10A4, 0x10A4, 0x10A4, 0x10A4,
    0x10A3, 0x10A3, 0x10C3, 0x10C3, 0x10C3, 0x18C3, 0x18C3, 0x18E3,
    0x18E3, 0x18E3, 0x18E3, 0x18E3, 0x2103, 0x2103, 0x2103, 0x2103,
    0x2923, 0x2923, 0x2923, 0x2943, 0x2943, 0x2943, 0x2943, 0x2943,
    0x3163, 0x3163, 0x3163, 0x3163, 0x3163, 0x3183, 0x3183, 0x3983,
    0x3983, 0x3983, 0x39A3, 0x39A3, 0x41A2, 0x41A2, 0x41A2, 0x41C2,
    0x41C2, 0x41E2, 0x41E2, 0x41E2, 0x49E2, 0x49E2, 0x49E2, 0x4A02,
    0x4A02, 0x4A02, 0x4A02, 0x4A02, 0x4A02, 0x5222, 0x5222, 0x5222,
    0x5222, 0x5222, 0x5222, 0x5A42, 0x5A42, 0x5A42, 0x5A42, 0x5A42,
    0x5A42, 0x5A62, 0x5A62, 0x5A62, 0xFE67, 0xFE67, 0xFE67, 0xFE67,
    0xFE67, 0xFE67, 0xFE67, 0xFE67, 0xFE67, 0xFE67, 0xFE67, 0xFE67,
    0xFE67, 0xFE67, 0xFE67, 0xFE67, 0xFF94, 0xFE67, 0xFE67, 0xFE67,
    0xFE67, 0xFE67, 0xFE67, 0xFE67, 0xFE67, 0xFE67, 0xFE67, 0xFE67,
    0xFE67, 0xFF72, 0xFE67, 0xFE67, 0xFE67, 0xFE67, 0xFE67, 0xFE67,
    0xFE67, 0xFE67, 0xFE67, 0xFE67, 0xFE67, 0xFE67, 0xFE67, 0xFE67,
    0xFE67, 0xFE67, 0xFE67, 0xFE67, 0xFE67, 0xFE67, 0xFE67, 0xFE67,
    0xFE67, 0xFE67, 0xFE67, 0xFE67, 0xBC42, 0xBC42, 0xBC42, 0xFF72,
    0xFF72, 0xFF72, 0xFF72, 0xFF72, 0xFF72, 0xFF72, 0xFF72, 0xFF72,
    0xFF72, 0xFF72, 0xFE67, 0xFE67, 0xFE67, 0x5A62, 0x5A62, 0x5A62,
    0x5A42, 0x5A42, 0x5A42, 0x5A42, 0x5A42, 0x5A42, 0x5222, 0x5222,
    0x5222, 0x5222, 0x5222, 0x5222, 0x4A02, 0x4A02, 0x4A02, 0x4A02,
    0x4A02, 0x4A02, 0x49E2, 0x49E2, 0x49E2, 0x41E2, 0x41E2, 0x41E2,
    0x41C2, 0x41C2, 0x41A2, 0x41A2, 0x41A2, 0x39A3, 0x39A3, 0x3983,
    0x3983, 0x3983, 0x3183, 0x3183, 0x3163, 0x3163, 0x3163, 0x3163,
    0x3163, 0x2943, 0x2943, 0x2943, 0x2943, 0x2943, 0x2923, 0x2923,
    0x2923, 0x2103, 0x2103, 0x2103, 0x2103, 0x18E3, 0x18E3, 0x18E3,
    0x18E3, 0x18E3, 0x18C3, 0x18C3, 0x10C3, 0x10C3, 0x10C3, 0x10A3,
    0x10A3, 0x10A4, 0x10A4, 0x10A4, 0x10A4, 0x10A4, 0x10A4, 0x10A4,
    0x10A4, 0x10A4, 0x10A4, 0x10A4, 0x10A4, 0x10A4, 0x10A4, 0x10A4,
    0x10A4, 0x10A4, 0x10A4, 0x10A4, 0x10A4, 0x10A4, 0x10A4, 0x10A4,
    0x10A4, 0x10A4, 0x10A4, 0x10A4, 0x10A4, 0x10A4, 0x10A4, 0x10A4,
    0x10A3, 0x10A3, 0x10C3, 0x10C3, 0x18C3, 0x18C3, 0x18E3, 0x18E3,
    0x18E3, 0x18E3, 0x18E3, 0x2103, 0x2103, 0x2103, 0x2103, 0x2103,
    0x2923, 0x2923, 0x2943, 0x2943, 0x2943, 0x2943, 0x2943, 0x3163,
    0x3163, 0x3163, 0x3163, 0x3163, 0x3183, 0x3183, 0x3983, 0x3983,
    0x3983, 0x39A3, 0x39A3, 0x41A2, 0x41A2, 0x41A2, 0x41C2, 0x41C2,
    0x41C2, 0x41E2, 0x41E2, 0x49E2, 0x49E2, 0x49E2, 0x4A02, 0x4A02,
    0x4A02, 0x4A02, 0x4A02, 0x4A02, 0x5222, 0x5222, 0x5222, 0x5222,
    0x5222, 0x5A42, 0x5A42, 0x5A42, 0x5A42, 0x5A42, 0x5A42, 0x5A42,
    0x5A62, 0x5A62, 0x5A62, 0x6282, 0xFE67, 0xFE67, 0xFE67, 0xFE67,
    0xFE67, 0xFE67, 0xFE67, 0xFE67, 0xFE67, 0xFE67, 0xFE67, 0xFE67,
    0xFE67, 0xFE67, 0xFE67, 0xFE67, 0xFE67, 0xFE67, 0xFE67, 0xFE67,
    0xFE67, 0xFE67, 0xFE67, 0xFE67, 0xFE67, 0xFE67, 0xFE67, 0xFE67,
    0xFE67, 0xFF72, 0xFE67, 0xFE67, 0xFE67, 0xFE67, 0xFE67, 0xFE67,
    0xFE67, 0xFE67, 0xFE67, 0xFE67, 0xFE67, 0xFE67, 0xFE67, 0xFE67,
    0xFE67, 0xFE67, 0xFE67, 0xFE67, 0xFE67, 0xFE67, 0xFE67, 0xFE67,
    0xFE67, 0xFE67, 0xFE67, 0xFE67, 0xFE67, 0xFE67, 0xFE67, 0xFE67,
    0xFE67, 0xFE67, 0xFF72, 0xFF72, 0xFF72, 0xFF72, 0xFF72, 0xBC42,
    0xBC42, 0xFE67, 0xFE67, 0xFE67, 0xFE67, 0x6282, 0x5A62, 0x5A62,
    0x5A62, 0x5A42, 0x5A42, 0x5A42, 0x5A42, 0x5A42, 0x5A42, 0x5A42,
    0x5222, 0x5222, 0x5222, 0x5222, 0x5222, 0x4A02, 0x4A02, 0x4A02,
    0x4A02, 0x4A02, 0x4A02, 0x49E2, 0x49E2, 0x49E2, 0x41E2, 0x41E2,
    0x41C2, 0x41C2, 0x41C2, 0x41A2, 0x41A2, 0x41A2, 0x39A3, 0x39A3,
    0x3983, 0x3983, 0x3983, 0x3183, 0x3183, 0x3163, 0x3163, 0x3163,
    0x3163, 0x3163, 0x2943, 0x2943, 0x2943, 0x2943, 0x2943, 0x2923,
    0x2923, 0x2103, 0x2103, 0x2103, 0x2103, 0x2103, 0x18E3, 0x18E3,
    0x18E3, 0x18E3, 0x18E3, 0x18C3, 0x18C3, 0x10C3, 0x10C3, 0x10A3,
    0x10A3, 0x10A4, 0x10A4, 0x10A4, 0x10A4, 0x10A4, 0x10A4, 0x10A4,
    0x10A4, 0x10A4, 0x10A4, 0x10A4, 0x10A4, 0x10A4, 0x10A4, 0x10A4,
    0x10A4, 0x10A4, 0x10A4, 0x10A4, 0x10A4, 0x10A4, 0x10A4, 0x10A4,
    0x10A4, 0x10A4, 0x10A4, 0x10A4, 0x10A4, 0x10A4, 0x10A4, 0x10A3,
    0x10A3, 0x10C3, 0x10C3, 0x10C3, 0x18C3, 0x18C3, 0x18E3, 0x18E3,
    0x18E3, 0x18E3, 0x2103, 0x2103, 0x2103, 0x2103, 0x2103, 0x2923,
    0x2923, 0x2943, 0x2943, 0x2943, 0x2943, 0x2943, 0x3163, 0x3163,
    0x3163, 0x3163, 0x3163, 0x3183, 0x3183, 0x3183, 0x3983, 0x3983,
    0x39A3, 0x39A3, 0x39A3, 0x41A2, 0x41A2, 0x41C2, 0x41C2, 0x41C2,
    0x41E2, 0x41E2, 0x49E2, 0x49E2, 0x49E2, 0x4A02, 0x4A02, 0x4A02,
    0x4A02, 0x4A02, 0x4A02, 0x5222, 0x5222, 0x5222, 0x5222, 0x5222,
    0x5A42, 0x5A42, 0x5A42, 0x5A42, 0x5A42, 0x5A42, 0x5A42, 0x5A62,
    0x5A62, 0x5A62, 0x6282, 0x6282, 0xFE67, 0xFE67, 0xFE67, 0xFE67,
    0xFE67, 0xFE67, 0xFE67, 0xFE67, 0xFE67, 0xFE67, 0xFE67, 0xFE67,
    0xFE67, 0xFE67, 0xFE67, 0xFE67, 0xFE67, 0xFE67, 0xFE67, 0xFE67,
    0xFE67, 0xFE67, 0xFE67, 0xFE67, 0xFE67, 0xFE67, 0xFE67, 0xFE67,
    0xFF72, 0xFF72, 0xFF72, 0xFE67, 0xFE67, 0xFE67, 0xFE67, 0xFE67,
    0xFE67, 0xFE67, 0xFE67, 0xFE67, 0xFE67, 0xFE67, 0xFE67, 0xFE67,
    0xFE67, 0xFE67, 0xFE67, 0xFE67, 0xFE67, 0xFE67, 0xFE67, 0xFE67,
    0xFE67, 0xFE67, 0xFE67, 0xFE67, 0xFE67, 0xFE67, 0xFE67, 0xFE67,
    0xFE67, 0xFE67, 0xFE67, 0xFF72, 0xFF72, 0xFF72, 0xFE67, 0xFE67,
    0xBC42, 0xFE67, 0xFE67, 0xFE67, 0xFE67, 0x6282, 0x6282, 0x5A62,
    0x5A62, 0x5A62, 0x5A42, 0x5A42, 0x5A42, 0x5A42, 0x5A42, 0x5A42,
    0x5A42, 0x5222, 0x5222, 0x5222, 0x5222, 0x5222, 0x4A02, 0x4A02,
    0x4A02, 0x4A02, 0x4A02, 0x4A02, 0x49E2, 0x49E2, 0x49E2, 0x41E2,
    0x41E2, 0x41C2, 0x41C2, 0x41C2, 0x41A2, 0x41A2, 0x39A3, 0x39A3,
    0x39A3, 0x3983, 0x3983, 0x3183, 0x3183, 0x3183, 0x3163, 0x3163,
    0x3163, 0x3163, 0x3163, 0x2943, 0x2943, 0x2943, 0x2943, 0x2943,
    0x2923, 0x2923, 0x2103, 0x2103, 0x2103, 0x2103, 0x2103, 0x18E3,
    0x18E3, 0x18E3, 0x18E3, 0x18C3, 0x18C3, 0x10C3, 0x10C3, 0x10C3,
    0x10A3, 0x10A3, 0x10A4, 0x10A4, 0x10A4, 0x10A4, 0x10A4, 0x10A4,
    0x10A4, 0x10A4, 0x10A4, 0x10A4, 0x10A4, 0x10A4, 0x10A4, 0x10A4,
    0x10A4, 0x10A4, 0x10A4, 0x10A4, 0x10A4, 0x10A4, 0x10A4, 0x10A4,
    0x10A4, 0x10A4, 0x10A4, 0x10A4, 0x10A4, 0x10A4, 0x10A4, 0x10A3,
    0x10A3, 0x10C3, 0x10C3, 0x18C3, 0x18C3, 0x18E3, 0x18E3, 0x18E3,
    0x18E3, 0x18E3, 0x2103, 0x2103, 0x2103, 0x2103, 0x2103, 0x2923,
    0x2923, 0x2943, 0x2943, 0x2943, 0x2943, 0x2943, 0x3163, 0x3163,
    0x3163, 0x3163, 0x3183, 0x3183, 0x3183, 0x3983, 0x3983, 0x39A3,
    0x39A3, 0x39A3, 0x41A2, 0x41A2, 0x41C2, 0x41C2, 0x41C2, 0x41E2,
    0x41E2, 0x49E2, 0x49E2, 0x49E2, 0x4A02, 0x4A02, 0x4A02, 0x4A02,
    0x4A02, 0x4A02, 0x5222, 0x5222, 0x5222, 0x5222, 0x5222, 0x5A42,
    0x5A42, 0x5A42, 0x5A42, 0x5A42, 0x5A42, 0x5A62, 0x5A62, 0x5A62,
    0x5A62, 0x6282, 0x6282, 0x6282, 0xFE67, 0xFE67, 0xFE67, 0xFE67,
    0xFE67, 0xFE67, 0xFE67, 0xFE67, 0xFE67, 0xFE67, 0xFE67, 0xFE67,
    0xFE67, 0xFE67, 0xFE67, 0xFE67, 0xFE67, 0xFE67, 0xFE67, 0xFE67,
    0xFE67, 0xFE67, 0xFE67, 0xFE67, 0xFE67, 0xFE67, 0xFE67, 0xFF72,
    0xFF72, 0xFF72, 0xFF72, 0xFF72, 0xFE67, 0xFE67, 0xFE67, 0xFE67,
    0xFE67, 0xFE67, 0xFE67, 0xFE67, 0xFE67, 0xFE67, 0xFE67, 0xFE67,
    0xFE67, 0xFE67, 0xFE67, 0xFE67, 0xFE67, 0xFE67, 0xFE67, 0xFE67,
    0xFE67, 0xFE67, 0xFE67, 0xFE67, 0xFE67, 0xFE67, 0xFE67, 0xFE67,
    0xFE67, 0xFE67, 0xFE67, 0xFE67, 0xFF72, 0xFE67, 0xFE67, 0xFE67,
    0xFE67, 0xFE67, 0xFE67, 0xFE67, 0xFE67, 0x6282, 0x6282, 0x6282,
    0x5A62, 0x5A62, 0x5A62, 0x5A62, 0x5A42, 0x5A42, 0x5A42, 0x5A42,
    0x5A42, 0x5A42, 0x5222, 0x5222, 0x5222, 0x5222, 0x5222, 0x4A02,
    0x4A02, 0x4A02, 0x4A02, 0x4A02, 0x4A02, 0x49E2, 0x49E2, 0x49E2,
    0x41E2, 0x41E2, 0x41C2, 0x41C2, 0x41C2, 0x41A2, 0x41A2, 0x39A3,
    0x39A3, 0x39A3, 0x3983, 0x3983, 0x3183, 0x3183, 0x3183, 0x3163,
    0x3163, 0x3163, 0x3163, 0x2943, 0x2943, 0x2943, 0x2943, 0x2943,
    0x2923, 0x2923, 0x2103, 0x2103, 0x2103, 0x2103, 0x2103, 0x18E3,
    0x18E3, 0x18E3, 0x18E3, 0x18E3, 0x18C3, 0x18C3, 0x10C3, 0x10C3,
    0x10A3, 0x10A3, 0x10A4, 0x10A4, 0x10A4, 0x10A4, 0x10A4, 0x10A4,
    0x10A4, 0x10A4, 0x10A4, 0x10A4, 0x10A4, 0x10A4, 0x10A4, 0x10A4,
    0x10A4, 0x10A4, 0x10A4, 0x10A4, 0x10A4, 0x10A4, 0x10A4, 0x10A4,
    0x10A4, 0x10A4, 0x10A4, 0x10A4, 0x10A4, 0x10A4, 0x10A3, 0x10A3,
    0x10C3, 0x10C3, 0x10C3, 0x18C3, 0x18C3, 0x18E3, 0x18E3, 0x18E3,
    0x18E3, 0x2103, 0x2103, 0x2103, 0x2103, 0x2103, 0x2923, 0x2923,
    0x2943, 0x2943, 0x2943, 0x2943, 0x2943, 0x3163, 0x3163, 0x3163,
    0x3163, 0x3163, 0x3183, 0x3183, 0x3983, 0x3983, 0x3983, 0x39A3,
    0x39A3, 0x41A2, 0x41A2, 0x41A2, 0x41C2, 0x41C2, 0x41E2, 0x41E2,
    0x41E2, 0x49E2, 0x49E2, 0x4A02, 0x4A02, 0x4A02, 0x4A02, 0x4A02,
    0x4A02, 0x5222, 0x5222, 0x5222, 0x5222, 0x5222, 0x5A42, 0x5A42,
    0x5A42, 0x5A42, 0x5A42, 0x5A42, 0x5A62, 0x5A62, 0x5A62, 0x6282,
    0x6282, 0x6282, 0xFE67, 0xFE67, 0xFE67, 0xFE67, 0xFE67, 0xFE67,
    0xFF72, 0xFE67, 0xFE67, 0xFE67, 0xFE67, 0xFE67, 0xFE67, 0xFE67,
    0xFE67, 0xFE67, 0xFE67, 0xFE67, 0xFE67, 0xFE67, 0xFE67, 0xFE67,
    0xFE67, 0xFE67, 0xFE67, 0xFE67, 0xFE67, 0xFE67, 0xFF72, 0xFF72,
    0xFF72, 0xFF72, 0xFF72, 0xFF72, 0xFF72, 0xFE67, 0xFE67, 0xFB2C,
    0xFB2C, 0xFB2C, 0xFE67, 0xFE67, 0xFE67, 0xFE67, 0xFE67, 0xFE67,
    0xFE67, 0xFE67, 0xFE67, 0xFE67, 0xFE67, 0xFE67, 0xFE67, 0xFE67,
    0xFE67, 0xFE67, 0xFE67, 0xFE67, 0xFE67, 0xFE67, 0xFE67, 0xFE67,
    0xFE67, 0xFE67, 0xFE67, 0xFE67, 0xFF72, 0xFE67, 0xFE67, 0xFE67,
    0xFE67, 0xFE67, 0xFE67, 0xFE67, 0xFE67, 0xFE67, 0xFE67, 0x6282,
    0x6282, 0x6282, 0x5A62, 0x5A62, 0x5A62, 0x5A42, 0x5A42, 0x5A42,
    0x5A42, 0x5A42, 0x5A42, 0x5222, 0x5222, 0x5222, 0x5222, 0x5222,
    0x4A02, 0x4A02, 0x4A02, 0x4A02, 0x4A02, 0x4A02, 0x49E2, 0x49E2,
    0x41E2, 0x41E2, 0x41E2, 0x41C2, 0x41C2, 0x41A2, 0x41A2, 0x41A2,
    0x39A3, 0x39A3, 0x3983, 0x3983, 0x3983, 0x3183, 0x3183, 0x3163,
    0x3163, 0x3163, 0x3163, 0x3163, 0x2943, 0x2943, 0x2943, 0x2943,
    0x2943, 0x2923, 0x2923, 0x2103, 0x2103, 0x2103, 0x2103, 0x2103,
    0x18E3, 0x18E3, 0x18E3, 0x18E3, 0x18C3, 0x18C3, 0x10C3, 0x10C3,
    0x10C3, 0x10A3, 0x10A3, 0x10A4, 0x10A4, 0x10A4, 0x10A4, 0x10A4,
    0x10A4, 0x10A4, 0x10A4, 0x10A4, 0x10A4, 0x10A4, 0x10A4, 0x10A4,
    0x10A4, 0x10A4, 0x10A4, 0x10A4, 0x10A4, 0x10A4, 0x10A4, 0x10A4,
    0x10A4, 0x10A4, 0x10A4, 0x10A4, 0x10A4, 0x10A4, 0x10A3, 0x10A3,
    0x10C3, 0x10C3, 0x18C3, 0x18C3, 0x18E3, 0x18E3, 0x18E3, 0x18E3,
    0x18E3, 0x2103, 0x2103, 0x2103, 0x2103, 0x2923, 0x2923, 0x2923,
    0x2943, 0x2943, 0x2943, 0x2943, 0x3163, 0x3163, 0x3163, 0x3163,
    0x3163, 0x3183, 0x3183, 0x3983, 0x3983, 0x3983, 0x39A3, 0x39A3,
    0x41A2, 0x41A2, 0x41A2, 0x41C2, 0x41C2, 0x41E2, 0x41E2, 0x41E2,
    0x49E2, 0x49E2, 0x4A02, 0x4A02, 0x4A02, 0x4A02, 0x4A02, 0x4A02,
    0x5222, 0x5222, 0x5222, 0x5222, 0x5222, 0x5A42, 0x5A42, 0x5A42,
    0x5A42, 0x5A42, 0x5A42, 0x5A62, 0x5A62, 0x5A62, 0x6282, 0x6282,
    0x6282, 0x6282, 0xFE67, 0xFE67, 0xFE67, 0xFE67, 0xFE67, 0xFE67,
    0xFF72, 0xFE67, 0xFE67, 0xFE67, 0xFE67, 0xFE67, 0xFE67, 0xFE67,
    0xFE67, 0xFE67, 0xFE67, 0xFE67, 0xFE67, 0xFE67, 0xFE67, 0xFE67,
    0xFE67, 0xFE67, 0xFE67, 0xFF72, 0xFF72, 0xFF72, 0xFF72, 0xFF72,
    0xFF72, 0xFF72, 0xFF72, 0xFF72, 0xFF72, 0xFF72, 0xFF72, 0xFF72,
    0xC0E5, 0xC0E5, 0xFB2C, 0xFE67, 0xFE67, 0xFE67, 0xFE67, 0xFE67,
    0xFE67, 0xFE67, 0xFE67, 0xFE67, 0xFE67, 0xFE67, 0xFE67, 0xFE67,
    0xFE67, 0xFE67, 0xFE67, 0xFE67, 0xFE67, 0xFE67, 0xFE67, 0xFE67,
    0xFE67, 0xFE67, 0xFE67, 0xFE67, 0xFF72, 0xFE67, 0xFE67, 0xFE67,
    0xFE67, 0xFE67, 0xFE67, 0xFE67, 0xFE67, 0xFE67, 0xFE67, 0x6282,
    0x6282, 0x6282, 0x6282, 0x5A62, 0x5A62, 0x5A62, 0x5A42, 0x5A42,
    0x5A42, 0x5A42, 0x5A42, 0x5A42, 0x5222, 0x5222, 0x5222, 0x5222,
    0x5222, 0x4A02, 0x4A02, 0x4A02, 0x4A02, 0x4A02, 0x4A02, 0x49E2,
    0x49E2, 0x41E2, 0x41E2, 0x41E2, 0x41C2, 0x41C2, 0x41A2, 0x41A2,
    0x41A2, 0x39A3, 0x39A3, 0x3983, 0x3983, 0x3983, 0x3183, 0x3183,
    0x3163, 0x3163, 0x3163, 0x3163, 0x3163, 0x2943, 0x2943, 0x2943,
    0x2943, 0x2923, 0x2923, 0x2923, 0x2103, 0x2103, 0x2103, 0x2103,
    0x18E3, 0x18E3, 0x18E3, 0x18E3, 0x18E3, 0x18C3, 0x18C3, 0x10C3,
    0x10C3, 0x10A3, 0x10A3, 0x10A4, 0x10A4, 0x10A4, 0x10A4, 0x10A4,
    0x10A4, 0x10A4, 0x10A4, 0x10A4, 0x10A4, 0x10A4, 0x10A4, 0x10A4,
    0x10A4, 0x10A4, 0x10A4, 0x10A4, 0x10A4, 0x10A4, 0x10A4, 0x10A4,
    0x10A4, 0x10A4, 0x10A4, 0x10A4, 0x10A4, 0x10A3, 0x10A3, 0x10C3,
    0x10C3, 0x10C3, 0x18C3, 0x18C3, 0x18E3, 0x18E3, 0x18E3, 0x18E3,
    0x2103, 0x2103, 0x2103, 0x2103, 0x2103, 0x2923, 0x2923, 0x2943,
    0x2943, 0x2943, 0x2943, 0x2943, 0x3163, 0x3163, 0x3163, 0x3163,
    0x3183, 0x3183, 0x3183, 0x3983, 0x3983, 0x39A3, 0x39A3, 0x39A3,
    0x41A2, 0x41A2, 0x41C2, 0x41C2, 0x41C2, 0x41E2, 0x41E2, 0x49E2,
    0x49E2, 0x49E2, 0x4A02, 0x4A02, 0x4A02, 0x4A02, 0x4A02, 0x5222,
    0x5222, 0x5222, 0x5222, 0x5222, 0x5A42, 0x5A42, 0x5A42, 0x5A42,
    0x5A42, 0x5A42, 0x5A62, 0x5A62, 0x5A62, 0x6282, 0x6282, 0x6282,
    0x6282, 0x6282, 0xFE67, 0xFE67, 0xFE67, 0xFE67, 0xFE67, 0xFE67,
    0xFF72, 0xFE67, 0xFE67, 0xFE67, 0xFE67, 0xFE67, 0xFE67, 0xFE67,
    0xFE67, 0xFE67, 0xFE67, 0xFE67, 0xFE67, 0xFE67, 0xFE67, 0xFE67,
    0xFE67, 0xFE67, 0xFE67, 0xFE67, 0xFE67, 0xFE67, 0xFF72, 0xFF72,
    0xFF72, 0xFF72, 0xFF72, 0xFF72, 0xFF72, 0xFB2C, 0xC0E5, 0xC0E5,
    0xC0E5, 0xC0E5, 0xC0E5, 0xFB2C, 0xFE67, 0xFE67, 0xFE67, 0xFE67,
    0xFE67, 0xFE67, 0xFE67, 0xFE67, 0xFE67, 0xFE67, 0xFE67, 0xFE67,
    0xFE67, 0xFE67, 0xFE67, 0xFE67, 0xFE67, 0xFE67, 0xFE67, 0xFE67,
    0xFE67, 0xFE67, 0xFE67, 0xFE67, 0xFE67, 0xFE67, 0xFE67, 0xFE67,
    0xFE67, 0xFE67, 0xFE67, 0xFE67, 0xFE67, 0xFE67, 0xFE67, 0x6282,
    0x6282, 0x6282, 0x6282, 0x6282, 0x5A62, 0x5A62, 0x5A62, 0x5A42,
    0x5A42, 0x5A42, 0x5A42, 0x5A42, 0x5A42, 0x5222, 0x5222, 0x5222,
    0x5222, 0x5222, 0x4A02, 0x4A02, 0x4A02, 0x4A02, 0x4A02, 0x49E2,
    0x49E2, 0x49E2, 0x41E2, 0x41E2, 0x41C2, 0x41C2, 0x41C2, 0x41A2,
    0x41A2, 0x39A3, 0x39A3, 0x39A3, 0x3983, 0x3983, 0x3183, 0x3183,
    0x3183, 0x3163, 0x3163, 0x3163, 0x3163, 0x2943, 0x2943, 0x2943,
    0x2943, 0x2943, 0x2923, 0x2923, 0x2103, 0x2103, 0x2103, 0x2103,
    0x2103, 0x18E3, 0x18E3, 0x18E3, 0x18E3, 0x18C3, 0x18C3, 0x10C3,
    0x10C3, 0x10C3, 0x10A3, 0x10A3, 0x10A4, 0x10A4, 0x10A4, 0x10A4,
    0x10A4, 0x10A4, 0x10A4, 0x10A4, 0x10A4, 0x10A4, 0x10A4, 0x10A4,
    0x10A4, 0x10A4, 0x10A4, 0x10A4, 0x10A4, 0x10A4, 0x10A4, 0x10A4,
    0x10A4, 0x10A4, 0x10A4, 0x10A4, 0x10A4, 0x10A3, 0x10A3, 0x10C3,
    0x10C3, 0x18C3, 0x18C3, 0x18E3, 0x18E3, 0x18E3, 0x18E3, 0x18E3,
    0x2103, 0x2103, 0x2103, 0x2103, 0x2923, 0x2923, 0x2923, 0x2943,
    0x2943, 0x2943, 0x2943, 0x3163, 0x3163, 0x3163, 0x3163, 0x3163,
    0x3183, 0x3183, 0x3983, 0x3983, 0x3983, 0x39A3, 0x39A3, 0x41A2,
    0x41A2, 0x41C2, 0x41C2, 0x41C2, 0x41E2, 0x41E2, 0x49E2, 0x49E2,
    0x49E2, 0x4A02, 0x4A02, 0x4A02, 0x4A02, 0x4A02, 0x5222, 0x5222,
    0x5222, 0x5222, 0x5222, 0x5A42, 0x5A42, 0x5A42, 0x5A42, 0x5A42,
    0x5A42, 0x5A62, 0x5A62, 0x5A62, 0x6282, 0x6282, 0x6282, 0x6282,
    0x6282, 0x6282, 0xFE67, 0xFE67, 0xFE67, 0xFE67, 0xFE67, 0xFF72,
    0xFF72, 0xFF72, 0xFE67, 0xFE67, 0xFE67, 0xFE67, 0xFE67, 0xFE67,
    0xFE67, 0xFE67, 0xFE67, 0xFE67, 0xFE67, 0xFE67, 0xFE67, 0xFE67,
    0xFE67, 0xFE67, 0xFE67, 0xFE67, 0xFE67, 0xFE67, 0xFE67, 0xFF72,
    0xFF72, 0xFF72, 0xFF72, 0xFF72, 0xFB2C, 0xC0E5, 0xC0E5, 0xC0E5,
    0xC0E5, 0xC0E5, 0xC0E5, 0xC0E5, 0xFB2C, 0xFE67, 0xFE67, 0xFE67,
    0xFE67, 0xFE67, 0xFE67, 0xFE67, 0xFE67, 0xFE67, 0xFE67, 0xFE67,
    0xFE67, 0xFE67, 0xFE67, 0xFE67, 0xFE67, 0xFE67, 0xFE67, 0xFE67,
    0xFE67, 0xFE67, 0xFE67, 0xFE67, 0xFE67, 0xFE67, 0xFE67, 0xFE67,
    0xFE67, 0xFE67, 0xFE67, 0xFE67, 0xFE67, 0xFE67, 0xFE67, 0x6282,
    0x6282, 0x6282, 0x6282, 0x6282, 0x6282, 0x5A62, 0x5A62, 0x5A62,
    0x5A42, 0x5A42, 0x5A42, 0x5A42, 0x5A42, 0x5A42, 0x5222, 0x5222,
    0x5222, 0x5222, 0x5222, 0x4A02, 0x4A02, 0x4A02, 0x4A02, 0x4A02,
    0x49E2, 0x49E2, 0x49E2, 0x41E2, 0x41E2, 0x41C2, 0x41C2, 0x41C2,
    0x41A2, 0x41A2, 0x39A3, 0x39A3, 0x3983, 0x3983, 0x3983, 0x3183,
    0x3183, 0x3163, 0x3163, 0x3163, 0x3163, 0x3163, 0x2943, 0x2943,
    0x2943, 0x2943, 0x2923, 0x2923, 0x2923, 0x2103, 0x2103, 0x2103,
    0x2103, 0x18E3, 0x18E3, 0x18E3, 0x18E3, 0x18E3, 0x18C3, 0x18C3,
    0x10C3, 0x10C3, 0x10A3, 0x10A3, 0x10A4, 0x10A4, 0x10A4, 0x10A4,
    0x10A4, 0x10A4, 0x10A4, 0x10A4, 0x10A4, 0x10A4, 0x10A4, 0x10A4,
    0x10A4, 0x10A4, 0x10A4, 0x10A4, 0x10A4, 0x10A4, 0x10A4, 0x10A4,
    0x10A4, 0x10A4, 0x10A4, 0x10A4, 0x10A3, 0x10A3, 0x10C3, 0x10C3,
    0x10C3, 0x18C3, 0x18C3, 0x18E3, 0x18E3, 0x18E3, 0x18E3, 0x2103,
    0x2103, 0x2103, 0x2103, 0x2103, 0x2923, 0x2923, 0x2943, 0x2943,
    0x2943, 0x2943, 0x2943, 0x3163, 0x3163, 0x3163, 0x3163, 0x3183,
    0x3183, 0x3183, 0x3983, 0x3983, 0x39A3, 0x39A3, 0x41A2, 0x41A2,
    0x41A2, 0x41C2, 0x41C2, 0x41E2, 0x41E2, 0x41E2, 0x49E2, 0x49E2,
    0x4A02, 0x4A02, 0x4A02, 0x4A02, 0x4A02, 0x5222, 0x5222, 0x5222,
    0x5222, 0x5222, 0x5A42, 0x5A42, 0x5A42, 0x5A42, 0x5A42, 0x5A42,
    0x5A62, 0x5A62, 0x5A62, 0x6282, 0x6282, 0x6282, 0x6282, 0x6282,
    0x6282, 0x62A2, 0xFE67, 0xFE67, 0xFE67, 0xFE67, 0xFF72, 0xFF72,
    0xFF72, 0xFF72, 0xFF72, 0xFE67, 0xFE67, 0xFE67, 0xFE67, 0xFE67,
    0xFE67, 0xFE67, 0xFE67, 0xFE67, 0xFE67, 0xFE67, 0xFE67, 0xFE67,
    0xFE67, 0xFE67, 0xFE67, 0xFE67, 0xFE67, 0xFE67, 0xFE67, 0xFE67,
    0xFF72, 0xFF72, 0xFF72, 0xFE67, 0xFB2C, 0xC0E5, 0xC0E5, 0xC0E5,
    0xC0E5, 0xC0E5, 0xC0E5, 0xC0E5, 0xFB2C, 0xFE67, 0xFE67, 0xFE67,
    0xFE67, 0xFE67, 0xFE67, 0xFE67, 0xFE67, 0xFE67, 0xFE67, 0xFE67,
    0xFE67, 0xFE67, 0xFE67, 0xFE67, 0xFE67, 0xFE67, 0xFE67, 0xFE67,
    0xFE67, 0xFE67, 0xFE67, 0xFE67, 0xFE67, 0xFE67, 0xFE67, 0xFE67,
    0xFE67, 0xFE67, 0xFE67, 0xFE67, 0xFE67, 0xFE67, 0xFE67, 0x62A2,
    0x6282, 0x6282, 0x6282, 0x6282, 0x6282, 0x6282, 0x5A62, 0x5A62,
    0x5A62, 0x5A42, 0x5A42, 0x5A42, 0x5A42, 0x5A42, 0x5A42, 0x5222,
    0x5222, 0x5222, 0x5222, 0x5222, 0x4A02, 0x4A02, 0x4A02, 0x4A02,
    0x4A02, 0x49E2, 0x49E2, 0x41E2, 0x41E2, 0x41E2, 0x41C2, 0x41C2,
    0x41A2, 0x41A2, 0x41A2, 0x39A3, 0x39A3, 0x3983, 0x3983, 0x3183,
    0x3183, 0x3183, 0x3163, 0x3163, 0x3163, 0x3163, 0x2943, 0x2943,
    0x2943, 0x2943, 0x2943, 0x2923, 0x2923, 0x2103, 0x2103, 0x2103,
    0x2103, 0x2103, 0x18E3, 0x18E3, 0x18E3, 0x18E3, 0x18C3, 0x18C3,
    0x10C3, 0x10C3, 0x10C3, 0x10A3, 0x10A3, 0x10A4, 0x10A4, 0x10A4,
    0x10A4, 0x10A4, 0x10A4, 0x10A4, 0x10A4, 0x10A4, 0x10A4, 0x10A4,
    0x10A4, 0x10A4, 0x10A4, 0x10A4, 0x10A4, 0x10A4, 0x10A4, 0x10A4,
    0x10A4, 0x10A4, 0x10A4, 0x10A4, 0x10A3, 0x10A3, 0x10C3, 0x10C3,
    0x18C3, 0x18C3, 0x18E3, 0x18E3, 0x18E3, 0x18E3, 0x18E3, 0x2103,
    0x2103, 0x2103, 0x2103, 0x2923, 0x2923, 0x2943, 0x2943, 0x2943,
    0x2943, 0x2943, 0x3163, 0x3163, 0x3163, 0x3163, 0x3163, 0x3183,
    0x3183, 0x3983, 0x3983, 0x39A3, 0x39A3, 0x39A3, 0x41A2, 0x41A2,
    0x41C2, 0x41C2, 0x41E2, 0x41E2, 0x41E2, 0x49E2, 0x49E2, 0x4A02,
    0x4A02, 0x4A02, 0x4A02, 0x4A02, 0x5222, 0x5222, 0x5222, 0x5222,
    0x5222, 0x5A42, 0x5A42, 0x5A42, 0x5A42, 0x5A42, 0x5A42, 0x5A62,
    0x5A62, 0x5A62, 0x6282, 0x6282, 0x6282, 0x6282, 0x6282, 0x62A2,
    0x62A2, 0x62A2, 0xBC42, 0xFF72, 0xFF72, 0xFF72, 0xFF72, 0xFF72,
    0xFF72, 0xFF72, 0xFF72, 0xFF72, 0xFF72, 0xFF72, 0xFF94, 0xFF94,
    0xFF94, 0xBC42, 0xBC42, 0xFF94, 0xFF94, 0xFF94, 0xBC42, 0xBC42,
    0xFF94, 0xFF94, 0xFF94, 0xBC42, 0xBC42, 0xFF94, 0xFF94, 0xFF94,
    0xBC42, 0xFF72, 0xFF94, 0xFF94, 0xFB2C, 0xC0E5, 0xC0E5, 0xC0E5,
    0xC0E5, 0xC0E5, 0xC0E5, 0xC0E5, 0xFB2C, 0xFF94, 0xFF94, 0xBC42,
    0xBC42, 0xFF94, 0xFF94, 0xFF94, 0xBC42, 0xBC42, 0xFF94, 0xFF94,
    0xFF94, 0xBC42, 0xBC42, 0xFF94, 0xFF94, 0xFF94, 0xBC42, 0xBC42,
    0xFF94, 0xFF94, 0xFF94, 0xBC42, 0xBC42, 0xFF94, 0xFF94, 0xFF94,
    0xBC42, 0xBC42, 0xBC42, 0xBC42, 0xBC42, 0xBC42, 0xBC42, 0x62A2,
    0x62A2, 0x62A2, 0x6282, 0x6282, 0x6282, 0x6282, 0x6282, 0x5A62,
    0x5A62, 0x5A62, 0x5A42, 0x5A42, 0x5A42, 0x5A42, 0x5A42, 0x5A42,
    0x5222, 0x5222, 0x5222, 0x5222, 0x5222, 0x4A02, 0x4A02, 0x4A02,
    0x4A02, 0x4A02, 0x49E2, 0x49E2, 0x41E2, 0x41E2, 0x41E2, 0x41C2,
    0x41C2, 0x41A2, 0x41A2, 0x39A3, 0x39A3, 0x39A3, 0x3983, 0x3983,
    0x3183, 0x3183, 0x3163, 0x3163, 0x3163, 0x3163, 0x3163, 0x2943,
    0x2943, 0x2943, 0x2943, 0x2943, 0x2923, 0x2923, 0x2103, 0x2103,
    0x2103, 0x2103, 0x18E3, 0x18E3, 0x18E3, 0x18E3, 0x18E3, 0x18C3,
    0x18C3, 0x10C3, 0x10C3, 0x10A3, 0x10A3, 0x10A4, 0x10A4, 0x10A4,
    0x10A4, 0x10A4, 0x10A4, 0x10A4, 0x10A4, 0x10A4, 0x10A4, 0x10A4,
    0x10A4, 0x10A4, 0x10A4, 0x10A4, 0x10A4, 0x10A4, 0x10A4, 0x10A4,
    0x10A4, 0x10A4, 0x10A4, 0x10A3, 0x10A3, 0x10A3, 0x10C3, 0x10C3,
    0x18C3, 0x18C3, 0x18E3, 0x18E3, 0x18E3, 0x18E3, 0x2103, 0x2103,
    0x2103, 0x2103, 0x2103, 0x2923, 0x2923, 0x2943, 0x2943, 0x2943,
    0x2943, 0x3163, 0x3163, 0x3163, 0x3163, 0x3163, 0x3183, 0x3183,
    0x3983, 0x3983, 0x3983, 0x39A3, 0x39A3, 0x41A2, 0x41A2, 0x41C2,
    0x41C2, 0x41C2, 0x41E2, 0x41E2, 0x49E2, 0x49E2, 0x49E2, 0x4A02,
    0x4A02, 0x4A02, 0x4A02, 0x4A02, 0x5222, 0x5222, 0x5222, 0x5222,
    0x5222, 0x5A42, 0x5A42, 0x5A42, 0x5A42, 0x5A42, 0x5A62, 0x5A62,
    0x5A62, 0x6282, 0x6282, 0x6282, 0x6282, 0x6282, 0x62A2, 0x62A2,
    0x62A2, 0x6AA2, 0xBC42, 0xBC42, 0xBC42, 0xBC42, 0xFF72, 0xFF72,
    0xFF72, 0xFF72, 0xFF72, 0xFF94, 0xFF94, 0xFF94, 0xFF94, 0xFF94,
    0xFF94, 0xFF94, 0xFF94, 0xFF94, 0xFF94, 0xFF94, 0xFF94, 0xFF94,
    0xFF94, 0xFF94, 0xFF94, 0xFF94, 0xFF94, 0xFF94, 0xFF94, 0xFF94,
    0xFF94, 0xFF72, 0xFF94, 0xFF94, 0xFB2C, 0xC0E5, 0xC0E5, 0xC0E5,
    0xC0E5, 0xC0E5, 0xC0E5, 0xC0E5, 0xFB2C, 0xFF94, 0xFF94, 0xFF94,
    0xFF94, 0xFF94, 0xFF94, 0xFF94, 0xFF94, 0xFF94, 0xFF94, 0xFF94,
    0xFF94, 0xFF94, 0xFF94, 0xFF94, 0xFF94, 0xFF94, 0xFF94, 0xFF94,
    0xFF94, 0xFF94, 0xFF94, 0xFF94, 0xFF94, 0xFF94, 0xFF94, 0xFF94,
    0xFF94, 0xBC42, 0xBC42, 0xBC42, 0xBC42, 0xBC42, 0xBC42, 0x6AA2,
    0x62A2, 0x62A2, 0x62A2, 0x6282, 0x6282, 0x6282, 0x6282, 0x6282,
    0x5A62, 0x5A62, 0x5A62, 0x5A42, 0x5A42, 0x5A42, 0x5A42, 0x5A42,
    0x5222, 0x5222, 0x5222, 0x5222, 0x5222, 0x4A02, 0x4A02, 0x4A02,
    0x4A02, 0x4A02, 0x49E2, 0x49E2, 0x49E2, 0x41E2, 0x41E2, 0x41C2,
    0x41C2, 0x41C2, 0x41A2, 0x41A2, 0x39A3, 0x39A3, 0x3983, 0x3983,
    0x3983, 0x3183, 0x3183, 0x3163, 0x3163, 0x3163, 0x3163, 0x3163,
    0x2943, 0x2943, 0x2943, 0x2943, 0x2923, 0x2923, 0x2103, 0x2103,
    0x2103, 0x2103, 0x2103, 0x18E3, 0x18E3, 0x18E3, 0x18E3, 0x18C3,
    0x18C3, 0x10C3, 0x10C3, 0x10A3, 0x10A3, 0x10A3, 0x10A4, 0x10A4,
    0x10A4, 0x10A4, 0x10A4, 0x10A4, 0x10A4, 0x10A4, 0x10A4, 0x10A4,
    0x10A4, 0x10A4, 0x10A4, 0x10A4, 0x10A4, 0x10A4, 0x10A4, 0x10A4,
    0x10A4, 0x10A4, 0x10A4, 0x10A3, 0x10A3, 0x10C3, 0x10C3, 0x18C3,
    0x18C3, 0x18E3, 0x18E3, 0x18E3, 0x18E3, 0x18E3, 0x2103, 0x2103,
    0x2103, 0x2103, 0x2923, 0x2923, 0x2943, 0x2943, 0x2943, 0x2943,
    0x2943, 0x3163, 0x3163, 0x3163, 0x3163, 0x3183, 0x3183, 0x3183,
    0x3983, 0x3983, 0x39A3, 0x39A3, 0x41A2, 0x41A2, 0x41A2, 0x41C2,
    0x41C2, 0x41E2, 0x41E2, 0x49E2, 0x49E2, 0x49E2, 0x4A02, 0x4A02,
    0x4A02, 0x4A02, 0x4A02, 0x5222, 0x5222, 0x5222, 0x5222, 0x5222,
    0x5A42, 0x5A42, 0x5A42, 0x5A42, 0x5A42, 0x5A62, 0x5A62, 0x5A62,
    0x6282, 0x6282, 0x6282, 0x6282, 0x6282, 0x62A2, 0x62A2, 0x62A2,
    0x6AA2, 0x6AA2, 0xBC42, 0xBC42, 0xBC42, 0xBC42, 0xBC42, 0xFF72,
    0xFF72, 0xFF72, 0xFF94, 0xFF94, 0xFF94, 0xFF94, 0xFF94, 0xFF94,
    0xFF94, 0xFF94, 0xFF94, 0xFF94, 0xFF94, 0xFF94, 0xFF94, 0xFF94,
    0xFF94, 0xFF94, 0xFF94, 0xFF94, 0xFF94, 0xFF94, 0xFF94, 0xFF94,
    0xFF94, 0xFF72, 0xFF94, 0xFF94, 0xFB2C, 0xC0E5, 0xC0E5, 0xC0E5,
    0xC0E5, 0xC0E5, 0xC0E5, 0xC0E5, 0xFB2C, 0xFF94, 0xFF94, 0xFF94,
    0xFF94, 0xFF94, 0xFF94, 0xFF94, 0xFF94, 0xFF94, 0xFF94, 0xFF94,
    0xFF94, 0xFF94, 0xFF94, 0xFF94, 0xFF94, 0xFF94, 0xFF94, 0xFF94,
    0xFF94, 0xFF94, 0xFF94, 0xFF94, 0xFF94, 0xFF94, 0xFF94, 0xFF94,
    0xFF94, 0xBC42, 0xBC42, 0xBC42, 0xBC42, 0xBC42, 0xBC42, 0x6AA2,
    0x6AA2, 0x62A2, 0x62A2, 0x62A2, 0x6282, 0x6282, 0x6282, 0x6282,
    0x6282, 0x5A62, 0x5A62, 0x5A62, 0x5A42, 0x5A42, 0x5A42, 0x5A42,
    0x5A42, 0x5222, 0x5222, 0x5222, 0x5222, 0x5222, 0x4A02, 0x4A02,
    0x4A02, 0x4A02, 0x4A02, 0x49E2, 0x49E2, 0x49E2, 0x41E2, 0x41E2,
    0x41C2, 0x41C2, 0x41A2, 0x41A2, 0x41A2, 0x39A3, 0x39A3, 0x3983,
    0x3983, 0x3183, 0x3183, 0x3183, 0x3163, 0x3163, 0x3163, 0x3163,
    0x2943, 0x2943, 0x2943, 0x2943, 0x2943, 0x2923, 0x2923, 0x2103,
    0x2103, 0x2103, 0x2103, 0x18E3, 0x18E3, 0x18E3, 0x18E3, 0x18E3,
    0x18C3, 0x18C3, 0x10C3, 0x10C3, 0x10A3, 0x10A3, 0x10A4, 0x10A4,
    0x10A4, 0x10A4, 0x10A4, 0x10A4, 0x10A4, 0x10A4, 0x10A4, 0x10A4,
    0x10A4, 0x10A4, 0x10A4, 0x10A4, 0x10A4, 0x10A4, 0x10A4, 0x10A4,
    0x10A4, 0x10A4, 0x10A4, 0x10A3, 0x10A3, 0x10C3, 0x10C3, 0x18C3,
    0x18C3, 0x18E3, 0x18E3, 0x18E3, 0x18E3, 0x2103, 0x2103, 0x2103,
    0x2103, 0x2103, 0x2923, 0x2923, 0x2943, 0x2943, 0x2943, 0x2943,
    0x3163, 0x3163, 0x3163, 0x3163, 0x3163, 0x3183, 0x3183, 0x3983,
    0x3983, 0x39A3, 0x39A3, 0x39A3, 0x41A2, 0x41A2, 0x41C2, 0x41C2,
    0x41E2, 0x41E2, 0x41E2, 0x49E2, 0x49E2, 0x4A02, 0x4A02, 0x4A02,
    0x4A02, 0x4A02, 0x5222, 0x5222, 0x5222, 0x5222, 0x5222, 0x5A42,
    0x5A42, 0x5A42, 0x5A42, 0x5A42, 0x5A62, 0x5A62, 0x5A62, 0x6282,
    0x6282, 0x6282, 0x6282, 0x6282, 0x62A2, 0x62A2, 0x62A2, 0x6AA2,
    0x6AA2, 0x6AA2, 0xBC42, 0xBC42, 0xBC42, 0xBC42, 0xBC42, 0xBC42,
    0xFF72, 0xFF94, 0xFF94, 0xFF94, 0xFF94, 0xFF94, 0xFF94, 0xFF94,
    0xFF94, 0xFF94, 0xFF94, 0xFF94, 0xFF94, 0xFF94, 0xFF94, 0xFF94,
    0xFF94, 0xFF94, 0xFF94, 0xFF94, 0xFF94, 0xFF94, 0xFF94, 0xFF94,
    0xFF94, 0xFF94, 0xFF94, 0xFF94, 0xFF94, 0xFB2C, 0xC0E5, 0xC0E5,
    0xC0E5, 0xC0E5, 0xC0E5, 0xFB2C, 0xFF94, 0xFF94, 0xFF94, 0xFF94,
    0xFF94, 0xFF94, 0xFF94, 0xFF94, 0xFF94, 0xFF94, 0xFF94, 0xFF94,
    0xFF94, 0xFF94, 0xFF94, 0xFF94, 0xFF94, 0xFF94, 0xFF94, 0xFF94,
    0xFF94, 0xFF94, 0xFF94, 0xFF94, 0xFF94, 0xFF94, 0xFF94, 0xFF94,
    0xFF94, 0xBC42, 0xBC42, 0xBC42, 0xBC42, 0xBC42, 0xBC42, 0x6AA2,
    0x6AA2, 0x6AA2, 0x62A2, 0x62A2, 0x62A2, 0x6282, 0x6282, 0x6282,
    0x6282, 0x6282, 0x5A62, 0x5A62, 0x5A62, 0x5A42, 0x5A42, 0x5A42,
    0x5A42, 0x5A42, 0x5222, 0x5222, 0x5222, 0x5222, 0x5222, 0x4A02,
    0x4A02, 0x4A02, 0x4A02, 0x4A02, 0x49E2, 0x49E2, 0x41E2, 0x41E2,
    0x41E2, 0x41C2, 0x41C2, 0x41A2, 0x41A2, 0x39A3, 0x39A3, 0x39A3,
    0x3983, 0x3983, 0x3183, 0x3183, 0x3163, 0x3163, 0x3163, 0x3163,
    0x3163, 0x2943, 0x2943, 0x2943, 0x2943, 0x2923, 0x2923, 0x2103,
    0x2103, 0x2103, 0x2103, 0x2103, 0x18E3, 0x18E3, 0x18E3, 0x18E3,
    0x18C3, 0x18C3, 0x10C3, 0x10C3, 0x10A3, 0x10A3, 0x10A4, 0x10A4,
    0x10A4, 0x10A4, 0x10A4, 0x10A4, 0x10A4, 0x10A4, 0x10A4, 0x10A4,
    0x10A4, 0x10A4, 0x10A4, 0x10A4, 0x10A4, 0x10A4, 0x10A4, 0x10A4,
    0x10A4, 0x10A4, 0x10A3, 0x10A3, 0x10C3, 0x10C3, 0x18C3, 0x18C3,
    0x18C3, 0x18E3, 0x18E3, 0x18E3, 0x18E3, 0x2103, 0x2103, 0x2103,
    0x2103, 0x2923, 0x2923, 0x2923, 0x2943, 0x2943, 0x2943, 0x2943,
    0x3163, 0x3163, 0x3163, 0x3163, 0x3183, 0x3183, 0x3183, 0x3983,
    0x3983, 0x39A3, 0x39A3, 0x41A2, 0x41A2, 0x41A2, 0x41C2, 0x41C2,
    0x41E2, 0x41E2, 0x49E2, 0x49E2, 0x49E2, 0x4A02, 0x4A02, 0x4A02,
    0x4A02, 0x5222, 0x5222, 0x5222, 0x5222, 0x5222, 0x5A42, 0x5A42,
    0x5A42, 0x5A42, 0x5A42, 0x5A62, 0x5A62, 0x5A62, 0x6282, 0x6282,
    0x6282, 0x6282, 0x6282, 0x62A2, 0x62A2, 0x62A2, 0x6AA2, 0x6AA2,
    0x6AA2, 0x6AC1, 0xBC42, 0xBC42, 0xBC42, 0xBC42, 0xBC42, 0xBC42,
    0xFF72, 0xFF94, 0xFF94, 0xFF94, 0xBC42, 0xBC42, 0xFF94, 0xFF94,
    0xFF94, 0xBC42, 0xBC42, 0xFF94, 0xFF94, 0xFF94, 0xBC42, 0xBC42,
    0xFF94, 0xFF94, 0xFF94, 0xBC42, 0xBC42, 0xFF94, 0xFF94, 0xFF94,
    0xBC42, 0xBC42, 0xFF94, 0xFF94, 0xFF94, 0xBC42, 0xFB2C, 0xC0E5,
    0xC0E5, 0xC0E5, 0xFB2C, 0xBC42, 0xFF94, 0xFF94, 0xFF94, 0xBC42,
    0xBC42, 0xFF94, 0xFF94, 0xFF94, 0xBC42, 0xBC42, 0xFF94, 0xFF94,
    0xFF94, 0xBC42, 0xBC42, 0xFF94, 0xFF94, 0xFF94, 0xBC42, 0xBC42,
    0xFF94, 0xFF94, 0xFF94, 0xBC42, 0xBC42, 0xFF94, 0xFF94, 0xFF94,
    0xBC42, 0xBC42, 0xBC42, 0xBC42, 0xBC42, 0xBC42, 0xBC42, 0x6AC1,
    0x6AA2, 0x6AA2, 0x6AA2, 0x62A2, 0x62A2, 0x62A2, 0x6282, 0x6282,
    0x6282, 0x6282, 0x6282, 0x5A62, 0x5A62, 0x5A62, 0x5A42, 0x5A42,
    0x5A42, 0x5A42, 0x5A42, 0x5222, 0x5222, 0x5222, 0x5222, 0x5222,
    0x4A02, 0x4A02, 0x4A02, 0x4A02, 0x49E2, 0x49E2, 0x49E2, 0x41E2,
    0x41E2, 0x41C2, 0x41C2, 0x41A2, 0x41A2, 0x41A2, 0x39A3, 0x39A3,
    0x3983, 0x3983, 0x3183, 0x3183, 0x3183, 0x3163, 0x3163, 0x3163,
    0x3163, 0x2943, 0x2943, 0x2943, 0x2943, 0x2923, 0x2923, 0x2923,
    0x2103, 0x2103, 0x2103, 0x2103, 0x18E3, 0x18E3, 0x18E3, 0x18E3,
    0x18C3, 0x18C3, 0x18C3, 0x10C3, 0x10C3, 0x10A3, 0x10A3, 0x10A4,
    0x10A4, 0x10A4, 0x10A4, 0x10A4, 0x10A4, 0x10A4, 0x10A4, 0x10A4,
    0x10A4, 0x10A4, 0x10A4, 0x10A4, 0x10A4, 0x10A4, 0x10A4, 0x10A4,
    0x10A4, 0x10A4, 0x10A3, 0x10A3, 0x10C3, 0x10C3, 0x18C3, 0x18C3,
    0x18E3, 0x18E3, 0x18E3, 0x18E3, 0x18E3, 0x2103, 0x2103, 0x2103,
    0x2103, 0x2923, 0x2923, 0x2943, 0x2943, 0x2943, 0x2943, 0x3163,
    0x3163, 0x3163, 0x3163, 0x3163, 0x3183, 0x3183, 0x3983, 0x3983,
    0x39A3, 0x39A3, 0x39A3, 0x41A2, 0x41A2, 0x41C2, 0x41C2, 0x41E2,
    0x41E2, 0x41E2, 0x49E2, 0x49E2, 0x4A02, 0x4A02, 0x4A02, 0x4A02,
    0x4A02, 0x5222, 0x5222, 0x5222, 0x5222, 0x5222, 0x5A42, 0x5A42,
    0x5A42, 0x5A42, 0x5A42, 0x5A62, 0x5A62, 0x6282, 0x6282, 0x6282,
    0x6282, 0x6282, 0x62A2, 0x62A2, 0x62A2, 0x6AA2, 0x6AA2, 0x6AA2,
    0x6AC1, 0x6AC1, 0x6AC1, 0xBC42, 0xBC42, 0xBC42, 0xBC42, 0xBC42,
    0xFF72, 0xBC42, 0xBC42, 0xBC42, 0xBC42, 0xBC42, 0xBC42, 0xBC42,
    0xBC42, 0xBC42, 0xBC42, 0xBC42, 0xBC42, 0xBC42, 0xBC42, 0xBC42,
    0xBC42, 0xBC42, 0xBC42, 0xBC42, 0xBC42, 0xBC42, 0xBC42, 0xBC42,
    0xBC42, 0xBC42, 0xBC42, 0xBC42, 0xBC42, 0xBC42, 0xBC42, 0xFB2C,
    0xFB2C, 0xFB2C, 0xBC42, 0xBC42, 0xBC42, 0xBC42, 0xBC42, 0xBC42,
    0xBC42, 0xBC42, 0xBC42, 0xBC42, 0xBC42, 0xBC42, 0xBC42, 0xBC42,
    0xBC42, 0xBC42, 0xBC42, 0xBC42, 0xBC42, 0xBC42, 0xBC42, 0xBC42,
    0xBC42, 0xBC42, 0xBC42, 0xBC42, 0xBC42, 0xBC42, 0xBC42, 0xBC42,
    0xBC42, 0xBC42, 0xBC42, 0xBC42, 0xBC42, 0xBC42, 0x6AC1, 0x6AC1,
    0x6AC1, 0x6AA2, 0x6AA2, 0x6AA2, 0x62A2, 0x62A2, 0x62A2, 0x6282,
    0x6282, 0x6282, 0x6282, 0x6282, 0x5A62, 0x5A62, 0x5A42, 0x5A42,
    0x5A42, 0x5A42, 0x5A42, 0x5222, 0x5222, 0x5222, 0x5222, 0x5222,
    0x4A02, 0x4A02, 0x4A02, 0x4A02, 0x4A02, 0x49E2, 0x49E2, 0x41E2,
    0x41E2, 0x41E2, 0x41C2, 0x41C2, 0x41A2, 0x41A2, 0x39A3, 0x39A3,
    0x39A3, 0x3983, 0x3983, 0x3183, 0x3183, 0x3163, 0x3163, 0x3163,
    0x3163, 0x3163, 0x2943, 0x2943, 0x2943, 0x2943, 0x2923, 0x2923,
    0x2103, 0x2103, 0x2103, 0x2103, 0x18E3, 0x18E3, 0x18E3, 0x18E3,
    0x18E3, 0x18C3, 0x18C3, 0x10C3, 0x10C3, 0x10A3, 0x10A3, 0x10A4,
    0x10A4, 0x10A4, 0x10A4, 0x10A4, 0x10A4, 0x10A4, 0x10A4, 0x10A4,
    0x10A4, 0x10A4, 0x10A4, 0x10A4, 0x10A4, 0x10A4, 0x10A4, 0x10A4,
    0x10A4, 0x10A3, 0x10A3, 0x10C3, 0x10C3, 0x10C3, 0x18C3, 0x18C3,
    0x18E3, 0x18E3, 0x18E3, 0x18E3, 0x2103, 0x2103, 0x2103, 0x2103,
    0x2923, 0x2923, 0x2923, 0x2943, 0x2943, 0x2943, 0x2943, 0x3163,
    0x3163, 0x3163, 0x3163, 0x3183, 0x3183, 0x3183, 0x3983, 0x3983,
    0x39A3, 0x39A3, 0x41A2, 0x41A2, 0x41C2, 0x41C2, 0x41C2, 0x41E2,
    0x41E2, 0x49E2, 0x49E2, 0x4A02, 0x4A02, 0x4A02, 0x4A02, 0x4A02,
    0x5222, 0x5222, 0x5222, 0x5222, 0x5222, 0x5A42, 0x5A42, 0x5A42,
    0x5A42, 0x5A42, 0x5A62, 0x5A62, 0x6282, 0x6282, 0x6282, 0x6282,
    0x6282, 0x62A2, 0x62A2, 0x62A2, 0x6AA2, 0x6AA2, 0x6AA2, 0x6AC1,
    0x6AC1, 0x6AC1, 0x72C1, 0x72C1, 0x72C1, 0x72E1, 0x72E1, 0x72E1,
    0x72E1, 0x72E1, 0x72E1, 0x7B01, 0x7B01, 0x7B01, 0x7B01, 0x7B21,
    0x7B21, 0x7B21, 0x7B21, 0x7B21, 0x7B21, 0x7B21, 0x7B21, 0x8341,
    0x8341, 0x8341, 0x8341, 0x8341, 0x8341, 0x8341, 0x8341, 0x8341,
    0x8341, 0x8341, 0x8341, 0x8341, 0x8341, 0x8341, 0x8341, 0x8341,
    0x8341, 0x8341, 0x8341, 0x8341, 0x8341, 0x8341, 0x8341, 0x8341,
    0x8341, 0x8341, 0x8341, 0x8341, 0x8341, 0x8341, 0x8341, 0x8341,
    0x8341, 0x8341, 0x7B21, 0x7B21, 0x7B21, 0x7B21, 0x7B21, 0x7B21,
    0x7B21, 0x7B21, 0x7B01, 0x7B01, 0x7B01, 0x7B01, 0x72E1, 0x72E1,
    0x72E1, 0x72E1, 0x72E1, 0x72E1, 0x72C1, 0x72C1, 0x72C1, 0x6AC1,
    0x6AC1, 0x6AC1, 0x6AA2, 0x6AA2, 0x6AA2, 0x62A2, 0x62A2, 0x62A2,
    0x6282, 0x6282, 0x6282, 0x6282, 0x6282, 0x5A62, 0x5A62, 0x5A42,
    0x5A42, 0x5A42, 0x5A42, 0x5A42, 0x5222, 0x5222, 0x5222, 0x5222,
    0x5222, 0x4A02, 0x4A02, 0x4A02, 0x4A02, 0x4A02, 0x49E2, 0x49E2,
    0x41E2, 0x41E2, 0x41C2, 0x41C2, 0x41C2, 0x41A2, 0x41A2, 0x39A3,
    0x39A3, 0x3983, 0x3983, 0x3183, 0x3183, 0x3183, 0x3163, 0x3163,
    0x3163, 0x3163, 0x2943, 0x2943, 0x2943, 0x2943, 0x2923, 0x2923,
    0x2923, 0x2103, 0x2103, 0x2103, 0x2103, 0x18E3, 0x18E3, 0x18E3,
    0x18E3, 0x18C3, 0x18C3, 0x10C3, 0x10C3, 0x10C3, 0x10A3, 0x10A3,
    0x10A4, 0x10A4, 0x10A4, 0x10A4, 0x10A4, 0x10A4, 0x10A4, 0x10A4,
    0x10A4, 0x10A4, 0x10A4, 0x10A4, 0x10A4, 0x10A4, 0x10A4, 0x10A4,
    0x10A4, 0x10A3, 0x10A3, 0x10C3, 0x10C3, 0x18C3, 0x18C3, 0x18E3,
    0x18E3, 0x18E3, 0x18E3, 0x18E3, 0x2103, 0x2103, 0x2103, 0x2103,
    0x2923, 0x2923, 0x2943, 0x2943, 0x2943, 0x2943, 0x2943, 0x3163,
    0x3163, 0x3163, 0x3163, 0x3183, 0x3183, 0x3983, 0x3983, 0x39A3,
    0x39A3, 0x39A3, 0x41A2, 0x41A2, 0x41C2, 0x41C2, 0x41E2, 0x41E2,
    0x49E2, 0x49E2, 0x49E2, 0x4A02, 0x4A02, 0x4A02, 0x4A02, 0x5222,
    0x5222, 0x5222, 0x5222, 0x5222, 0x5A42, 0x5A42, 0x5A42, 0x5A42,
    0x5A42, 0x5A62, 0x5A62, 0x5A62, 0x6282, 0x6282, 0x6282, 0x6282,
    0x6282, 0x62A2, 0x62A2, 0x6AA2, 0x6AA2, 0x6AA2, 0x6AC1, 0x6AC1,
    0x6AC1, 0x72C1, 0x72C1, 0x72C1, 0x72E1, 0x72E1, 0x72E1, 0x72E1,
    0x72E1, 0x72E1, 0x7B01, 0x7B01, 0x7B01, 0x7B21, 0x7B21, 0x7B21,
    0x7B21, 0x7B21, 0x7B21, 0x7B21, 0x7B21, 0x8341, 0x8341, 0x8341,
    0x8341, 0x8341, 0x8341, 0x8341, 0x8341, 0x8341, 0x8341, 0x8341,
    0x8341, 0x8341, 0x8B61, 0x8B61, 0x8B61, 0x8B61, 0x8B61, 0x8B61,
    0x8B61, 0x8B61, 0x8B61, 0x8B61, 0x8B61, 0x8B61, 0x8B61, 0x8341,
    0x8341, 0x8341, 0x8341, 0x8341, 0x8341, 0x8341, 0x8341, 0x8341,
    0x8341, 0x8341, 0x8341, 0x8341, 0x7B21, 0x7B21, 0x7B21, 0x7B21,
    0x7B21, 0x7B21, 0x7B21, 0x7B21, 0x7B01, 0x7B01, 0x7B01, 0x72E1,
    0x72E1, 0x72E1, 0x72E1, 0x72E1, 0x72E1, 0x72C1, 0x72C1, 0x72C1,
    0x6AC1, 0x6AC1, 0x6AC1, 0x6AA2, 0x6AA2, 0x6AA2, 0x62A2, 0x62A2,
    0x6282, 0x6282, 0x6282, 0x6282, 0x6282, 0x5A62, 0x5A62, 0x5A62,
    0x5A42, 0x5A42, 0x5A42, 0x5A42, 0x5A42, 0x5222, 0x5222, 0x5222,
    0x5222, 0x5222, 0x4A02, 0x4A02, 0x4A02, 0x4A02, 0x49E2, 0x49E2,
    0x49E2, 0x41E2, 0x41E2, 0x41C2, 0x41C2, 0x41A2, 0x41A2, 0x39A3,
    0x39A3, 0x39A3, 0x3983, 0x3983, 0x3183, 0x3183, 0x3163, 0x3163,
    0x3163, 0x3163, 0x2943, 0x2943, 0x2943, 0x2943, 0x2943, 0x2923,
    0x2923, 0x2103, 0x2103, 0x2103, 0x2103, 0x18E3, 0x18E3, 0x18E3,
    0x18E3, 0x18E3, 0x18C3, 0x18C3, 0x10C3, 0x10C3, 0x10A3, 0x10A3,
    0x10A4, 0x10A4, 0x10A4, 0x10A4, 0x10A4, 0x10A4, 0x10A4, 0x10A4,
    0x10A4, 0x10A4, 0x10A4, 0x10A4, 0x10A4, 0x10A4, 0x10A4, 0x10A4,
    0x10A4, 0x10A3, 0x10A3, 0x10C3, 0x10C3, 0x18C3, 0x18C3, 0x18E3,
    0x18E3, 0x18E3, 0x18E3, 0x2103, 0x2103, 0x2103, 0x2103, 0x2103,
    0x2923, 0x2923, 0x2943, 0x2943, 0x2943, 0x2943, 0x3163, 0x3163,
    0x3163, 0x3163, 0x3183, 0x3183, 0x3183, 0x3983, 0x3983, 0x39A3,
    0x39A3, 0x41A2, 0x41A2, 0x41C2, 0x41C2, 0x41C2, 0x41E2, 0x41E2,
    0x49E2, 0x49E2, 0x4A02, 0x4A02, 0x4A02, 0x4A02, 0x4A02, 0x5222,
    0x5222, 0x5222, 0x5222, 0x5A42, 0x5A42, 0x5A42, 0x5A42, 0x5A42,
    0x5A62, 0x5A62, 0x5A62, 0x6282, 0x6282, 0x6282, 0x6282, 0x6282,
    0x62A2, 0x62A2, 0x6AA2, 0x6AA2, 0x6AA2, 0x6AC1, 0x6AC1, 0x6AC1,
    0x72C1, 0x72C1, 0x72C1, 0x72E1, 0x72E1, 0x72E1, 0x72E1, 0x72E1,
    0x72E1, 0x7B01, 0x7B01, 0x7B01, 0x7B21, 0x7B21, 0x7B21, 0x7B21,
    0x7B21, 0x7B21, 0x7B21, 0x8341, 0x8341, 0x8341, 0x8341, 0x8341,
    0x8341, 0x8341, 0x8341, 0x8341, 0x8341, 0x8341, 0x8B61, 0x8B61,
    0x8B61, 0x8B61, 0x8B61, 0x8B61, 0x8B61, 0x8B61, 0x8B61, 0x8B61,
    0x8B61, 0x8B61, 0x8B61, 0x8B61, 0x8B61, 0x8B61, 0x8B61, 0x8B61,
    0x8B61, 0x8B61, 0x8B61, 0x8341, 0x8341, 0x8341, 0x8341, 0x8341,
    0x8341, 0x8341, 0x8341, 0x8341, 0x8341, 0x8341, 0x7B21, 0x7B21,
    0x7B21, 0x7B21, 0x7B21, 0x7B21, 0x7B21, 0x7B01, 0x7B01, 0x7B01,
    0x72E1, 0x72E1, 0x72E1, 0x72E1, 0x72E1, 0x72E1, 0x72C1, 0x72C1,
    0x72C1, 0x6AC1, 0x6AC1, 0x6AC1, 0x6AA2, 0x6AA2, 0x6AA2, 0x62A2,
    0x62A2, 0x6282, 0x6282, 0x6282, 0x6282, 0x6282, 0x5A62, 0x5A62,
    0x5A62, 0x5A42, 0x5A42, 0x5A42, 0x5A42, 0x5A42, 0x5222, 0x5222,
    0x5222, 0x5222, 0x4A02, 0x4A02, 0x4A02, 0x4A02, 0x4A02, 0x49E2,
    0x49E2, 0x41E2, 0x41E2, 0x41C2, 0x41C2, 0x41C2, 0x41A2, 0x41A2,
    0x39A3, 0x39A3, 0x3983, 0x3983, 0x3183, 0x3183, 0x3183, 0x3163,
    0x3163, 0x3163, 0x3163, 0x2943, 0x2943, 0x2943, 0x2943, 0x2923,
    0x2923, 0x2103, 0x2103, 0x2103, 0x2103, 0x2103, 0x18E3, 0x18E3,
    0x18E3, 0x18E3, 0x18C3, 0x18C3, 0x10C3, 0x10C3, 0x10A3, 0x10A3,
    0x10A4, 0x10A4, 0x10A4, 0x10A4, 0x10A4, 0x10A4, 0x10A4, 0x10A4,
    0x10A4, 0x10A4, 0x10A4, 0x10A4, 0x10A4, 0x10A4, 0x10A4, 0x10A4,
    0x10A3, 0x10A3, 0x10C3, 0x10C3, 0x10C3, 0x18C3, 0x18C3, 0x18E3,
    0x18E3, 0x18E3, 0x18E3, 0x2103, 0x2103, 0x2103, 0x2103, 0x2923,
    0x2923, 0x2943, 0x2943, 0x2943, 0x2943, 0x2943, 0x3163, 0x3163,
    0x3163, 0x3163, 0x3183, 0x3183, 0x3983, 0x3983, 0x39A3, 0x39A3,
    0x39A3, 0x41A2, 0x41A2, 0x41C2, 0x41C2, 0x41E2, 0x41E2, 0x49E2,
    0x49E2, 0x49E2, 0x4A02, 0x4A02, 0x4A02, 0x4A02, 0x5222, 0x5222,
    0x5222, 0x5222, 0x5222, 0x5A42, 0x5A42, 0x5A42, 0x5A42, 0x5A42,
    0x5A62, 0x5A62, 0x6282, 0x6282, 0x6282, 0x6282, 0x6282, 0x62A2,
    0x62A2, 0x62A2, 0x6AA2, 0x6AA2, 0x6AC1, 0x6AC1, 0x6AC1, 0x72C1,
    0x72C1, 0x72C1, 0x72E1, 0x72E1, 0x72E1, 0x72E1, 0x72E1, 0x7B01,
    0x7B01, 0x7B01, 0x7B01, 0x7B21, 0x7B21, 0x7B21, 0x7B21, 0x7B21,
    0x7B21, 0x8341, 0x8341, 0x8341, 0x8341, 0x8341, 0x8341, 0x8341,
    0x8341, 0x8341, 0x8341, 0x8B61, 0x8B61, 0x8B61, 0x8B61, 0x8B61,
    0x8B61, 0x8B61, 0x8B61, 0x8B61, 0x8B61, 0x8B61, 0x8B61, 0x8B61,
    0x8B61, 0x8B61, 0x8B61, 0x8B61, 0x8B61, 0x8B61, 0x8B61, 0x8B61,
    0x8B61, 0x8B61, 0x8B61, 0x8B61, 0x8B61, 0x8B61, 0x8341, 0x8341,
    0x8341, 0x8341, 0x8341, 0x8341, 0x8341, 0x8341, 0x8341, 0x8341,
    0x7B21, 0x7B21, 0x7B21, 0x7B21, 0x7B21, 0x7B21, 0x7B01, 0x7B01,
    0x7B01, 0x7B01, 0x72E1, 0x72E1, 0x72E1, 0x72E1, 0x72E1, 0x72C1,
    0x72C1, 0x72C1, 0x6AC1, 0x6AC1, 0x6AC1, 0x6AA2, 0x6AA2, 0x62A2,
    0x62A2, 0x62A2, 0x6282, 0x6282, 0x6282, 0x6282, 0x6282, 0x5A62,
    0x5A62, 0x5A42, 0x5A42, 0x5A42, 0x5A42, 0x5A42, 0x5222, 0x5222,
    0x5222, 0x5222, 0x5222, 0x4A02, 0x4A02, 0x4A02, 0x4A02, 0x49E2,
    0x49E2, 0x49E2, 0x41E2, 0x41E2, 0x41C2, 0x41C2, 0x41A2, 0x41A2,
    0x39A3, 0x39A3, 0x39A3, 0x3983, 0x3983, 0x3183, 0x3183, 0x3163,
    0x3163, 0x3163, 0x3163, 0x2943, 0x2943, 0x2943, 0x2943, 0x2943,
    0x2923, 0x2923, 0x2103, 0x2103, 0x2103, 0x2103, 0x18E3, 0x18E3,
    0x18E3, 0x18E3, 0x18C3, 0x18C3, 0x10C3, 0x10C3, 0x10C3, 0x10A3,
    0x10A3, 0x10A4, 0x10A4, 0x10A4, 0x10A4, 0x10A4, 0x10A4, 0x10A4,
    0x10A4, 0x10A4, 0x10A4, 0x10A4, 0x10A4, 0x10A4, 0x10A4, 0x10A4,
    0x10A3, 0x10A3, 0x10C3, 0x10C3, 0x18C3, 0x18C3, 0x18E3, 0x18E3,
    0x18E3, 0x18E3, 0x18E3, 0x2103, 0x2103, 0x2103, 0x2103, 0x2923,
    0x2923, 0x2943, 0x2943, 0x2943, 0x2943, 0x3163, 0x3163, 0x3163,
    0x3163, 0x3163, 0x3183, 0x3183, 0x3983, 0x3983, 0x39A3, 0x39A3,
    0x41A2, 0x41A2, 0x41C2, 0x41C2, 0x41C2, 0x41E2, 0x41E2, 0x49E2,
    0x49E2, 0x4A02, 0x4A02, 0x4A02, 0x4A02, 0x4A02, 0x5222, 0x5222,
    0x5222, 0x5222, 0x5A42, 0x5A42, 0x5A42, 0x5A42, 0x5A42, 0x5A62,
    0x5A62, 0x6282, 0x6282, 0x6282, 0x6282, 0x6282, 0x62A2, 0x62A2,
    0x62A2, 0x6AA2, 0x6AA2, 0x6AC1, 0x6AC1, 0x6AC1, 0x72C1, 0x72C1,
    0x72C1, 0x72E1, 0x72E1, 0x72E1, 0x72E1, 0x72E1, 0x7B01, 0x7B01,
    0x7B01, 0x7B21, 0x7B21, 0x7B21, 0x7B21, 0x7B21, 0x7B21, 0x7B21,
    0x8341, 0x8341, 0x8341, 0x8341, 0x8341, 0x8341, 0x8341, 0x8341,
    0x8B61, 0x8B61, 0x8B61, 0x8B61, 0x8B61, 0x8B61, 0x8B61, 0x8B61,
    0x8B61, 0x8B61, 0x8B61, 0x8B61, 0x8B61, 0x8B61, 0x8B61, 0x8B61,
    0x8B61, 0x8B61, 0x8B61, 0x8B61, 0x8B61, 0x8B61, 0x8B61, 0x8B61,
    0x8B61, 0x8B61, 0x8B61, 0x8B61, 0x8B61, 0x8B61, 0x8B61, 0x8B61,
    0x8B61, 0x8341, 0x8341, 0x8341, 0x8341, 0x8341, 0x8341, 0x8341,
    0x8341, 0x7B21, 0x7B21, 0x7B21, 0x7B21, 0x7B21, 0x7B21, 0x7B21,
    0x7B01, 0x7B01, 0x7B01, 0x72E1, 0x72E1, 0x72E1, 0x72E1, 0x72E1,
    0x72C1, 0x72C1, 0x72C1, 0x6AC1, 0x6AC1, 0x6AC1, 0x6AA2, 0x6AA2,
    0x62A2, 0x62A2, 0x62A2, 0x6282, 0x6282, 0x6282, 0x6282, 0x6282,
    0x5A62, 0x5A62, 0x5A42, 0x5A42, 0x5A42, 0x5A42, 0x5A42, 0x5222,
    0x5222, 0x5222, 0x5222, 0x4A02, 0x4A02, 0x4A02, 0x4A02, 0x4A02,
    0x49E2, 0x49E2, 0x41E2, 0x41E2, 0x41C2, 0x41C2, 0x41C2, 0x41A2,
    0x41A2, 0x39A3, 0x39A3, 0x3983, 0x3983, 0x3183, 0x3183, 0x3163,
    0x3163, 0x3163, 0x3163, 0x3163, 0x2943, 0x2943, 0x2943, 0x2943,
    0x2923, 0x2923, 0x2103, 0x2103, 0x2103, 0x2103, 0x18E3, 0x18E3,
    0x18E3, 0x18E3, 0x18E3, 0x18C3, 0x18C3, 0x10C3, 0x10C3, 0x10A3,
    0x10A3, 0x10A4, 0x10A4, 0x10A4, 0x10A4, 0x10A4, 0x10A4, 0x10A4,
    0x10A4, 0x10A4, 0x10A4, 0x10A4, 0x10A4, 0x10A4, 0x10A4, 0x10A4,
    0x10A3, 0x10A3, 0x10C3, 0x10C3, 0x18C3, 0x18C3, 0x18E3, 0x18E3,
    0x18E3, 0x18E3, 0x2103, 0x2103, 0x2103, 0x2103, 0x2923, 0x2923,
    0x2923, 0x2943, 0x2943, 0x2943, 0x2943, 0x3163, 0x3163, 0x3163,
    0x3163, 0x3183, 0x3183, 0x3983, 0x3983, 0x3983, 0x39A3, 0x39A3,
    0x41A2, 0x41A2, 0x41C2, 0x41C2, 0x41E2, 0x41E2, 0x49E2, 0x49E2,
    0x49E2, 0x4A02, 0x4A02, 0x4A02, 0x4A02, 0x5222, 0x5222, 0x5222,
    0x5222, 0x5222, 0x5A42, 0x5A42, 0x5A42, 0x5A42, 0x5A62, 0x5A62,
    0x5A62, 0x6282, 0x6282, 0x6282, 0x6282, 0x6282, 0x62A2, 0x62A2,
    0x6AA2, 0x6AA2, 0x6AA2, 0x6AC1, 0x6AC1, 0x72C1, 0x72C1, 0x72C1,
    0x72E1, 0x72E1, 0x72E1, 0x72E1, 0x72E1, 0x7B01, 0x7B01, 0x7B01,
    0x7B21, 0x7B21, 0x7B21, 0x7B21, 0x7B21, 0x7B21, 0x7B21, 0x8341,
    0x8341, 0x8341, 0x8341, 0x8341, 0x8341, 0x8341, 0x8B61, 0x8B61,
    0x8B61, 0x8B61, 0x8B61, 0x8B61, 0x8B61, 0x8B61, 0x8B61, 0x8B61,
    0x8B61, 0x8B61, 0x8B61, 0x8B81, 0x8B81, 0x8B81, 0x8B81, 0x8B81,
    0x8B81, 0x8B81, 0x8B81, 0x8B81, 0x8B81, 0x8B81, 0x8B61, 0x8B61,
    0x8B61, 0x8B61, 0x8B61, 0x8B61, 0x8B61, 0x8B61, 0x8B61, 0x8B61,
    0x8B61, 0x8B61, 0x8B61, 0x8341, 0x8341, 0x8341, 0x8341, 0x8341,
    0x8341, 0x8341, 0x7B21, 0x7B21, 0x7B21, 0xFF72, 0x7B21, 0x7B21,
    0x7B21, 0x7B01, 0x7B01, 0x7B01, 0x72E1, 0x72E1, 0x72E1, 0x72E1,
    0x72E1, 0x72C1, 0x72C1, 0x72C1, 0x6AC1, 0x6AC1, 0x6AA2, 0x6AA2,
    0x6AA2, 0x62A2, 0x62A2, 0x6282, 0x6282, 0x6282, 0x6282, 0x6282,
    0x5A62, 0x5A62, 0x5A62, 0x5A42, 0x5A42, 0x5A42, 0x5A42, 0x5222,
    0x5222, 0x5222, 0x5222, 0x5222, 0x4A02, 0x4A02, 0x4A02, 0x4A02,
    0x49E2, 0x49E2, 0x49E2, 0x41E2, 0x41E2, 0x41C2, 0x41C2, 0x41A2,
    0x41A2, 0x39A3, 0x39A3, 0x3983, 0x3983, 0x3983, 0x3183, 0x3183,
    0x3163, 0x3163, 0x3163, 0x3163, 0x2943, 0x2943, 0x2943, 0x2943,
    0x2923, 0x2923, 0x2923, 0x2103, 0x2103, 0x2103, 0x2103, 0x18E3,
    0x18E3, 0x18E3, 0x18E3, 0x18C3, 0x18C3, 0x10C3, 0x10C3, 0x10A3,
    0x10A3, 0x10A4, 0x10A4, 0x10A4, 0x10A4, 0x10A4, 0x10A4, 0x10A4,
    0x10A4, 0x10A4, 0x10A4, 0x10A4, 0x10A4, 0x10A4, 0x10A4, 0x10A3,
    0x10A3, 0x10C3, 0x10C3, 0x10C3, 0x18C3, 0x18C3, 0x18E3, 0x18E3,
    0x18E3, 0x18E3, 0x2103, 0x2103, 0x2103, 0x2103, 0x2923, 0x2923,
    0x2943, 0x2943, 0x2943, 0x2943, 0x3163, 0x3163, 0x3163, 0x3163,
    0x3163, 0x3183, 0x3183, 0x3983, 0x3983, 0x39A3, 0x39A3, 0x41A2,
    0x41A2, 0x41C2, 0x41C2, 0x41C2, 0x41E2, 0x41E2, 0x49E2, 0x49E2,
    0x4A02, 0x4A02, 0x4A02, 0x4A02, 0x4A02, 0x5222, 0x5222, 0x5222,
    0x5222, 0x5A42, 0x5A42, 0x5A42, 0x5A42, 0x5A42, 0x5A62, 0x5A62,
    0x6282, 0x6282, 0x6282, 0x6282, 0x6282, 0x62A2, 0x62A2, 0x6AA2,
    0x6AA2, 0x6AA2, 0x6AC1, 0x6AC1, 0x72C1, 0x72C1, 0x72C1, 0x72E1,
    0x72E1, 0x72E1, 0x72E1, 0x72E1, 0x7B01, 0x7B01, 0x7B01, 0x7B21,
    0x7B21, 0x7B21, 0x7B21, 0x7B21, 0x7B21, 0x8341, 0x8341, 0x8341,
    0x8341, 0x8341, 0x8341, 0x8341, 0x8B61, 0x8B61, 0x8B61, 0x8B61,
    0x8B61, 0x8B61, 0x8B61, 0x8B61, 0x8B61, 0x8B61, 0x8B81, 0x8B81,
    0x8B81, 0x8B81, 0x8B81, 0x8B81, 0x8B81, 0x8B81, 0x8B81, 0x8B81,
    0x8B81, 0x8B81, 0x8B81, 0x8B81, 0x8B81, 0x8B81, 0x8B81, 0x8B81,
    0x8B81, 0x8B81, 0x8B81, 0x8B61, 0x8B61, 0x8B61, 0x8B61, 0x8B61,
    0x8B61, 0x8B61, 0x8B61, 0x8B61, 0x8B61, 0x8341, 0x8341, 0x8341,
    0x8341, 0x8341, 0x8341, 0x8341, 0x7B21, 0xFF72, 0x7B21, 0x7B21,
    0x7B21, 0x7B21, 0x7B01, 0x7B01, 0x7B01, 0x72E1, 0x72E1, 0x72E1,
    0x72E1, 0x72E1, 0x72C1, 0x72C1, 0x72C1, 0x6AC1, 0x6AC1, 0x6AA2,
    0x6AA2, 0x6AA2, 0x62A2, 0x62A2, 0x6282, 0x6282, 0x6282, 0x6282,
    0x6282, 0x5A62, 0x5A62, 0x5A42, 0x5A42, 0x5A42, 0x5A42, 0x5A42,
    0x5222, 0x5222, 0x5222, 0x5222, 0x4A02, 0x4A02, 0x4A02, 0x4A02,
    0x4A02, 0x49E2, 0x49E2, 0x41E2, 0x41E2, 0x41C2, 0x41C2, 0x41C2,
    0x41A2, 0x41A2, 0x39A3, 0x39A3, 0x3983, 0x3983, 0x3183, 0x3183,
    0x3163, 0x3163, 0x3163, 0x3163, 0x3163, 0x2943, 0x2943, 0x2943,
    0x2943, 0x2923, 0x2923, 0x2103, 0x2103, 0x2103, 0x2103, 0x18E3,
    0x18E3, 0x18E3, 0x18E3, 0x18C3, 0x18C3, 0x10C3, 0x10C3, 0x10C3,
    0x10A3, 0x10A3, 0x10A4, 0x10A4, 0x10A4, 0x10A4, 0x10A4, 0x10A4,
    0x10A4, 0x10A4, 0x10A4, 0x10A4, 0x10A4, 0x10A4, 0x10A4, 0x10A3,
    0x10A3, 0x10C3, 0x10C3, 0x18C3, 0x18C3, 0x18E3, 0x18E3, 0x18E3,
    0x18E3, 0x2103, 0x2103, 0x2103, 0x2103, 0x2103, 0x2923, 0x2923,
    0x2943, 0x2943, 0x2943, 0x2943, 0x3163, 0x3163, 0x3163, 0x3163,
    0x3183, 0x3183, 0x3183, 0x3983, 0x3983, 0x39A3, 0x39A3, 0x41A2,
    0x41A2, 0x41C2, 0x41C2, 0x41E2, 0x41E2, 0x49E2, 0x49E2, 0x49E2,
    0x4A02, 0x4A02, 0x4A02, 0x4A02, 0x5222, 0x5222, 0x5222, 0x5222,
    0x5222, 0x5A42, 0x5A42, 0x5A42, 0x5A42, 0x5A62, 0x5A62, 0x6282,
    0x6282, 0x6282, 0x6282, 0x6282, 0x62A2, 0x62A2, 0x62A2, 0x6AA2,
    0x6AA2, 0x6AC1, 0x6AC1, 0x6AC1, 0x72C1, 0x72C1, 0x72E1, 0x72E1,
    0x72E1, 0x72E1, 0x72E1, 0x7B01, 0x7B01, 0x7B01, 0x7B21, 0x7B21,
    0x7B21, 0x7B21, 0x7B21, 0x7B21, 0x8341, 0x8341, 0x8341, 0x8341,
    0x8341, 0x8341, 0x8341, 0x8B61, 0x8B61, 0x8B61, 0x8B61, 0x8B61,
    0x8B61, 0x8B61, 0x8B61, 0x8B81, 0x8B81, 0x8B81, 0x8B81, 0x8B81,
    0x8B81, 0x8B81, 0x8B81, 0x93A1, 0x93A1, 0x93A1, 0x93A1, 0x93A1,
    0x93A1, 0x93A1, 0x93A1, 0x93A1, 0x93A1, 0x93A1, 0x8B81, 0x8B81,
    0x8B81, 0x8B81, 0x8B81, 0x8B81, 0x8B81, 0x8B81, 0x8B61, 0x8B61,
    0x8B61, 0x8B61, 0x8B61, 0x8B61, 0x8B61, 0x8B61, 0x8341, 0x8341,
    0x8341, 0x8341, 0x8341, 0x8341, 0x8341, 0xFF72, 0x7B21, 0x7B21,
    0x7B21, 0x7B21, 0x7B21, 0x7B01, 0x7B01, 0x7B01, 0x72E1, 0x72E1,
    0x72E1, 0x72E1, 0x72E1, 0x72C1, 0x72C1, 0x6AC1, 0x6AC1, 0x6AC1,
    0x6AA2, 0x6AA2, 0x62A2, 0x62A2, 0x62A2, 0x6282, 0x6282, 0x6282,
    0x6282, 0x6282, 0x5A62, 0x5A62, 0x5A42, 0x5A42, 0x5A42, 0x5A42,
    0x5222, 0x5222, 0x5222, 0x5222, 0x5222, 0x4A02, 0x4A02, 0x4A02,
    0x4A02, 0x49E2, 0x49E2, 0x49E2, 0x41E2, 0x41E2, 0x41C2, 0x41C2,
    0x41A2, 0x41A2, 0x39A3, 0x39A3, 0x3983, 0x3983, 0x3183, 0x3183,
    0x3183, 0x3163, 0x3163, 0x3163, 0x3163, 0x2943, 0x2943, 0x2943,
    0x2943, 0x2923, 0x2923, 0x2103, 0x2103, 0x2103, 0x2103, 0x2103,
    0x18E3, 0x18E3, 0x18E3, 0x18E3, 0x18C3, 0x18C3, 0x10C3, 0x10C3,
    0x10A3, 0x10A3, 0x10A4, 0x10A4, 0x10A4, 0x10A4, 0x10A4, 0x10A4,
    0x10A4, 0x10A4, 0x10A4, 0x10A4, 0x10A4, 0x10A4, 0x10A4, 0x10A3,
    0x10A3, 0x10C3, 0x10C3, 0x18C3, 0x18C3, 0x18E3, 0x18E3, 0x18E3,
    0x18E3, 0x2103, 0x2103, 0x2103, 0x2103, 0x2923, 0x2923, 0x2943,
    0x2943, 0x2943, 0x2943, 0x2943, 0x3163, 0x3163, 0x3163, 0x3163,
    0x3183, 0x3183, 0x3983, 0x3983, 0x39A3, 0x39A3, 0x41A2, 0x41A2,
    0x41A2, 0x41C2, 0x41C2, 0x41E2, 0x41E2, 0x49E2, 0x49E2, 0x4A02,
    0x4A02, 0x4A02, 0x4A02, 0x4A02, 0x5222, 0x5222, 0x5222, 0x5222,
    0x5A42, 0x5A42, 0x5A42, 0x5A42, 0x5A42, 0x5A62, 0x5A62, 0x6282,
    0x6282, 0x6282, 0x6282, 0x6282, 0x62A2, 0x62A2, 0x6AA2, 0x6AA2,
    0x6AC1, 0x6AC1, 0x6AC1, 0x72C1, 0x72C1, 0x72E1, 0x72E1, 0x72E1,
    0x72E1, 0x72E1, 0x7B01, 0x7B01, 0x7B01, 0x7B21, 0x7B21, 0x7B21,
    0x7B21, 0x7B21, 0x7B21, 0x8341, 0x8341, 0x8341, 0x8341, 0x8341,
    0x8341, 0x8B61, 0x8B61, 0x8B61, 0x8B61, 0x8B61, 0x8B61, 0x8B61,
    0x8B61, 0x8B81, 0x8B81, 0x8B81, 0x8B81, 0x8B81, 0x8B81, 0x93A1,
    0x93A1, 0x93A1, 0x93A1, 0x93A1, 0x93A1, 0x93A1, 0x93A1, 0x93A1,
    0x93A1, 0x93A1, 0x93A1, 0x93A1, 0x93A1, 0x93A1, 0x93A1, 0x93A1,
    0x93A1, 0x93A1, 0x8B81, 0x8B81, 0x8B81, 0x8B81, 0x8B81, 0x8B81,
    0x8B61, 0x8B61, 0x8B61, 0x8B61, 0x8B61, 0x8B61, 0x8B61, 0x8B61,
    0x8341, 0x8341, 0x8341, 0x8341, 0x8341, 0xFF72, 0x7B21, 0x7B21,
    0x7B21, 0x7B21, 0x7B21, 0x7B21, 0x7B01, 0x7B01, 0x7B01, 0x72E1,
    0x72E1, 0x72E1, 0x72E1, 0x72E1, 0x72C1, 0x72C1, 0x6AC1, 0x6AC1,
    0x6AC1, 0x6AA2, 0x6AA2, 0x62A2, 0x62A2, 0x6282, 0x6282, 0x6282,
    0x6282, 0x6282, 0x5A62, 0x5A62, 0x5A42, 0x5A42, 0x5A42, 0x5A42,
    0x5A42, 0x5222, 0x5222, 0x5222, 0x5222, 0x4A02, 0x4A02, 0x4A02,
    0x4A02, 0x4A02, 0x49E2, 0x49E2, 0x41E2, 0x41E2, 0x41C2, 0x41C2,
    0x41A2, 0x41A2, 0x41A2, 0x39A3, 0x39A3, 0x3983, 0x3983, 0x3183,
    0x3183, 0x3163, 0x3163, 0x3163, 0x3163, 0x2943, 0x2943, 0x2943,
    0x2943, 0x2943, 0x2923, 0x2923, 0x2103, 0x2103, 0x2103, 0x2103,
    0x18E3, 0x18E3, 0x18E3, 0x18E3, 0x18C3, 0x18C3, 0x10C3, 0x10C3,
    0x10A3, 0x10A3, 0x10A4, 0x10A4, 0x10A4, 0x10A4, 0x10A4, 0x10A4,
    0x10A4, 0x10A4, 0x10A4, 0x10A4, 0x10A4, 0x10A4, 0x10A3, 0x10A3,
    0x10A3, 0x10C3, 0x10C3, 0x18C3, 0x18C3, 0x18E3, 0x18E3, 0x18E3,
    0x18E3, 0x2103, 0x2103, 0x2103, 0x2103, 0x2923, 0x2923, 0x2943,
    0x2943, 0x2943, 0x2943, 0x3163, 0x3163, 0x3163, 0x3163, 0x3163,
    0x3183, 0x3183, 0x3983, 0x3983, 0x39A3, 0x39A3, 0x41A2, 0x41A2,
    0x41C2, 0x41C2, 0x41E2, 0x41E2, 0x41E2, 0x49E2, 0x49E2, 0x4A02,
    0x4A02, 0x4A02, 0x4A02, 0x5222, 0x5222, 0x5222, 0x5222, 0x5222,
    0x5A42, 0x5A42, 0x5A42, 0x5A42, 0x5A62, 0x5A62, 0x6282, 0x6282,
    0x6282, 0x6282, 0x6282, 0x62A2, 0x62A2, 0x6AA2, 0x6AA2, 0x6AA2,
    0x6AC1, 0x6AC1, 0x72C1, 0x72C1, 0x72C1, 0x72E1, 0x72E1, 0x72E1,
    0x72E1, 0x72E1, 0x7B01, 0x7B01, 0x7B21, 0x7B21, 0x7B21, 0x7B21,
    0x7B21, 0x7B21, 0x8341, 0x8341, 0x8341, 0x8341, 0x8341, 0x8341,
    0x8B61, 0x8B61, 0x8B61, 0x8B61, 0x8B61, 0x8B61, 0x8B61, 0x8B81,
    0x8B81, 0x8B81, 0x8B81, 0x8B81, 0x93A1, 0x93A1, 0x93A1, 0x93A1,
    0x93A1, 0x93A1, 0x93A1, 0x93A1, 0x93A1, 0x93A1, 0x93A1, 0x93A1,
    0x93A1, 0x93A1, 0x93A1, 0x93A1, 0x93A1, 0x93A1, 0x93A1, 0x93A1,
    0x93A1, 0x93A1, 0x93A1, 0x93A1, 0x93A1, 0x8B81, 0x8B81, 0x8B81,
    0x8B81, 0x8B81, 0x8B61, 0x8B61, 0x8B61, 0x8B61, 0x8B61, 0x8B61,
    0x8B61, 0xFF72, 0xFF72, 0xFF72, 0xFF72, 0xFF72, 0xFF72, 0xFF72,
    0xFF72, 0xFF72, 0x7B21, 0x7B21, 0x7B21, 0x7B01, 0x7B01, 0x72E1,
    0x72E1, 0x72E1, 0x72E1, 0x72E1, 0x72C1, 0x72C1, 0x72C1, 0x6AC1,
    0x6AC1, 0x6AA2, 0x6AA2, 0x6AA2, 0x62A2, 0x62A2, 0x6282, 0x6282,
    0x6282, 0x6282, 0x6282, 0x5A62, 0x5A62, 0x5A42, 0x5A42, 0x5A42,
    0x5A42, 0x5222, 0x5222, 0x5222, 0x5222, 0x5222, 0x4A02, 0x4A02,
    0x4A02, 0x4A02, 0x49E2, 0x49E2, 0x41E2, 0x41E2, 0x41E2, 0x41C2,
    0x41C2, 0x41A2, 0x41A2, 0x39A3, 0x39A3, 0x3983, 0x3983, 0x3183,
    0x3183, 0x3163, 0x3163, 0x3163, 0x3163, 0x3163, 0x2943, 0x2943,
    0x2943, 0x2943, 0x2923, 0x2923, 0x2103, 0x2103, 0x2103, 0x2103,
    0x18E3, 0x18E3, 0x18E3, 0x18E3, 0x18C3, 0x18C3, 0x10C3, 0x10C3,
    0x10A3, 0x10A3, 0x10A3, 0x10A4, 0x10A4, 0x10A4, 0x10A4, 0x10A4,
    0x10A4, 0x10A4, 0x10A4, 0x10A4, 0x10A4, 0x10A4, 0x10A3, 0x10A3,
    0x10C3, 0x10C3, 0x18C3, 0x18C3, 0x18E3, 0x18E3, 0x18E3, 0x18E3,
    0x18E3, 0x2103, 0x2103, 0x2103, 0x2103, 0x2923, 0x2923, 0x2943,
    0x2943, 0x2943, 0x2943, 0x3163, 0x3163, 0x3163, 0x3163, 0x3183,
    0x3183, 0x3983, 0x3983, 0x3983, 0x39A3, 0x39A3, 0x41A2, 0x41A2,
    0x41C2, 0x41C2, 0x41E2, 0x41E2, 0x49E2, 0x49E2, 0x4A02, 0x4A02,
    0x4A02, 0x4A02, 0x4A02, 0x5222, 0x5222, 0x5222, 0x5222, 0x5A42,
    0x5A42, 0x5A42, 0x5A42, 0x5A62, 0x5A62, 0x5A62, 0x6282, 0x6282,
    0x6282, 0x6282, 0x62A2, 0x62A2, 0x62A2, 0x6AA2, 0x6AA2, 0x6AC1,
    0x6AC1, 0x72C1, 0x72C1, 0x72C1, 0x72E1, 0x72E1, 0x72E1, 0x72E1,
    0x72E1, 0x7B01, 0x7B01, 0x7B21, 0x7B21, 0x7B21, 0x7B21, 0x7B21,
    0x7B21, 0x8341, 0x8341, 0x8341, 0x8341, 0x8341, 0x8341, 0x8B61,
    0x8B61, 0x8B61, 0x8B61, 0x8B61, 0x8B61, 0x8B81, 0x8B81, 0x8B81,
    0x8B81, 0x93A1, 0x93A1, 0x93A1, 0x93A1, 0x93A1, 0x93A1, 0x93A1,
    0x93A1, 0x93A1, 0x93A1, 0x93A1, 0x93A1, 0x93A1, 0x93A1, 0x93A1,
    0x93A1, 0x93A1, 0x93A1, 0x93A1, 0x93A1, 0x93A1, 0x93A1, 0x93A1,
    0x93A1, 0x93A1, 0x93A1, 0x93A1, 0x93A1, 0x93A1, 0x93A1, 0x93A1,
    0x8B81, 0x8B81, 0x8B81, 0x8B81, 0x8B61, 0x8B61, 0x8B61, 0x8B61,
    0x8B61, 0x8B61, 0x8341, 0x8341, 0x8341, 0xFF72, 0x8341, 0x8341,
    0x7B21, 0x7B21, 0x7B21, 0x7B21, 0x7B21, 0x7B21, 0x7B01, 0x7B01,
    0x72E1, 0x72E1, 0x72E1, 0x72E1, 0x72E1, 0x72C1, 0x72C1, 0x72C1,
    0x6AC1, 0x6AC1, 0x6AA2, 0x6AA2, 0x62A2, 0x62A2, 0x62A2, 0x6282,
    0x6282, 0x6282, 0x6282, 0x5A62, 0x5A62, 0x5A62, 0x5A42, 0x5A42,
    0x5A42, 0x5A42, 0x5222, 0x5222, 0x5222, 0x5222, 0x4A02, 0x4A02,
    0x4A02, 0x4A02, 0x4A02, 0x49E2, 0x49E2, 0x41E2, 0x41E2, 0x41C2,
    0x41C2, 0x41A2, 0x41A2, 0x39A3, 0x39A3, 0x3983, 0x3983, 0x3983,
    0x3183, 0x3183, 0x3163, 0x3163, 0x3163, 0x3163, 0x2943, 0x2943,
    0x2943, 0x2943, 0x2923, 0x2923, 0x2103, 0x2103, 0x2103, 0x2103,
    0x18E3, 0x18E3, 0x18E3, 0x18E3, 0x18E3, 0x18C3, 0x18C3, 0x10C3,
    0x10C3, 0x10A3, 0x10A3, 0x10A4, 0x10A4, 0x10A4, 0x10A4, 0x10A4,
    0x10A4, 0x10A4, 0x10A4, 0x10A4, 0x10A4, 0x10A4, 0x10A3, 0x10A3,
    0x10C3, 0x10C3, 0x18C3, 0x18C3, 0x18E3, 0x18E3, 0x18E3, 0x18E3,
    0x2103, 0x2103, 0x2103, 0x2103, 0x2923, 0x2923, 0x2923, 0x2943,
    0x2943, 0x2943, 0x2943, 0x3163, 0x3163, 0x3163, 0x3163, 0x3183,
    0x3183, 0x3983, 0x3983, 0x39A3, 0x39A3, 0x41A2, 0x41A2, 0x41C2,
    0x41C2, 0x41C2, 0x41E2, 0x41E2, 0x49E2, 0x49E2, 0x4A02, 0x4A02,
    0x4A02, 0x4A02, 0x5222, 0x5222, 0x5222, 0x5222, 0x5222, 0x5A42,
    0x5A42, 0x5A42, 0x5A42, 0x5A62, 0x5A62, 0x6282, 0x6282, 0x6282,
    0x6282, 0x6282, 0x62A2, 0x62A2, 0x6AA2, 0x6AA2, 0x6AC1, 0x6AC1,
    0x6AC1, 0x72C1, 0x72C1, 0x72E1, 0x72E1, 0x72E1, 0x72E1, 0x72E1,
    0x7B01, 0x7B01, 0x7B01, 0x7B21, 0x7B21, 0x7B21, 0x7B21, 0x7B21,
    0x8341, 0x8341, 0x8341, 0x8341, 0x8341, 0x8B61, 0x8B61, 0x8B61,
    0x8B61, 0x8B61, 0x8B61, 0x8B61, 0x8B81, 0x8B81, 0x8B81, 0x8B81,
    0x93A1, 0x93A1, 0x93A1, 0x93A1, 0x93A1, 0x93A1, 0x93A1, 0x93A1,
    0x93A1, 0x93A1, 0x93A1, 0x93C1, 0x93C1, 0x93C1, 0x93C1, 0x93C1,
    0x93C1, 0x93C1, 0x93C1, 0x93C1, 0x93C1, 0x93C1, 0x93A1, 0x93A1,
    0x93A1, 0x93A1, 0x93A1, 0x93A1, 0x93A1, 0x93A1, 0x93A1, 0x93A1,
    0x93A1, 0x8B81, 0x8B81, 0x8B81, 0x8B81, 0x8B61, 0x8B61, 0x8B61,
    0x8B61, 0x8B61, 0x8B61, 0x8B61, 0x8341, 0xFF72, 0x8341, 0x8341,
    0x8341, 0x7B21, 0x7B21, 0x7B21, 0x7B21, 0x7B21, 0x7B01, 0x7B01,
    0x7B01, 0x72E1, 0x72E1, 0x72E1, 0x72E1, 0x72E1, 0x72C1, 0x72C1,
    0x6AC1, 0x6AC1, 0x6AC1, 0x6AA2, 0x6AA2, 0x62A2, 0x62A2, 0x6282,
    0x6282, 0x6282, 0x6282, 0x6282, 0x5A62, 0x5A62, 0x5A42, 0x5A42,
    0x5A42, 0x5A42, 0x5222, 0x5222, 0x5222, 0x5222, 0x5222, 0x4A02,
    0x4A02, 0x4A02, 0x4A02, 0x49E2, 0x49E2, 0x41E2, 0x41E2, 0x41C2,
    0x41C2, 0x41C2, 0x41A2, 0x41A2, 0x39A3, 0x39A3, 0x3983, 0x3983,
    0x3183, 0x3183, 0x3163, 0x3163, 0x3163, 0x3163, 0x2943, 0x2943,
    0x2943, 0x2943, 0x2923, 0x2923, 0x2923, 0x2103, 0x2103, 0x2103,
    0x2103, 0x18E3, 0x18E3, 0x18E3, 0x18E3, 0x18C3, 0x18C3, 0x10C3,
    0x10C3, 0x10A3, 0x10A3, 0x10A4, 0x10A4, 0x10A4, 0x10A4, 0x10A4,
    0x10A4, 0x10A4, 0x10A4, 0x10A4, 0x10A4, 0x10A4, 0x10A3, 0x10A3,
    0x10C3, 0x10C3, 0x18C3, 0x18C3, 0x18E3, 0x18E3, 0x18E3, 0x18E3,
    0x2103, 0x2103, 0x2103, 0x2103, 0x2923, 0x2923, 0x2943, 0x2943,
    0x2943, 0x2943, 0x3163, 0x3163, 0x3163, 0x3163, 0x3163, 0x3183,
    0x3183, 0x3983, 0x3983, 0x39A3, 0x39A3, 0x41A2, 0x41A2, 0x41C2,
    0x41C2, 0x41E2, 0x41E2, 0x49E2, 0x49E2, 0x4A02, 0x4A02, 0x4A02,
    0x4A02, 0x4A02, 0x5222, 0x5222, 0x5222, 0x5222, 0x5A42, 0x5A42,
    0x5A42, 0x5A42, 0x5A62, 0x5A62, 0x5A62, 0x6282, 0x6282, 0x6282,
    0x6282, 0x62A2, 0x62A2, 0x6AA2, 0x6AA2, 0x6AA2, 0x6AC1, 0x6AC1,
    0x72C1, 0x72C1, 0x72E1, 0x72E1, 0x72E1, 0x72E1, 0x72E1, 0x7B01,
    0x7B01, 0x7B01, 0x7B21, 0x7B21, 0x7B21, 0x7B21, 0x7B21, 0x8341,
    0x8341, 0x8341, 0x8341, 0x8341, 0x8B61, 0x8B61, 0x8B61, 0x8B61,
    0x8B61, 0x8B61, 0x8B61, 0x8B81, 0x8B81, 0x8B81, 0x93A1, 0x93A1,
    0x93A1, 0x93A1, 0x93A1, 0x93A1, 0x93A1, 0x93A1, 0x93A1, 0x93C1,
    0x93C1, 0x93C1, 0x93C1, 0x93C1, 0x93C1, 0x93C1, 0x93C1, 0x93C1,
    0x93C1, 0x93C1, 0x93C1, 0x93C1, 0x93C1, 0x93C1, 0x93C1, 0x93C1,
    0x93C1, 0x93C1, 0x93A1, 0x93A1, 0x93A1, 0x93A1, 0x93A1, 0x93A1,
    0x93A1, 0x93A1, 0x93A1, 0x8B81, 0x8B81, 0x8B81, 0x8B61, 0x8B61,
    0x8B61, 0x8B61, 0x8B61, 0x8B61, 0x8B61, 0xFF72, 0x8341, 0x8341,
    0x8341, 0x8341, 0x7B21, 0x7B21, 0x7B21, 0x7B21, 0x7B21, 0x7B01,
    0x7B01, 0x7B01, 0x72E1, 0x72E1, 0x72E1, 0x72E1, 0x72E1, 0x72C1,
    0x72C1, 0x6AC1, 0x6AC1, 0x6AA2, 0x6AA2, 0x6AA2, 0x62A2, 0x62A2,
    0x6282, 0x6282, 0x6282, 0x6282, 0x5A62, 0x5A62, 0x5A62, 0x5A42,
    0x5A42, 0x5A42, 0x5A42, 0x5222, 0x5222, 0x5222, 0x5222, 0x4A02,
    0x4A02, 0x4A02, 0x4A02, 0x4A02, 0x49E2, 0x49E2, 0x41E2, 0x41E2,
    0x41C2, 0x41C2, 0x41A2, 0x41A2, 0x39A3, 0x39A3, 0x3983, 0x3983,
    0x3183, 0x3183, 0x3163, 0x3163, 0x3163, 0x3163, 0x3163, 0x2943,
    0x2943, 0x2943, 0x2943, 0x2923, 0x2923, 0x2103, 0x2103, 0x2103,
    0x2103, 0x18E3, 0x18E3, 0x18E3, 0x18E3, 0x18C3, 0x18C3, 0x10C3,
    0x10C3, 0x10A3, 0x10A3, 0x10A4, 0x10A4, 0x10A4, 0x10A4, 0x10A4,
    0x10A4, 0x10A4, 0x10A4, 0x10A4, 0x10A4, 0x10A3, 0x10A3, 0x10C3,
    0x10C3, 0x18C3, 0x18C3, 0x18C3, 0x18E3, 0x18E3, 0x18E3, 0x18E3,
    0x2103, 0x2103, 0x2103, 0x2103, 0x2923, 0x2923, 0x2943, 0x2943,
    0x2943, 0x2943, 0x3163, 0x3163, 0x3163, 0x3163, 0x3183, 0x3183,
    0x3983, 0x3983, 0x39A3, 0x39A3, 0x39A3, 0x41A2, 0x41A2, 0x41C2,
    0x41C2, 0x41E2, 0x41E2, 0x49E2, 0x49E2, 0x4A02, 0x4A02, 0x4A02,
    0x4A02, 0x5222, 0x5222, 0x5222, 0x5222, 0x5222, 0x5A42, 0x5A42,
    0x5A42, 0x5A42, 0x5A62, 0x5A62, 0x6282, 0x6282, 0x6282, 0x6282,
    0x6282, 0x62A2, 0x62A2, 0x6AA2, 0x6AA2, 0x6AC1, 0x6AC1, 0x6AC1,
    0x72C1, 0x72C1, 0x72E1, 0x72E1, 0x72E1, 0x72E1, 0x72E1, 0x7B01,
    0x7B01, 0x7B21, 0x7B21, 0x7B21, 0x7B21, 0x7B21, 0x8341, 0x8341,
    0x8341, 0x8341, 0x8341, 0x8B61, 0x8B61, 0x8B61, 0x8B61, 0x8B61,
    0x8B61, 0x8B81, 0x8B81, 0x8B81, 0x8B81, 0x93A1, 0x93A1, 0x93A1,
    0x93A1, 0x93A1, 0x93A1, 0x93A1, 0x93A1, 0x93C1, 0x93C1, 0x93C1,
    0x93C1, 0x93C1, 0x93C1, 0x9BC0, 0x9BC0, 0x9BC0, 0x9BC0, 0x9BC0,
    0x9BC0, 0x9BC0, 0x9BC0, 0x9BC0, 0x9BC0, 0x9BC0, 0x93C1, 0x93C1,
    0x93C1, 0x93C1, 0x93C1, 0x93C1, 0x93A1, 0x93A1, 0x93A1, 0x93A1,
    0x93A1, 0x93A1, 0x93A1, 0x93A1, 0x8B81, 0x8B81, 0x8B81, 0x8B81,
    0x8B61, 0x8B61, 0x8B61, 0x8B61, 0x8B61, 0xFF72, 0x8341, 0x8341,
    0x8341, 0x8341, 0x8341, 0x7B21, 0x7B21, 0x7B21, 0x7B21, 0x7B21,
    0x7B01, 0x7B01, 0x72E1, 0x72E1, 0x72E1, 0x72E1, 0x72E1, 0x72C1,
    0x72C1, 0x6AC1, 0x6AC1, 0x6AC1, 0x6AA2, 0x6AA2, 0x62A2, 0x62A2,
    0x6282, 0x6282, 0x6282, 0x6282, 0x6282, 0x5A62, 0x5A62, 0x5A42,
    0x5A42, 0x5A42, 0x5A42, 0x5222, 0x5222, 0x5222, 0x5222, 0x5222,
    0x4A02, 0x4A02, 0x4A02, 0x4A02, 0x49E2, 0x49E2, 0x41E2, 0x41E2,
    0x41C2, 0x41C2, 0x41A2, 0x41A2, 0x39A3, 0x39A3, 0x39A3, 0x3983,
    0x3983, 0x3183, 0x3183, 0x3163, 0x3163, 0x3163, 0x3163, 0x2943,
    0x2943, 0x2943, 0x2943, 0x2923, 0x2923, 0x2103, 0x2103, 0x2103,
    0x2103, 0x18E3, 0x18E3, 0x18E3, 0x18E3, 0x18C3, 0x18C3, 0x18C3,
    0x10C3, 0x10C3, 0x10A3, 0x10A3, 0x10A4, 0x10A4, 0x10A4, 0x10A4,
    0x10A4, 0x10A4, 0x10A4, 0x10A4, 0x10A4, 0x10A3, 0x10A3, 0x10C3,
    0x10C3, 0x18C3, 0x18C3, 0x18E3, 0x18E3, 0x18E3, 0x18E3, 0x2103,
    0x2103, 0x2103, 0x2103, 0x2103, 0x2923, 0x2923, 0x2943, 0x2943,
    0x2943, 0x2943, 0x3163, 0x3163, 0x3163, 0x3163, 0x3183, 0x3183,
    0x3983, 0x3983, 0x39A3, 0x39A3, 0x41A2, 0x41A2, 0x41C2, 0x41C2,
    0x41E2, 0x41E2, 0x41E2, 0x49E2, 0x49E2, 0x4A02, 0x4A02, 0x4A02,
    0x4A02, 0x5222, 0x5222, 0x5222, 0x5222, 0x5A42, 0x5A42, 0x5A42,
    0x5A42, 0x5A42, 0x5A62, 0x5A62, 0x6282, 0x6282, 0x6282, 0x6282,
    0x62A2, 0x62A2, 0x6AA2, 0x6AA2, 0x6AA2, 0x6AC1, 0x6AC1, 0x72C1,
    0x72C1, 0x72E1, 0x72E1, 0x72E1, 0x72E1, 0x72E1, 0x7B01, 0x7B01,
    0x7B21, 0x7B21, 0x7B21, 0x7B21, 0x7B21, 0x8341, 0x8341, 0x8341,
    0x8341, 0x8341, 0x8B61, 0x8B61, 0x8B61, 0x8B61, 0x8B61, 0x8B61,
    0x8B81, 0x8B81, 0x8B81, 0x93A1, 0x93A1, 0x93A1, 0x93A1, 0x93A1,
    0x93A1, 0x93A1, 0x93C1, 0x93C1, 0x93C1, 0x93C1, 0x93C1, 0x9BC0,
    0x9BC0, 0x9BC0, 0x9BC0, 0x9BC0, 0x9BC0, 0x9BC0, 0x9BC0, 0x9BC0,
    0x9BC0, 0x9BC0, 0x9BC0, 0x9BC0, 0x9BC0, 0x9BC0, 0x9BC0, 0x9BC0,
    0x9BC0, 0x9BC0, 0x93C1, 0x93C1, 0x93C1, 0x93C1, 0x93C1, 0x93A1,
    0x93A1, 0x93A1, 0x93A1, 0x93A1, 0x93A1, 0x93A1, 0x8B81, 0x8B81,
    0x8B81, 0x8B61, 0x8B61, 0x8B61, 0x8B61, 0x8B61, 0x8B61, 0x8341,
    0x8341, 0x8341, 0x8341, 0x8341, 0x7B21, 0x7B21, 0x7B21, 0x7B21,
    0x7B21, 0x7B01, 0x7B01, 0x72E1, 0x72E1, 0x72E1, 0x72E1, 0x72E1,
    0x72C1, 0x72C1, 0x6AC1, 0x6AC1, 0x6AA2, 0x6AA2, 0x6AA2, 0x62A2,
    0x62A2, 0x6282, 0x6282, 0x6282, 0x6282, 0x5A62, 0x5A62, 0x5A42,
    0x5A42, 0x5A42, 0x5A42, 0x5A42, 0x5222, 0x5222, 0x5222, 0x5222,
    0x4A02, 0x4A02, 0x4A02, 0x4A02, 0x49E2, 0x49E2, 0x41E2, 0x41E2,
    0x41E2, 0x41C2, 0x41C2, 0x41A2, 0x41A2, 0x39A3, 0x39A3, 0x3983,
    0x3983, 0x3183, 0x3183, 0x3163, 0x3163, 0x3163, 0x3163, 0x2943,
    0x2943, 0x2943, 0x2943, 0x2923, 0x2923, 0x2103, 0x2103, 0x2103,
    0x2103, 0x2103, 0x18E3, 0x18E3, 0x18E3, 0x18E3, 0x18C3, 0x18C3,
    0x10C3, 0x10C3, 0x10A3, 0x10A3, 0x10A4, 0x10A4, 0x10A4, 0x10A4,
    0x10A4, 0x10A4, 0x10A4, 0x10A4, 0x10A4, 0x10A3, 0x10A3, 0x10C3,
    0x10C3, 0x18C3, 0x18C3, 0x18E3, 0x18E3, 0x18E3, 0x18E3, 0x2103,
    0x2103, 0x2103, 0x2103, 0x2923, 0x2923, 0x2943, 0x2943, 0x2943,
    0x2943, 0x2943, 0x3163, 0x3163, 0x3163, 0x3163, 0x3183, 0x3183,
    0x3983, 0x3983, 0x39A3, 0x39A3, 0x41A2, 0x41A2, 0x41C2, 0x41C2,
    0x41E2, 0x41E2, 0x49E2, 0x49E2, 0x4A02, 0x4A02, 0x4A02, 0x4A02,
    0x4A02, 0x5222, 0x5222, 0x5222, 0x5222, 0x5A42, 0x5A42, 0x5A42,
    0x5A42, 0x5A62, 0x5A62, 0x6282, 0x6282, 0x6282, 0x6282, 0x6282,
    0x62A2, 0x62A2, 0x6AA2, 0x6AA2, 0x6AC1, 0x6AC1, 0x72C1, 0x72C1,
    0x72C1, 0x72E1, 0x72E1, 0x72E1, 0x72E1, 0x7B01, 0x7B01, 0x7B01,
    0x7B21, 0x7B21, 0x7B21, 0x7B21, 0x7B21, 0x8341, 0x8341, 0x8341,
    0x8341, 0x8341, 0x8B61, 0x8B61, 0x8B61, 0x8B61, 0x8B61, 0x8B81,
    0x8B81, 0x8B81, 0x93A1, 0x93A1, 0x93A1, 0x93A1, 0x93A1, 0x93A1,
    0x93A1, 0x93C1, 0x93C1, 0x93C1, 0x93C1, 0x9BC0, 0x9BC0, 0x9BC0,
    0x9BC0, 0x9BC0, 0x9BC0, 0x9BE0, 0x9BE0, 0x9BE0, 0x9BE0, 0x9BE0,
    0x9BE0, 0x9BE0, 0x9BE0, 0x9BE0, 0x9BE0, 0x9BE0, 0x9BC0, 0x9BC0,
    0x9BC0, 0x9BC0, 0x9BC0, 0x9BC0, 0x93C1, 0x93C1, 0x93C1, 0x93C1,
    0x93A1, 0x93A1, 0x93A1, 0x93A1, 0x93A1, 0x93A1, 0x93A1, 0x8B81,
    0x8B81, 0x8B81, 0x8B61, 0x8B61, 0x8B61, 0x8B61, 0x8B61, 0x8341,
    0x8341, 0x8341, 0x8341, 0x8341, 0x7B21, 0x7B21, 0x7B21, 0x7B21,
    0x7B21, 0x7B01, 0x7B01, 0x7B01, 0x72E1, 0x72E1, 0x72E1, 0x72E1,
    0x72C1, 0x72C1, 0x72C1, 0x6AC1, 0x6AC1, 0x6AA2, 0x6AA2, 0x62A2,
    0x62A2, 0x6282, 0x6282, 0x6282, 0x6282, 0x6282, 0x5A62, 0x5A62,
    0x5A42, 0x5A42, 0x5A42, 0x5A42, 0x5222, 0x5222, 0x5222, 0x5222,
    0x4A02, 0x4A02, 0x4A02, 0x4A02, 0x4A02, 0x49E2, 0x49E2, 0x41E2,
    0x41E2, 0x41C2, 0x41C2, 0x41A2, 0x41A2, 0x39A3, 0x39A3, 0x3983,
    0x3983, 0x3183, 0x3183, 0x3163, 0x3163, 0x3163, 0x3163, 0x2943,
    0x2943, 0x2943, 0x2943, 0x2943, 0x2923, 0x2923, 0x2103, 0x2103,
    0x2103, 0x2103, 0x18E3, 0x18E3, 0x18E3, 0x18E3, 0x18C3, 0x18C3,
    0x10C3, 0x10C3, 0x10A3, 0x10A3, 0x10A4, 0x10A4, 0x10A4, 0x10A4,
    0x10A4, 0x10A4, 0x10A4, 0x10A4, 0x10A4, 0x10A3, 0x10A3, 0x10C3,
    0x10C3, 0x18C3, 0x18C3, 0x18E3, 0x18E3, 0x18E3, 0x18E3, 0x2103,
    0x2103, 0x2103, 0x2103, 0x2923, 0x2923, 0x2943, 0x2943, 0x2943,
    0x2943, 0x3163, 0x3163, 0x3163, 0x3163, 0x3183, 0x3183, 0x3983,
    0x3983, 0x3983, 0x39A3, 0x39A3, 0x41A2, 0x41A2, 0x41C2, 0x41C2,
    0x41E2, 0x41E2, 0x49E2, 0x49E2, 0x4A02, 0x4A02, 0x4A02, 0x4A02,
    0x5222, 0x5222, 0x5222, 0x5222, 0x5A42, 0x5A42, 0x5A42, 0x5A42,
    0x5A42, 0x5A62, 0x5A62, 0x6282, 0x6282, 0x6282, 0x6282, 0x62A2,
    0x62A2, 0x6AA2, 0x6AA2, 0x6AA2, 0x6AC1, 0x6AC1, 0x72C1, 0x72C1,
    0x72E1, 0x72E1, 0x72E1, 0x72E1, 0x72E1, 0x7B01, 0x7B01, 0x7B21,
    0x7B21, 0x7B21, 0x7B21, 0x7B21, 0x8341, 0x8341, 0x8341, 0x8341,
    0x8341, 0x8B61, 0x8B61, 0x8B61, 0x8B61, 0x8B61, 0x8B81, 0x8B81,
    0x8B81, 0x93A1, 0x93A1, 0x93A1, 0x93A1, 0x93A1, 0x93A1, 0x93C1,
    0x93C1, 0x93C1, 0x93C1, 0x9BC0, 0x9BC0, 0x9BC0, 0x9BC0, 0x9BC0,
    0x9BE0, 0x9BE0, 0x9BE0, 0x9BE0, 0x9BE0, 0x9BE0, 0x9BE0, 0x9BE0,
    0x9BE0, 0x9BE0, 0x9BE0, 0x9BE0, 0x9BE0, 0x9BE0, 0x9BE0, 0x9BE0,
    0x9BE0, 0x9BC0, 0x9BC0, 0x9BC0, 0x9BC0, 0x9BC0, 0x93C1, 0x93C1,
    0x93C1, 0x93C1, 0x93A1, 0x93A1, 0x93A1, 0x93A1, 0x93A1, 0x93A1,
    0x8B81, 0x8B81, 0x8B81, 0x8B61, 0x8B61, 0x8B61, 0x8B61, 0x8B61,
    0x8341, 0x8341, 0x8341, 0x8341, 0x8341, 0x7B21, 0x7B21, 0x7B21,
    0x7B21, 0x7B21, 0x7B01, 0x7B01, 0x72E1, 0x72E1, 0x72E1, 0x72E1,
    0x72E1, 0x72C1, 0x72C1, 0x6AC1, 0x6AC1, 0x6AA2, 0x6AA2, 0x6AA2,
    0x62A2, 0x62A2, 0x6282, 0x6282, 0x6282, 0x6282, 0x5A62, 0x5A62,
    0x5A42, 0x5A42, 0x5A42, 0x5A42, 0x5A42, 0x5222, 0x5222, 0x5222,
    0x5222, 0x4A02, 0x4A02, 0x4A02, 0x4A02, 0x49E2, 0x49E2, 0x41E2,
    0x41E2, 0x41C2, 0x41C2, 0x41A2, 0x41A2, 0x39A3, 0x39A3, 0x3983,
    0x3983, 0x3983, 0x3183, 0x3183, 0x3163, 0x3163, 0x3163, 0x3163,
    0x2943, 0x2943, 0x2943, 0x2943, 0x2923, 0x2923, 0x2103, 0x2103,
    0x2103, 0x2103, 0x18E3, 0x18E3, 0x18E3, 0x18E3, 0x18C3, 0x18C3,
    0x10C3, 0x10C3, 0x10A3, 0x10A3, 0x10A4, 0x10A4, 0x10A4, 0x10A4,
    0x10A4, 0x10A4, 0x10A4, 0x10A4, 0x10A3, 0x10A3, 0x10A3, 0x10C3,
    0x10C3, 0x18C3, 0x18C3, 0x18E3, 0x18E3, 0x18E3, 0x18E3, 0x2103,
    0x2103, 0x2103, 0x2103, 0x2923, 0x2923, 0xFF72, 0x2943, 0x2943,
    0x2943, 0x3163, 0x3163, 0x3163, 0x3163, 0x3183, 0x3183, 0x3983,
    0x3983, 0x39A3, 0x39A3, 0x41A2, 0x41A2, 0x41C2, 0x41C2, 0x41C2,
    0x41E2, 0x41E2, 0x49E2, 0x49E2, 0x4A02, 0x4A02, 0x4A02, 0x4A02,
    0x5222, 0x5222, 0x5222, 0x5222, 0x5A42, 0x5A42, 0x5A42, 0x5A42,
    0x5A62, 0x5A62, 0x5A62, 0x6282, 0x6282, 0x6282, 0x6282, 0x62A2,
    0x62A2, 0x6AA2, 0x6AA2, 0x6AC1, 0x6AC1, 0x72C1, 0x72C1, 0x72C1,
    0x72E1, 0x72E1, 0x72E1, 0x72E1, 0x7B01, 0x7B01, 0x7B21, 0x7B21,
    0x7B21, 0x7B21, 0x7B21, 0x8341, 0x8341, 0x8341, 0x8341, 0x8341,
    0x8B61, 0x8B61, 0x8B61, 0x8B61, 0x8B61, 0x8B81, 0x8B81, 0x8B81,
    0x93A1, 0x93A1, 0x93A1, 0x93A1, 0x93A1, 0x93A1, 0x93C1, 0x93C1,
    0x93C1, 0x9BC0, 0x9BC0, 0x9BC0, 0x9BC0, 0x9BE0, 0x9BE0, 0x9BE0,
    0x9BE0, 0x9BE0, 0x9BE0, 0x9BE0, 0xA3E0, 0xA3E0, 0xA3E0, 0xA3E0,
    0xA3E0, 0xA3E0, 0xA3E0, 0xA3E0, 0xA3E0, 0x9BE0, 0x9BE0, 0x9BE0,
    0x9BE0, 0x9BE0, 0x9BE0, 0x9BE0, 0x9BC0, 0x9BC0, 0x9BC0, 0x9BC0,
    0x93C1, 0x93C1, 0x93C1, 0x93A1, 0x93A1, 0x93A1, 0x93A1, 0x93A1,
    0x93A1, 0x8B81, 0x8B81, 0x8B81, 0x8B61, 0x8B61, 0x8B61, 0x8B61,
    0x8B61, 0x8341, 0x8341, 0x8341, 0x8341, 0x8341, 0x7B21, 0x7B21,
    0x7B21, 0x7B21, 0x7B21, 0x7B01, 0x7B01, 0x72E1, 0x72E1, 0x72E1,
    0x72E1, 0x72C1, 0x72C1, 0x72C1, 0x6AC1, 0x6AC1, 0x6AA2, 0x6AA2,
    0x62A2, 0x62A2, 0x6282, 0x6282, 0x6282, 0x6282, 0x5A62, 0x5A62,
    0x5A62, 0x5A42, 0x5A42, 0x5A42, 0x5A42, 0x5222, 0x5222, 0x5222,
    0x5222, 0x4A02, 0x4A02, 0x4A02, 0x4A02, 0x49E2, 0x49E2, 0x41E2,
    0x41E2, 0x41C2, 0x41C2, 0x41C2, 0x41A2, 0x41A2, 0x39A3, 0x39A3,
    0x3983, 0x3983, 0x3183, 0x3183, 0x3163, 0x3163, 0x3163, 0x3163,
    0x2943, 0x2943, 0x2943, 0x2943, 0x2923, 0x2923, 0x2103, 0x2103,
    0x2103, 0x2103, 0x18E3, 0x18E3, 0x18E3, 0x18E3, 0x18C3, 0x18C3,
    0x10C3, 0x10C3, 0x10A3, 0x10A3, 0x10A3, 0x10A4, 0x10A4, 0x10A4,
    0x10A4, 0x10A4, 0x10A4, 0x10A4, 0x10A3, 0x10A3, 0x10C3, 0x10C3,
    0x18C3, 0x18C3, 0x18E3, 0x18E3, 0x18E3, 0x18E3, 0x2103, 0x2103,
    0x2103, 0x2103, 0x2103, 0x2923, 0x2923, 0xFF72, 0x2943, 0x2943,
    0x2943, 0x3163, 0x3163, 0x3163, 0x3163, 0x3183, 0x3183, 0x3983,
    0x3983, 0x39A3, 0x39A3, 0x41A2, 0x41A2, 0x41C2, 0x41C2, 0x41E2,
    0x41E2, 0x49E2, 0x49E2, 0x4A02, 0x4A02, 0x4A02, 0x4A02, 0x4A02,
    0x5222, 0x5222, 0x5222, 0x5222, 0x5A42, 0x5A42, 0x5A42, 0x5A42,
    0x5A62, 0x5A62, 0x6282, 0x6282, 0x6282, 0x6282, 0x62A2, 0x62A2,
    0x62A2, 0x6AA2, 0x6AA2, 0x6AC1, 0x6AC1, 0x72C1, 0x72C1, 0x72E1,
    0x72E1, 0x72E1, 0x72E1, 0x72E1, 0x7B01, 0x7B01, 0x7B21, 0x7B21,
    0x7B21, 0x7B21, 0x8341, 0x8341, 0x8341, 0x8341, 0x8341, 0x8B61,
    0x8B61, 0x8B61, 0x8B61, 0x8B61, 0x8B81, 0x8B81, 0x8B81, 0x93A1,
    0x93A1, 0x93A1, 0x93A1, 0x93A1, 0x93A1, 0x93C1, 0x93C1, 0x93C1,
    0x9BC0, 0x9BC0, 0x9BC0, 0x9BE0, 0x9BE0, 0x9BE0, 0x9BE0, 0x9BE0,
    0xA3E0, 0xA3E0, 0xA3E0, 0xA3E0, 0xA3E0, 0xA3E0, 0xA3E0, 0xA3E0,
    0xA3E0, 0xA3E0, 0xA3E0, 0xA3E0, 0xA3E0, 0xA3E0, 0xA3E0, 0xA3E0,
    0xA3E0, 0x9BE0, 0x9BE0, 0x9BE0, 0x9BE0, 0x9BE0, 0x9BC0, 0x9BC0,
    0x9BC0, 0x93C1, 0x93C1, 0x93C1, 0x93A1, 0x93A1, 0x93A1, 0x93A1,
    0x93A1, 0x93A1, 0x8B81, 0x8B81, 0x8B81, 0x8B61, 0x8B61, 0x8B61,
    0x8B61, 0x8B61, 0x8341, 0x8341, 0x8341, 0x8341, 0x8341, 0x7B21,
    0x7B21, 0x7B21, 0x7B21, 0x7B01, 0x7B01, 0x72E1, 0x72E1, 0x72E1,
    0x72E1, 0x72E1, 0x72C1, 0x72C1, 0x6AC1, 0x6AC1, 0x6AA2, 0x6AA2,
    0x62A2, 0x62A2, 0x62A2, 0x6282, 0x6282, 0x6282, 0x6282, 0x5A62,
    0x5A62, 0x5A42, 0x5A42, 0x5A42, 0x5A42, 0x5222, 0x5222, 0x5222,
    0x5222, 0x4A02, 0x4A02, 0x4A02, 0x4A02, 0x4A02, 0x49E2, 0x49E2,
    0x41E2, 0x41E2, 0x41C2, 0x41C2, 0x41A2, 0x41A2, 0x39A3, 0x39A3,
    0x3983, 0x3983, 0x3183, 0x3183, 0x3163, 0x3163, 0x3163, 0x3163,
    0x2943, 0x2943, 0x2943, 0x2943, 0x2923, 0x2923, 0x2103, 0x2103,
    0x2103, 0x2103, 0x2103, 0x18E3, 0x18E3, 0x18E3, 0x18E3, 0x18C3,
    0x18C3, 0x10C3, 0x10C3, 0x10A3, 0x10A3, 0x10A4, 0x10A4, 0x10A4,
    0x10A4, 0x10A4, 0x10A4, 0x10A4, 0x10A3, 0x10A3, 0x10C3, 0x10C3,
    0x18C3, 0x18C3, 0x18E3, 0x18E3, 0x18E3, 0x18E3, 0x2103, 0x2103,
    0x2103, 0x2103, 0x2923, 0x2923, 0x2943, 0xFF72, 0x2943, 0x2943,
    0x2943, 0x3163, 0x3163, 0x3163, 0x3163, 0x3183, 0x3183, 0x3983,
    0x3983, 0x39A3, 0x39A3, 0x41A2, 0x41A2, 0x41C2, 0x41C2, 0x41E2,
    0x41E2, 0x49E2, 0x49E2, 0x4A02, 0x4A02, 0x4A02, 0x4A02, 0x5222,
    0x5222, 0x5222, 0x5222, 0x5A42, 0x5A42, 0x5A42, 0x5A42, 0x5A42,
    0x5A62, 0x5A62, 0x6282, 0x6282, 0x6282, 0x6282, 0x62A2, 0x62A2,
    0x6AA2, 0x6AA2, 0x6AC1, 0x6AC1, 0x6AC1, 0x72C1, 0x72C1, 0x72E1,
    0x72E1, 0x72E1, 0x72E1, 0x7B01, 0x7B01, 0x7B21, 0x7B21, 0x7B21,
    0x7B21, 0x7B21, 0x8341, 0x8341, 0x8341, 0x8341, 0x8341, 0x8B61,
    0x8B61, 0x8B61, 0x8B61, 0x8B61, 0x8B81, 0x8B81, 0x93A1, 0x93A1,
    0x93A1, 0x93A1, 0x93A1, 0x93A1, 0x93C1, 0x93C1, 0x93C1, 0x9BC0,
    0x9BC0, 0x9BC0, 0x9BE0, 0x9BE0, 0x9BE0, 0x9BE0, 0xA3E0, 0xA3E0,
    0xA3E0, 0xA3E0, 0xA3E0, 0xA3E0, 0xA400, 0xA400, 0xA400, 0xA400,
    0xA400, 0xA400, 0xA400, 0xA400, 0xA400, 0xA3E0, 0xA3E0, 0xA3E0,
    0xA3E0, 0xA3E0, 0xA3E0, 0x9BE0, 0x9BE0, 0x9BE0, 0x9BE0, 0x9BC0,
    0x9BC0, 0x9BC0, 0x93C1, 0x93C1, 0x93C1, 0x93A1, 0x93A1, 0x93A1,
    0x93A1, 0x93A1, 0x93A1, 0x8B81, 0x8B81, 0x8B61, 0x8B61, 0x8B61,
    0x8B61, 0x8B61, 0x8341, 0x8341, 0x8341, 0x8341, 0x8341, 0x7B21,
    0x7B21, 0x7B21, 0x7B21, 0x7B21, 0x7B01, 0x7B01, 0x72E1, 0x72E1,
    0x72E1, 0x72E1, 0x72C1, 0x72C1, 0x6AC1, 0x6AC1, 0x6AC1, 0x6AA2,
    0x6AA2, 0x62A2, 0x62A2, 0x6282, 0x6282, 0x6282, 0x6282, 0x5A62,
    0x5A62, 0x5A42, 0x5A42, 0x5A42, 0x5A42, 0x5A42, 0x5222, 0x5222,
    0x5222, 0x5222, 0x4A02, 0x4A02, 0x4A02, 0x4A02, 0x49E2, 0x49E2,
    0x41E2, 0x41E2, 0x41C2, 0x41C2, 0x41A2, 0x41A2, 0x39A3, 0x39A3,
    0x3983, 0x3983, 0x3183, 0x3183, 0x3163, 0x3163, 0x3163, 0x3163,
    0x2943, 0x2943, 0x2943, 0x2943, 0x2943, 0x2923, 0x2923, 0x2103,
    0x2103, 0x2103, 0x2103, 0x18E3, 0x18E3, 0x18E3, 0x18E3, 0x18C3,
    0x18C3, 0x10C3, 0x10C3, 0x10A3, 0x10A3, 0x10A4, 0x10A4, 0x10A4,
    0x10A4, 0x10A4, 0x10A4, 0x10A4, 0x10A3, 0x10A3, 0x10C3, 0x10C3,
    0x18C3, 0x18C3, 0x18E3, 0x18E3, 0x18E3, 0x18E3, 0x2103, 0x2103,
    0x2103, 0x2103, 0x2923, 0x2923, 0xFF72, 0xFF72, 0xFF72, 0x2943,
    0x3163, 0x3163, 0x3163, 0x3163, 0x3183, 0x3183, 0x3983, 0x3983,
    0x39A3, 0x39A3, 0x39A3, 0x41A2, 0x41A2, 0x41C2, 0x41C2, 0x41E2,
    0x41E2, 0x49E2, 0x49E2, 0x4A02, 0x4A02, 0x4A02, 0x4A02, 0x5222,
    0x5222, 0x5222, 0x5222, 0x5A42, 0x5A42, 0x5A42, 0x5A42, 0x5A62,
    0x5A62, 0x6282, 0x6282, 0x6282, 0x6282, 0x6282, 0x62A2, 0x62A2,
    0x6AA2, 0x6AA2, 0x6AC1, 0x6AC1, 0x72C1, 0x72C1, 0x72E1, 0x72E1,
    0x72E1, 0x72E1, 0x72E1, 0x7B01, 0x7B01, 0x7B21, 0x7B21, 0x7B21,
    0x7B21, 0x8341, 0x8341, 0x8341, 0x8341, 0x8341, 0x8B61, 0x8B61,
    0x8B61, 0x8B61, 0x8B61, 0x8B81, 0x8B81, 0x93A1, 0x93A1, 0x93A1,
    0x93A1, 0x93A1, 0x93A1, 0x93C1, 0x93C1, 0x9BC0, 0x9BC0, 0x9BC0,
    0x9BC0, 0x9BE0, 0x9BE0, 0x9BE0, 0xA3E0, 0xA3E0, 0xA3E0, 0xA3E0,
    0xA3E0, 0xA400, 0xA400, 0xA400, 0xA400, 0xA400, 0xA400, 0xA400,
    0xA400, 0xA400, 0xA400, 0xA400, 0xA400, 0xA400, 0xA400, 0xA400,
    0xA3E0, 0xA3E0, 0xA3E0, 0xA3E0, 0xA3E0, 0x9BE0, 0x9BE0, 0x9BE0,
    0x9BC0, 0x9BC0, 0x9BC0, 0x9BC0, 0x93C1, 0x93C1, 0x93A1, 0x93A1,
    0x93A1, 0x93A1, 0x93A1, 0x93A1, 0x8B81, 0x8B81, 0x8B61, 0x8B61,
    0x8B61, 0x8B61, 0x8B61, 0x8341, 0x8341, 0x8341, 0x8341, 0x8341,
    0x7B21, 0x7B21, 0x7B21, 0x7B21, 0x7B01, 0x7B01, 0x72E1, 0x72E1,
    0x72E1, 0x72E1, 0x72E1, 0x72C1, 0x72C1, 0x6AC1, 0x6AC1, 0x6AA2,
    0x6AA2, 0x62A2, 0x62A2, 0x6282, 0x6282, 0x6282, 0x6282, 0x6282,
    0x5A62, 0x5A62, 0x5A42, 0x5A42, 0x5A42, 0x5A42, 0x5222, 0x5222,
    0x5222, 0x5222, 0x4A02, 0x4A02, 0x4A02, 0x4A02, 0x49E2, 0x49E2,
    0x41E2, 0x41E2, 0x41C2, 0x41C2, 0x41A2, 0x41A2, 0x39A3, 0x39A3,
    0x39A3, 0x3983, 0x3983, 0x3183, 0x3183, 0x3163, 0x3163, 0x3163,
    0x3163, 0x2943, 0x2943, 0x2943, 0x2943, 0x2923, 0x2923, 0x2103,
    0x2103, 0x2103, 0x2103, 0x18E3, 0x18E3, 0x18E3, 0x18E3, 0x18C3,
    0x18C3, 0x10C3, 0x10C3, 0x10A3, 0x10A3, 0x10A4, 0x10A4, 0x10A4,
    0x10A4, 0x10A4, 0x10A4, 0x10A4, 0x10A3, 0x10A3, 0x10C3, 0x10C3,
    0x18C3, 0x18C3, 0x18E3, 0x18E3, 0x18E3, 0x18E3, 0x2103, 0x2103,
    0x2103, 0x2103, 0x2923, 0xFF72, 0xFF72, 0xFF72, 0xFF72, 0xFF72,
    0x3163, 0x3163, 0x3163, 0x3163, 0x3183, 0x3183, 0x3983, 0x3983,
    0x39A3, 0x39A3, 0x41A2, 0x41A2, 0x41C2, 0x41C2, 0x41E2, 0x41E2,
    0x49E2, 0x49E2, 0x49E2, 0x4A02, 0x4A02, 0x4A02, 0x4A02, 0x5222,
    0x5222, 0x5222, 0x5222, 0x5A42, 0x5A42, 0x5A42, 0x5A42, 0x5A62,
    0x5A62, 0x6282, 0x6282, 0x6282, 0x6282, 0x62A2, 0x62A2, 0x6AA2,
    0x6AA2, 0x6AA2, 0x6AC1, 0x6AC1, 0x72C1, 0x72C1, 0x72E1, 0x72E1,
    0x72E1, 0x72E1, 0x7B01, 0x7B01, 0x7B21, 0x7B21, 0x7B21, 0x7B21,
    0x7B21, 0x8341, 0x8341, 0x8341, 0x8341, 0x8B61, 0x8B61, 0x8B61,
    0x8B61, 0x8B61, 0x8B81, 0x8B81, 0x8B81, 0x93A1, 0x93A1, 0x93A1,
    0x93A1, 0x93A1, 0x93C1, 0x93C1, 0x9BC0, 0x9BC0, 0x9BC0, 0x9BE0,
    0x9BE0, 0x9BE0, 0x9BE0, 0xA3E0, 0xA3E0, 0xA3E0, 0xA400, 0xA400,
    0xA400, 0xA400, 0xA400, 0xA400, 0xA400, 0xA400, 0xA400, 0xA400,
    0xA400, 0xA400, 0xA400, 0xA400, 0xA400, 0xA400, 0xA400, 0xA400,
    0xA400, 0xA400, 0xA400, 0xA3E0, 0xA3E0, 0xA3E0, 0x9BE0, 0x9BE0,
    0x9BE0, 0x9BE0, 0x9BC0, 0x9BC0, 0x9BC0, 0x93C1, 0x93C1, 0x93A1,
    0x93A1, 0x93A1, 0x93A1, 0x93A1, 0x8B81, 0x8B81, 0x8B81, 0x8B61,
    0x8B61, 0x8B61, 0x8B61, 0x8B61, 0x8341, 0x8341, 0x8341, 0x8341,
    0x7B21, 0x7B21, 0x7B21, 0x7B21, 0x7B21, 0x7B01, 0x7B01, 0x72E1,
    0x72E1, 0x72E1, 0x72E1, 0x72C1, 0x72C1, 0x6AC1, 0x6AC1, 0x6AA2,
    0x6AA2, 0x6AA2, 0x62A2, 0x62A2, 0x6282, 0x6282, 0x6282, 0x6282,
    0x5A62, 0x5A62, 0x5A42, 0x5A42, 0x5A42, 0x5A42, 0x5222, 0x5222,
    0x5222, 0x5222, 0x4A02, 0x4A02, 0x4A02, 0x4A02, 0x49E2, 0x49E2,
    0x49E2, 0x41E2, 0x41E2, 0x41C2, 0x41C2, 0x41A2, 0x41A2, 0x39A3,
    0x39A3, 0x3983, 0x3983, 0x3183, 0x3183, 0x3163, 0x3163, 0x3163,
    0x3163, 0x2943, 0x2943, 0x2943, 0x2943, 0x2923, 0x2923, 0x2103,
    0x2103, 0x2103, 0x2103, 0x18E3, 0x18E3, 0x18E3, 0x18E3, 0x18C3,
    0x18C3, 0x10C3, 0x10C3, 0x10A3, 0x10A3, 0x10A4, 0x10A4, 0x10A4,
    0x10A4, 0x10A4, 0x10A4, 0x10A4, 0x10A3, 0x10A3, 0x10C3, 0x10C3,
    0x18C3, 0x18C3, 0x18E3, 0x18E3, 0x18E3, 0x18E3, 0x2103, 0x2103,
    0xFF72, 0xFF72, 0xFF72, 0xFF72, 0xFF72, 0xFF72, 0xFF72, 0xFF72,
    0xFF72, 0xFF72, 0xFF72, 0x3163, 0x3183, 0x3183, 0x3983, 0x3983,
    0x39A3, 0x39A3, 0x41A2, 0x41A2, 0x41C2, 0x41C2, 0x41E2, 0x41E2,
    0x49E2, 0x49E2, 0x4A02, 0x4A02, 0x4A02, 0x4A02, 0x5222, 0x5222,
    0x5222, 0x5222, 0x5222, 0x5A42, 0x5A42, 0x5A42, 0x5A42, 0x5A62,
    0x5A62, 0x6282, 0x6282, 0x6282, 0x6282, 0x62A2, 0x62A2, 0x6AA2,
    0x6AA2, 0x6AC1, 0x6AC1, 0x72C1, 0x72C1, 0x72E1, 0x72E1, 0x72E1,
    0x72E1, 0x72E1, 0x7B01, 0x7B01, 0x7B21, 0x7B21, 0x7B21, 0x7B21,
    0x8341, 0x8341, 0x8341, 0x8341, 0x8341, 0x8B61, 0x8B61, 0x8B61,
    0x8B61, 0x8B81, 0x8B81, 0x8B81, 0x93A1, 0x93A1, 0x93A1, 0x93A1,
    0x93A1, 0x93C1, 0x93C1, 0x9BC0, 0x9BC0, 0x9BC0, 0x9BE0, 0x9BE0,
    0x9BE0, 0xA3E0, 0xA3E0, 0xA3E0, 0xA3E0, 0xA400, 0xA400, 0xA400,
    0xA400, 0xA400, 0xA400, 0xA400, 0xA400, 0xA400, 0xA400, 0xA400,
    0xA400, 0xA400, 0xA400, 0xA400, 0xA400, 0xA400, 0xA400, 0xA400,
    0xA400, 0xA400, 0xA400, 0xA400, 0xA3E0, 0xA3E0, 0xA3E0, 0xFF72,
    0x9BE0, 0x9BE0, 0x9BE0, 0x9BC0, 0x9BC0, 0x9BC0, 0x93C1, 0x93C1,
    0x93A1, 0x93A1, 0x93A1, 0x93A1, 0x93A1, 0x8B81, 0x8B81, 0x8B81,
    0x8B61, 0x8B61, 0x8B61, 0x8B61, 0x8341, 0x8341, 0x8341, 0x8341,
    0x8341, 0x7B21, 0x7B21, 0x7B21, 0x7B21, 0x7B01, 0x7B01, 0x72E1,
    0x72E1, 0x72E1, 0x72E1, 0x72E1, 0x72C1, 0x72C1, 0x6AC1, 0x6AC1,
    0x6AA2, 0x6AA2, 0x62A2, 0x62A2, 0x6282, 0x6282, 0x6282, 0x6282,
    0x5A62, 0x5A62, 0x5A42, 0x5A42, 0x5A42, 0x5A42, 0x5222, 0x5222,
    0x5222, 0x5222, 0x5222, 0x4A02, 0x4A02, 0x4A02, 0x4A02, 0x49E2,
    0x49E2, 0x41E2, 0x41E2, 0x41C2, 0x41C2, 0x41A2, 0x41A2, 0x39A3,
    0x39A3, 0x3983, 0x3983, 0x3183, 0x3183, 0x3163, 0x3163, 0x3163,
    0x3163, 0x2943, 0x2943, 0x2943, 0x2943, 0x2923, 0x2923, 0x2103,
    0x2103, 0x2103, 0x2103, 0x18E3, 0x18E3, 0x18E3, 0x18E3, 0x18C3,
    0x18C3, 0x10C3, 0x10C3, 0x10A3, 0x10A3, 0x10A4, 0x10A4, 0x10A4,
    0x10A4, 0x10A4, 0x10A4, 0x10A3, 0x10A3, 0x10C3, 0x10C3, 0x18C3,
    0x18C3, 0x18E3, 0x18E3, 0x18E3, 0x18E3, 0x18E3, 0x2103, 0x2103,
    0x2103, 0x2103, 0x2923, 0xFF72, 0xFF72, 0xFF72, 0xFF72, 0xFF72,
    0x3163, 0x3163, 0x3163, 0x3163, 0x3183, 0x3183, 0x3983, 0x3983,
    0x39A3, 0x39A3, 0x41A2, 0x41A2, 0x41C2, 0x41C2, 0x41E2, 0x41E2,
    0x49E2, 0x49E2, 0x4A02, 0x4A02, 0x4A02, 0x4A02, 0x5222, 0x5222,
    0x5222, 0x5222, 0x5A42, 0x5A42, 0x5A42, 0x5A42, 0x5A62, 0x5A62,
    0x5A62, 0x6282, 0x6282, 0x6282, 0x6282, 0x62A2, 0x62A2, 0x6AA2,
    0x6AA2, 0x6AC1, 0x6AC1, 0x72C1, 0x72C1, 0x72E1, 0x72E1, 0x72E1,
    0x72E1, 0x7B01, 0x7B01, 0x7B01, 0x7B21, 0x7B21, 0x7B21, 0x7B21,
    0x8341, 0x8341, 0x8341, 0x8341, 0x8B61, 0x8B61, 0x8B61, 0x8B61,
    0x8B61, 0x8B81, 0x8B81, 0x93A1, 0x93A1, 0x93A1, 0x93A1, 0x93A1,
    0x93C1, 0x93C1, 0x93C1, 0x9BC0, 0x9BC0, 0x9BE0, 0x9BE0, 0x9BE0,
    0xA3E0, 0xA3E0, 0xA3E0, 0xA400, 0xA400, 0xA400, 0xA400, 0xA400,
    0xA400, 0xA400, 0xA400, 0xA400, 0xAC20, 0xAC20, 0xAC20, 0xAC20,
    0xAC20, 0xAC20, 0xAC20, 0xAC20, 0xAC20, 0xA400, 0xA400, 0xA400,
    0xA400, 0xA400, 0xA400, 0xA400, 0xA400, 0xA400, 0xA3E0, 0xFF72,
    0xA3E0, 0x9BE0, 0x9BE0, 0x9BE0, 0x9BC0, 0x9BC0, 0x93C1, 0x93C1,
    0x93C1, 0x93A1, 0x93A1, 0x93A1, 0x93A1, 0x93A1, 0x8B81, 0x8B81,
    0x8B61, 0x8B61, 0x8B61, 0x8B61, 0x8B61, 0x8341, 0x8341, 0x8341,
    0x8341, 0x7B21, 0x7B21, 0x7B21, 0x7B21, 0x7B01, 0x7B01, 0x7B01,
    0x72E1, 0x72E1, 0x72E1, 0x72E1, 0x72C1, 0x72C1, 0x6AC1, 0x6AC1,
    0x6AA2, 0x6AA2, 0x62A2, 0x62A2, 0x6282, 0x6282, 0x6282, 0x6282,
    0x5A62, 0x5A62, 0x5A62, 0x5A42, 0x5A42, 0x5A42, 0x5A42, 0x5222,
    0x5222, 0x5222, 0x5222, 0x4A02, 0x4A02, 0x4A02, 0x4A02, 0x49E2,
    0x49E2, 0x41E2, 0x41E2, 0x41C2, 0x41C2, 0x41A2, 0x41A2, 0x39A3,
    0x39A3, 0x3983, 0x3983, 0x3183, 0x3183, 0x3163, 0x3163, 0x3163,
    0x3163, 0x2943, 0x2943, 0x2943, 0x2943, 0x2923, 0x2923, 0x2103,
    0x2103, 0x2103, 0x2103, 0x18E3, 0x18E3, 0x18E3, 0x18E3, 0x18E3,
    0x18C3, 0x18C3, 0x10C3, 0x10C3, 0x10A3, 0x10A3, 0x10A4, 0x10A4,
    0x10A4, 0x10A4, 0x10A4, 0x10A3, 0x10A3, 0x10C3, 0x10C3, 0x18C3,
    0x18C3, 0x18E3, 0x18E3, 0x18E3, 0x18E3, 0x2103, 0x2103, 0x2103,
    0x2103, 0x2923, 0x2923, 0x2943, 0xFF72, 0xFF72, 0xFF72, 0x3163,
    0x3163, 0x3163, 0x3163, 0x3163, 0x3183, 0x3183, 0x3983, 0x3983,
    0x39A3, 0x39A3, 0x41A2, 0x41A2, 0x41C2, 0x41C2, 0x41E2, 0x41E2,
    0x49E2, 0x49E2, 0x4A02, 0x4A02, 0x4A02, 0x4A02, 0x5222, 0x5222,
    0x5222, 0x5222, 0x5A42, 0x5A42, 0x5A42, 0x5A42, 0x5A62, 0x5A62,
    0x6282, 0x6282, 0x6282, 0x6282, 0x62A2, 0x62A2, 0x6AA2, 0x6AA2,
    0x6AA2, 0x6AC1, 0x6AC1, 0x72C1, 0x72C1, 0x72E1, 0x72E1, 0x72E1,
    0x72E1, 0x7B01, 0x7B01, 0x7B21, 0x7B21, 0x7B21, 0x7B21, 0x8341,
    0x8341, 0x8341, 0x8341, 0x8341, 0x8B61, 0x8B61, 0x8B61, 0x8B61,
    0x8B81, 0x8B81, 0x8B81, 0x93A1, 0x93A1, 0x93A1, 0x93A1, 0x93C1,
    0x93C1, 0x93C1, 0x9BC0, 0x9BC0, 0x9BE0, 0x9BE0, 0x9BE0, 0xA3E0,
    0xA3E0, 0xA3E0, 0xA400, 0xA400, 0xA400, 0xA400, 0xA400, 0xA400,
    0xA400, 0xAC20, 0xAC20, 0xAC20, 0xAC20, 0xAC20, 0xAC20, 0xAC20,
    0xAC20, 0xAC20, 0xAC20, 0xAC20, 0xAC20, 0xAC20, 0xAC20, 0xAC20,
    0xA400, 0xA400, 0xA400, 0xA400, 0xA400, 0xA400, 0xA400, 0xFF72,
    0xA3E0, 0xA3E0, 0x9BE0, 0x9BE0, 0x9BE0, 0x9BC0, 0x9BC0, 0x93C1,
    0x93C1, 0x93C1, 0x93A1, 0x93A1, 0x93A1, 0x93A1, 0x8B81, 0x8B81,
    0x8B81, 0x8B61, 0x8B61, 0x8B61, 0x8B61, 0x8341, 0x8341, 0x8341,
    0x8341, 0x8341, 0x7B21, 0x7B21, 0x7B21, 0x7B21, 0x7B01, 0x7B01,
    0x72E1, 0x72E1, 0x72E1, 0x72E1, 0x72C1, 0x72C1, 0x6AC1, 0x6AC1,
    0x6AA2, 0x6AA2, 0x6AA2, 0x62A2, 0x62A2, 0x6282, 0x6282, 0x6282,
    0x6282, 0x5A62, 0x5A62, 0x5A42, 0x5A42, 0x5A42, 0x5A42, 0x5222,
    0x5222, 0x5222, 0x5222, 0x4A02, 0x4A02, 0x4A02, 0x4A02, 0x49E2,
    0x49E2, 0x41E2, 0x41E2, 0x41C2, 0x41C2, 0x41A2, 0x41A2, 0x39A3,
    0x39A3, 0x3983, 0x3983, 0x3183, 0x3183, 0x3163, 0x3163, 0x3163,
    0x3163, 0x3163, 0x2943, 0x2943, 0x2943, 0x2943, 0x2923, 0x2923,
    0x2103, 0x2103, 0x2103, 0x2103, 0x18E3, 0x18E3, 0x18E3, 0x18E3,
    0x18C3, 0x18C3, 0x10C3, 0x10C3, 0x10A3, 0x10A3, 0x10A4, 0x10A4,
    0x10A4, 0x10A4, 0x10A4, 0x10A3, 0x10A3, 0x10C3, 0x10C3, 0x18C3,
    0x18C3, 0x18E3, 0x18E3, 0x18E3, 0x18E3, 0x2103, 0x2103, 0x2103,
    0x2103, 0x2923, 0x2923, 0x2943, 0x2943, 0xFF72, 0x2943, 0x3163,
    0x3163, 0x3163, 0x3163, 0x3183, 0x3183, 0x3983, 0x3983, 0x39A3,
    0x39A3, 0x41A2, 0x41A2, 0x41A2, 0x41C2, 0x41C2, 0x41E2, 0x41E2,
    0x49E2, 0x49E2, 0x4A02, 0x4A02, 0x4A02, 0x4A02, 0x5222, 0x5222,
    0x5222, 0x5222, 0x5A42, 0x5A42, 0x5A42, 0x5A42, 0x5A62, 0x5A62,
    0x6282, 0x6282, 0x6282, 0x6282, 0x62A2, 0x62A2, 0x6AA2, 0x6AA2,
    0x6AC1, 0x6AC1, 0x72C1, 0x72C1, 0x72E1, 0x72E1, 0x72E1, 0x72E1,
    0x72E1, 0x7B01, 0x7B01, 0x7B21, 0x7B21, 0x7B21, 0x7B21, 0x8341,
    0x8341, 0x8341, 0x8341, 0x8B61, 0x8B61, 0x8B61, 0x8B61, 0x8B61,
    0x8B81, 0x8B81, 0x93A1, 0x93A1, 0x93A1, 0x93A1, 0x93A1, 0x93C1,
    0x93C1, 0x9BC0, 0x9BC0, 0x9BC0, 0x9BE0, 0x9BE0, 0xA3E0, 0xA3E0,
    0xA3E0, 0xA400, 0xA400, 0xA400, 0xA400, 0xA400, 0xA400, 0xAC20,
    0xAC20, 0xAC20, 0xAC20, 0xAC20, 0xAC20, 0xAC40, 0xAC40, 0xAC40,
    0xAC40, 0xAC40, 0xAC40, 0xAC40, 0xAC20, 0xAC20, 0xAC20, 0xAC20,
    0xAC20, 0xAC20, 0xA400, 0xA400, 0xA400, 0xA400, 0xA400, 0xFF72,
    0xA3E0, 0xA3E0, 0xA3E0, 0x9BE0, 0x9BE0, 0x9BC0, 0x9BC0, 0x9BC0,
    0x93C1, 0x93C1, 0x93A1, 0x93A1, 0x93A1, 0x93A1, 0x93A1, 0x8B81,
    0x8B81, 0x8B61, 0x8B61, 0x8B61, 0x8B61, 0x8B61, 0x8341, 0x8341,
    0x8341, 0x8341, 0x7B21, 0x7B21, 0x7B21, 0x7B21, 0x7B01, 0x7B01,
    0x72E1, 0x72E1, 0x72E1, 0x72E1, 0x72E1, 0x72C1, 0x72C1, 0x6AC1,
    0x6AC1, 0x6AA2, 0x6AA2, 0x62A2, 0x62A2, 0x6282, 0x6282, 0x6282,
    0x6282, 0x5A62, 0x5A62, 0x5A42, 0x5A42, 0x5A42, 0x5A42, 0x5222,
    0x5222, 0x5222, 0x5222, 0x4A02, 0x4A02, 0x4A02, 0x4A02, 0x49E2,
    0x49E2, 0x41E2, 0x41E2, 0x41C2, 0x41C2, 0x41A2, 0x41A2, 0x41A2,
    0x39A3, 0x39A3, 0x3983, 0x3983, 0x3183, 0x3183, 0x3163, 0x3163,
    0x3163, 0x3163, 0x2943, 0x2943, 0x2943, 0x2943, 0x2923, 0x2923,
    0x2103, 0x2103, 0x2103, 0x2103, 0x18E3, 0x18E3, 0x18E3, 0x18E3,
    0x18C3, 0x18C3, 0x10C3, 0x10C3, 0x10A3, 0x10A3, 0x10A4, 0x10A4,
    0x10A4, 0x10A4, 0x10A4, 0x10A3, 0x10A3, 0x10C3, 0x10C3, 0x18C3,
    0x18C3, 0x18E3, 0x18E3, 0x18E3, 0x18E3, 0x2103, 0x2103, 0x2103,
    0x2103, 0x2923, 0xFF72, 0x2943, 0x2943, 0xFF72, 0x2943, 0x3163,
    0x3163, 0x3163, 0x3163, 0x3183, 0x3183, 0x3983, 0x3983, 0x39A3,
    0x39A3, 0x41A2, 0x41A2, 0x41C2, 0x41C2, 0x41E2, 0x41E2, 0x49E2,
    0x49E2, 0x4A02, 0x4A02, 0x4A02, 0x4A02, 0x5222, 0x5222, 0x5222,
    0x5222, 0x5222, 0x5A42, 0x5A42, 0x5A42, 0x5A42, 0x5A62, 0x5A62,
    0x6282, 0x6282, 0x6282, 0x6282, 0x62A2, 0x62A2, 0x6AA2, 0x6AA2,
    0x6AC1, 0x6AC1, 0x72C1, 0x72C1, 0x72E1, 0x72E1, 0x72E1, 0x72E1,
    0x7B01, 0x7B01, 0x7B21, 0x7B21, 0x7B21, 0x7B21, 0x7B21, 0x8341,
    0x8341, 0x8341, 0x8341, 0x8B61, 0x8B61, 0x8B61, 0x8B61, 0x8B81,
    0x8B81, 0x93A1, 0x93A1, 0x93A1, 0x93A1, 0x93A1, 0x93C1, 0x93C1,
    0x9BC0, 0x9BC0, 0x9BC0, 0x9BE0, 0x9BE0, 0xA3E0, 0xA3E0, 0xA3E0,
    0xA400, 0xA400, 0xA400, 0xA400, 0xA400, 0xA400, 0xAC20, 0xAC20,
    0xAC20, 0xAC20, 0xAC40, 0xAC40, 0xAC40, 0xAC40, 0xAC40, 0xAC40,
    0xAC40, 0xAC40, 0xAC40, 0xAC40, 0xAC40, 0xAC40, 0xAC40, 0xAC20,
    0xAC20, 0xAC20, 0xAC20, 0xFF72, 0xFF72, 0xFF72, 0xFF72, 0xFF72,
    0xFF72, 0xFF72, 0xFF72, 0xFF72, 0x9BE0, 0x9BE0, 0x9BC0, 0x9BC0,
    0x9BC0, 0x93C1, 0x93C1, 0x93A1, 0x93A1, 0x93A1, 0x93A1, 0x93A1,
    0x8B81, 0x8B81, 0x8B61, 0x8B61, 0x8B61, 0x8B61, 0x8341, 0x8341,
    0x8341, 0x8341, 0x7B21, 0x7B21, 0x7B21, 0x7B21, 0x7B21, 0x7B01,
    0x7B01, 0x72E1, 0x72E1, 0x72E1, 0x72E1, 0x72C1, 0x72C1, 0x6AC1,
    0x6AC1, 0x6AA2, 0x6AA2, 0x62A2, 0x62A2, 0x6282, 0x6282, 0x6282,
    0x6282, 0x5A62, 0x5A62, 0x5A42, 0x5A42, 0x5A42, 0x5A42, 0x5222,
    0x5222, 0x5222, 0x5222, 0x5222, 0x4A02, 0x4A02, 0x4A02, 0x4A02,
    0x49E2, 0x49E2, 0x41E2, 0x41E2, 0x41C2, 0x41C2, 0x41A2, 0x41A2,
    0x39A3, 0x39A3, 0x3983, 0x3983, 0x3183, 0x3183, 0x3163, 0x3163,
    0x3163, 0x3163, 0x2943, 0x2943, 0x2943, 0x2943, 0x2923, 0x2923,
    0x2103, 0x2103, 0x2103, 0x2103, 0x18E3, 0x18E3, 0x18E3, 0x18E3,
    0x18C3, 0x18C3, 0x10C3, 0x10C3, 0x10A3, 0x10A3, 0x10A4, 0x10A4,
    0x10A4, 0x10A4, 0x10A4, 0x10A3, 0x10A3, 0x10C3, 0x10C3, 0x18C3,
    0x18C3, 0x18E3, 0x18E3, 0x18E3, 0x18E3, 0x2103, 0x2103, 0x2103,
    0x2103, 0x2923, 0xFF72, 0x2943, 0x2943, 0xFF72, 0x2943, 0x3163,
    0x3163, 0x3163, 0x3163, 0x3183, 0x3183, 0x3983, 0x3983, 0x39A3,
    0x39A3, 0x41A2, 0x41A2, 0x41C2, 0x41C2, 0x41E2, 0x41E2, 0x49E2,
    0x49E2, 0x4A02, 0x4A02, 0x4A02, 0x4A02, 0x5222, 0x5222, 0x5222,
    0x5222, 0x5A42, 0x5A42, 0x5A42, 0x5A42, 0x5A62, 0x5A62, 0x5A62,
    0x6282, 0x6282, 0x6282, 0x6282, 0x62A2, 0x62A2, 0x6AA2, 0x6AA2,
    0x6AC1, 0x6AC1, 0x72C1, 0x72C1, 0x72E1, 0x72E1, 0x72E1, 0x72E1,
    0x7B01, 0x7B01, 0x7B21, 0x7B21, 0x7B21, 0x7B21, 0x8341, 0x8341,
    0x8341, 0x8341, 0x8341, 0x8B61, 0x8B61, 0x8B61, 0x8B61, 0x8B81,
    0x8B81, 0x93A1, 0x93A1, 0x93A1, 0x93A1, 0x93C1, 0x93C1, 0x93C1,
    0x9BC0, 0x9BC0, 0x9BE0, 0x9BE0, 0x9BE0, 0xA3E0, 0xA3E0, 0xA400,
    0xA400, 0xA400, 0xA400, 0xA400, 0xA400, 0xAC20, 0xAC20, 0xAC20,
    0xAC40, 0xAC40, 0xAC40, 0xAC40, 0xAC40, 0xAC40, 0xAC40, 0xAC40,
    0xAC40, 0xAC40, 0xAC40, 0xAC40, 0xAC40, 0xAC40, 0xAC40, 0xAC40,
    0xAC40, 0xAC20, 0xAC20, 0xAC20, 0xA400, 0xA400, 0xA400, 0xFF72,
    0xA400, 0xA400, 0xA3E0, 0xA3E0, 0x9BE0, 0x9BE0, 0x9BE0, 0x9BC0,
    0x9BC0, 0x93C1, 0x93C1, 0x93C1, 0x93A1, 0x93A1, 0x93A1, 0x93A1,
    0x8B81, 0x8B81, 0x8B61, 0x8B61, 0x8B61, 0x8B61, 0x8341, 0x8341,
    0x8341, 0x8341, 0x8341, 0x7B21, 0x7B21, 0x7B21, 0x7B21, 0x7B01,
    0x7B01, 0x72E1, 0x72E1, 0x72E1, 0x72E1, 0x72C1, 0x72C1, 0x6AC1,
    0x6AC1, 0x6AA2, 0x6AA2, 0x62A2, 0x62A2, 0x6282, 0x6282, 0x6282,
    0x6282, 0x5A62, 0x5A62, 0x5A62, 0x5A42, 0x5A42, 0x5A42, 0x5A42,
    0x5222, 0x5222, 0x5222, 0x5222, 0x4A02, 0x4A02, 0x4A02, 0x4A02,
    0x49E2, 0x49E2, 0x41E2, 0x41E2, 0x41C2, 0x41C2, 0x41A2, 0x41A2,
    0x39A3, 0x39A3, 0x3983, 0x3983, 0x3183, 0x3183, 0x3163, 0x3163,
    0x3163, 0x3163, 0x2943, 0x2943, 0x2943, 0x2943, 0x2923, 0x2923,
    0x2103, 0x2103, 0x2103, 0x2103, 0x18E3, 0x18E3, 0x18E3, 0x18E3,
    0x18C3, 0x18C3, 0x10C3, 0x10C3, 0x10A3, 0x10A3, 0x10A4, 0x10A4,
    0x10A4, 0x10A4, 0x10A4, 0x10A3, 0x10A3, 0x10C3, 0x10C3, 0x18C3,
    0x18C3, 0x18E3, 0x18E3, 0x18E3, 0x18E3, 0x2103, 0x2103, 0x2103,
    0x2103, 0x2923, 0xFF72, 0x2943, 0x2943, 0x2943, 0x2943, 0x3163,
    0x3163, 0x3163, 0x3163, 0x3183, 0x3183, 0x3983, 0x3983, 0x39A3,
    0x39A3, 0x41A2, 0x41A2, 0x41C2, 0x41C2, 0x41E2, 0x41E2, 0x49E2,
    0x49E2, 0x4A02, 0x4A02, 0x4A02, 0x4A02, 0x5222, 0x5222, 0x5222,
    0x5222, 0x5A42, 0x5A42, 0x5A42, 0x5A42, 0x5A62, 0x5A62, 0x6282,
    0x6282, 0x6282, 0x6282, 0x62A2, 0x62A2, 0x6AA2, 0x6AA2, 0x6AC1,
    0x6AC1, 0x6AC1, 0x72C1, 0x72C1, 0x72E1, 0x72E1, 0x72E1, 0x72E1,
    0x7B01, 0x7B01, 0x7B21, 0x7B21, 0x7B21, 0x7B21, 0x8341, 0x8341,
    0x8341, 0x8341, 0x8B61, 0x8B61, 0x8B61, 0x8B61, 0x8B81, 0x8B81,
    0x8B81, 0x93A1, 0x93A1, 0x93A1, 0x93A1, 0x93C1, 0x93C1, 0x9BC0,
    0x9BC0, 0x9BE0, 0x9BE0, 0x9BE0, 0xA3E0, 0xA3E0, 0xA400, 0xA400,
    0xA400, 0xA400, 0xA400, 0xA400, 0xAC20, 0xAC20, 0xAC20, 0xAC40,
    0xAC40, 0xAC40, 0xAC40, 0xAC40, 0xAC40, 0xAC40, 0xAC40, 0xAC40,
    0xAC40, 0xAC40, 0xAC40, 0xAC40, 0xAC40, 0xAC40, 0xAC40, 0xAC40,
    0xAC40, 0xAC40, 0xAC20, 0xAC20, 0xAC20, 0xA400, 0xA400, 0xFF72,
    0xA400, 0xA400, 0xA400, 0xA3E0, 0xA3E0, 0x9BE0, 0x9BE0, 0x9BE0,
    0x9BC0, 0x9BC0, 0x93C1, 0x93C1, 0x93A1, 0x93A1, 0x93A1, 0x93A1,
    0x8B81, 0x8B81, 0x8B81, 0x8B61, 0x8B61, 0x8B61, 0x8B61, 0x8341,
    0x8341, 0x8341, 0x8341, 0x7B21, 0x7B21, 0x7B21, 0x7B21, 0x7B01,
    0x7B01, 0x72E1, 0x72E1, 0x72E1, 0x72E1, 0x72C1, 0x72C1, 0x6AC1,
    0x6AC1, 0x6AC1, 0x6AA2, 0x6AA2, 0x62A2, 0x62A2, 0x6282, 0x6282,
    0x6282, 0x6282, 0x5A62, 0x5A62, 0x5A42, 0x5A42, 0x5A42, 0x5A42,
    0x5222, 0x5222, 0x5222, 0x5222, 0x4A02, 0x4A02, 0x4A02, 0x4A02,
    0x49E2, 0x49E2, 0x41E2, 0x41E2, 0x41C2, 0x41C2, 0x41A2, 0x41A2,
    0x39A3, 0x39A3, 0x3983, 0x3983, 0x3183, 0x3183, 0x3163, 0x3163,
    0x3163, 0x3163, 0x2943, 0x2943, 0x2943, 0x2943, 0x2923, 0x2923,
    0x2103, 0x2103, 0x2103, 0x2103, 0x18E3, 0x18E3, 0x18E3, 0x18E3,
    0x18C3, 0x18C3, 0x10C3, 0x10C3, 0x10A3, 0x10A3, 0x10A4, 0x10A4,
    0x10A4, 0x10A4, 0x10A4, 0x10A3, 0x10A3, 0x10C3, 0x10C3, 0x18C3,
    0x18C3, 0x18E3, 0x18E3, 0x18E3, 0x18E3, 0x2103, 0x2103, 0x2103,
    0x2103, 0x2923, 0xFF72, 0x2943, 0x2943, 0x2943, 0x2943, 0x3163,
    0x3163, 0x3163, 0x3163, 0x3183, 0x3183, 0x3983, 0x3983, 0x39A3,
    0x39A3, 0x41A2, 0x41A2, 0x41C2, 0x41C2, 0x41E2, 0x41E2, 0x49E2,
    0x49E2, 0x4A02, 0x4A02, 0x4A02, 0x4A02, 0x5222, 0x5222, 0x5222,
    0x5222, 0x5A42, 0x5A42, 0x5A42, 0x5A42, 0x5A62, 0x5A62, 0x6282,
    0x6282, 0x6282, 0x6282, 0x62A2, 0x62A2, 0x6AA2, 0x6AA2, 0x6AC1,
    0x6AC1, 0x72C1, 0x72C1, 0x72E1, 0x72E1, 0x72E1, 0x72E1, 0x7B01,
    0x7B01, 0x7B01, 0x7B21, 0x7B21, 0x7B21, 0x7B21, 0x8341, 0x8341,
    0x8341, 0x8341, 0x8B61, 0x8B61, 0x8B61, 0x8B61, 0x8B81, 0x8B81,
    0x93A1, 0x93A1, 0x93A1, 0x93A1, 0x93A1, 0x93C1, 0x93C1, 0x9BC0,
    0x9BC0, 0x9BE0, 0x9BE0, 0xA3E0, 0xA3E0, 0xA3E0, 0xA400, 0xA400,
    0xA400, 0xA400, 0xA400, 0xAC20, 0xAC20, 0xAC40, 0xAC40, 0xAC40,
    0xAC40, 0xAC40, 0xAC40, 0xAC40, 0xAC40, 0xB460, 0xB460, 0xB460,
    0xB460, 0xB460, 0xB460, 0xB460, 0xAC40, 0xAC40, 0xAC40, 0xAC40,
    0xAC40, 0xAC40, 0xAC40, 0xAC40, 0xAC20, 0xAC20, 0xA400, 0xFF72,
    0xA400, 0xA400, 0xA400, 0xA3E0, 0xA3E0, 0xA3E0, 0x9BE0, 0x9BE0,
    0x9BC0, 0x9BC0, 0x93C1, 0x93C1, 0x93A1, 0x93A1, 0x93A1, 0x93A1,
    0x93A1, 0x8B81, 0x8B81, 0x8B61, 0x8B61, 0x8B61, 0x8B61, 0x8341,
    0x8341, 0x8341, 0x8341, 0x7B21, 0x7B21, 0x7B21, 0x7B21, 0x7B01,
    0x7B01, 0x7B01, 0x72E1, 0x72E1, 0x72E1, 0x72E1, 0x72C1, 0x72C1,
    0x6AC1, 0x6AC1, 0x6AA2, 0x6AA2, 0x62A2, 0x62A2, 0x6282, 0x6282,
    0x6282, 0x6282, 0x5A62, 0x5A62, 0x5A42, 0x5A42, 0x5A42, 0x5A42,
    0x5222, 0x5222, 0x5222, 0x5222, 0x4A02, 0x4A02, 0x4A02, 0x4A02,
    0x49E2, 0x49E2, 0x41E2, 0x41E2, 0x41C2, 0x41C2, 0x41A2, 0x41A2,
    0x39A3, 0x39A3, 0x3983, 0x3983, 0x3183, 0x3183, 0x3163, 0x3163,
    0x3163, 0x3163, 0x2943, 0x2943, 0x2943, 0x2943, 0x2923, 0x2923,
    0x2103, 0x2103, 0x2103, 0x2103, 0x18E3, 0x18E3, 0x18E3, 0x18E3,
    0x18C3, 0x18C3, 0x10C3, 0x10C3, 0x10A3, 0x10A3, 0x10A4, 0x10A4,
    0x10A4, 0x10A4, 0x10A4, 0x10A3, 0x10A3, 0x10C3, 0x10C3, 0x18C3,
    0x18C3, 0x18E3, 0x18E3, 0x18E3, 0x18E3, 0x2103, 0xFF72, 0xFF72,
    0xFF72, 0xFF72, 0xFF72, 0xFF72, 0xFF72, 0xFF72, 0xFF72, 0x3163,
    0x3163, 0x3163, 0x3163, 0x3183, 0x3183, 0x3983, 0x3983, 0x39A3,
    0x39A3, 0x41A2, 0x41A2, 0x41C2, 0x41C2, 0x41E2, 0x41E2, 0x49E2,
    0x49E2, 0x4A02, 0x4A02, 0x4A02, 0x4A02, 0x5222, 0x5222, 0x5222,
    0x5222, 0x5A42, 0x5A42, 0x5A42, 0x5A42, 0x5A62, 0x5A62, 0x6282,
    0x6282, 0x6282, 0x6282, 0x62A2, 0x62A2, 0x6AA2, 0x6AA2, 0x6AC1,
    0x6AC1, 0x72C1, 0x72C1, 0x72E1, 0x72E1, 0x72E1, 0x72E1, 0x7B01,
    0x7B01, 0x7B21, 0x7B21, 0x7B21, 0x7B21, 0x8341, 0x8341, 0x8341,
    0x8341, 0x8341, 0x8B61, 0x8B61, 0x8B61, 0x8B61, 0x8B81, 0x8B81,
    0x93A1, 0x93A1, 0x93A1, 0x93A1, 0x93C1, 0x93C1, 0x9BC0, 0x9BC0,
    0x9BE0, 0x9BE0, 0x9BE0, 0xA3E0, 0xA3E0, 0xA400, 0xA400, 0xA400,
    0xA400, 0xA400, 0xAC20, 0xAC20, 0xAC40, 0xAC40, 0xAC40, 0xAC40,
    0xAC40, 0xAC40, 0xAC40, 0xB460, 0xB460, 0xB460, 0xB460, 0xB460,
    0xB460, 0xB460, 0xB460, 0xB460, 0xB460, 0xB460, 0xAC40, 0xAC40,
    0xAC40, 0xAC40, 0xAC40, 0xAC40, 0xAC40, 0xAC20, 0xAC20, 0xFF72,
    0xA400, 0xA400, 0xA400, 0xA400, 0xA3E0, 0xA3E0, 0x9BE0, 0x9BE0,
    0x9BE0, 0x9BC0, 0x9BC0, 0x93C1, 0x93C1, 0x93A1, 0x93A1, 0x93A1,
    0x93A1, 0x8B81, 0x8B81, 0x8B61, 0x8B61, 0x8B61, 0x8B61, 0x8341,
    0x8341, 0x8341, 0x8341, 0x8341, 0x7B21, 0x7B21, 0x7B21, 0x7B21,
    0x7B01, 0x7B01, 0x72E1, 0x72E1, 0x72E1, 0x72E1, 0x72C1, 0x72C1,
    0x6AC1, 0x6AC1, 0x6AA2, 0x6AA2, 0x62A2, 0x62A2, 0x6282, 0x6282,
    0x6282, 0x6282, 0x5A62, 0x5A62, 0x5A42, 0x5A42, 0x5A42, 0x5A42,
    0x5222, 0x5222, 0x5222, 0x5222, 0x4A02, 0x4A02, 0x4A02, 0x4A02,
    0x49E2, 0x49E2, 0x41E2, 0x41E2, 0x41C2, 0x41C2, 0x41A2, 0x41A2,
    0x39A3, 0x39A3, 0x3983, 0x3983, 0x3183, 0x3183, 0x3163, 0x3163,
    0x3163, 0x3163, 0x2943, 0x2943, 0x2943, 0x2943, 0x2923, 0x2923,
    0x2103, 0x2103, 0x2103, 0x2103, 0x18E3, 0x18E3, 0x18E3, 0x18E3,
    0x18C3, 0x18C3, 0x10C3, 0x10C3, 0x10A3, 0x10A3, 0x10A4, 0x10A4,
    0x10A4, 0x10A4, 0x10A3, 0x10A3, 0x10C3, 0x10C3, 0x18C3, 0x18C3,
    0x18E3, 0x18E3, 0x18E3, 0x18E3, 0x2103, 0x2103, 0x2103, 0x2103,
    0x2923, 0x2923, 0xFF72, 0x2943, 0x2943, 0x2943, 0x2943, 0x3163,
    0x3163, 0x3163, 0x3163, 0x3183, 0x3183, 0x3983, 0x3983, 0x39A3,
    0x39A3, 0x41A2, 0x41A2, 0x41C2, 0x41C2, 0x41E2, 0x41E2, 0x49E2,
    0x49E2, 0x4A02, 0x4A02, 0x4A02, 0x4A02, 0x5222, 0x5222, 0x5222,
    0x5222, 0x5A42, 0x5A42, 0x5A42, 0x5A42, 0x5A62, 0x5A62, 0x6282,
    0x6282, 0x6282, 0x6282, 0x62A2, 0x62A2, 0x6AA2, 0x6AA2, 0x6AC1,
    0x6AC1, 0x72C1, 0x72C1, 0x72E1, 0x72E1, 0x72E1, 0x72E1, 0x7B01,
    0x7B01, 0x7B21, 0x7B21, 0x7B21, 0x7B21, 0x8341, 0x8341, 0x8341,
    0x8341, 0x8B61, 0x8B61, 0x8B61, 0x8B61, 0x8B81, 0x8B81, 0x8B81,
    0x93A1, 0x93A1, 0x93A1, 0x93A1, 0x93C1, 0x93C1, 0x9BC0, 0x9BC0,
    0x9BE0, 0x9BE0, 0xA3E0, 0xA3E0, 0xA400, 0xA400, 0xA400, 0xA400,
    0xA400, 0xAC20, 0xAC20, 0xAC20, 0xAC40, 0xAC40, 0xAC40, 0xAC40,
    0xAC40, 0xB460, 0xB460, 0xB460, 0xB460, 0xB460, 0xB460, 0xB460,
    0xB460, 0xB460, 0xB460, 0xB460, 0xB460, 0xB460, 0xB460, 0xB460,
    0xAC40, 0xAC40, 0xAC40, 0xAC40, 0xAC40, 0xAC20, 0xAC20, 0xAC20,
    0xA400, 0xA400, 0xA400, 0xA400, 0xA400, 0xA3E0, 0xA3E0, 0x9BE0,
    0x9BE0, 0x9BC0, 0x9BC0, 0x93C1, 0x93C1, 0x93A1, 0x93A1, 0x93A1,
    0x93A1, 0x8B81, 0x8B81, 0x8B81, 0x8B61, 0x8B61, 0x8B61, 0x8B61,
    0x8341, 0x8341, 0x8341, 0x8341, 0x7B21, 0x7B21, 0x7B21, 0x7B21,
    0x7B01, 0x7B01, 0x72E1, 0x72E1, 0x72E1, 0x72E1, 0x72C1, 0x72C1,
    0x6AC1, 0x6AC1, 0x6AA2, 0x6AA2, 0x62A2, 0x62A2, 0x6282, 0x6282,
    0x6282, 0x6282, 0x5A62, 0x5A62, 0x5A42, 0x5A42, 0x5A42, 0x5A42,
    0x5222, 0x5222, 0x5222, 0x5222, 0x4A02, 0x4A02, 0x4A02, 0x4A02,
    0x49E2, 0x49E2, 0x41E2, 0x41E2, 0x41C2, 0x41C2, 0x41A2, 0x41A2,
    0x39A3, 0x39A3, 0x3983, 0x3983, 0x3183, 0x3183, 0x3163, 0x3163,
    0x3163, 0x3163, 0x2943, 0x2943, 0x2943, 0x2943, 0x2943, 0x2923,
    0x2923, 0x2103, 0x2103, 0x2103, 0x2103, 0x18E3, 0x18E3, 0x18E3,
    0x18E3, 0x18C3, 0x18C3, 0x10C3, 0x10C3, 0x10A3, 0x10A3, 0x10A4,
    0x10A4, 0x10A4, 0x10A3, 0x10A3, 0x10C3, 0x10C3, 0x18C3, 0x18C3,
    0x18E3, 0x18E3, 0x18E3, 0x18E3, 0x2103, 0x2103, 0x2103, 0x2103,
    0x2923, 0x2923, 0xFF72, 0x2943, 0x2943, 0x2943, 0x3163, 0x3163,
    0x3163, 0x3163, 0x3183, 0x3183, 0x3983, 0x3983, 0x39A3, 0x39A3,
    0x41A2, 0x41A2, 0x41C2, 0x41C2, 0x41E2, 0x41E2, 0x49E2, 0x49E2,
    0x49E2, 0x4A02, 0x4A02, 0x4A02, 0x4A02, 0x5222, 0x5222, 0x5222,
    0x5222, 0x5A42, 0x5A42, 0x5A42, 0x5A42, 0x5A62, 0x5A62, 0x6282,
    0x6282, 0x6282, 0x6282, 0x62A2, 0x62A2, 0x6AA2, 0x6AA2, 0x6AC1,
    0x6AC1, 0x72C1, 0x72C1, 0x72E1, 0x72E1, 0x72E1, 0x72E1, 0x7B01,
    0x7B01, 0x7B21, 0x7B21, 0x7B21, 0x7B21, 0x8341, 0x8341, 0x8341,
    0x8341, 0x8B61, 0x8B61, 0x8B61, 0x8B61, 0x8B81, 0x8B81, 0x93A1,
    0x93A1, 0x93A1, 0x93A1, 0x93C1, 0x93C1, 0x9BC0, 0x9BC0, 0x9BC0,
    0x9BE0, 0x9BE0, 0xA3E0, 0xA3E0, 0xA400, 0xA400, 0xA400, 0xA400,
    0xAC20, 0xAC20, 0xAC20, 0xAC40, 0xAC40, 0xAC40, 0xAC40, 0xAC40,
    0xB460, 0xB460, 0xB460, 0xB460, 0xB460, 0xB460, 0xB460, 0xB460,
    0xB460, 0xB460, 0xB460, 0xB460, 0xB460, 0xB460, 0xB460, 0xB460,
    0xB460, 0xAC40, 0xAC40, 0xAC40, 0xAC40, 0xAC40, 0xAC20, 0xAC20,
    0xAC20, 0xA400, 0xA400, 0xA400, 0xA400, 0xA3E0, 0xA3E0, 0x9BE0,
    0x9BE0, 0x9BC0, 0x9BC0, 0x9BC0, 0x93C1, 0x93C1, 0x93A1, 0x93A1,
    0x93A1, 0x93A1, 0x8B81, 0x8B81, 0x8B61, 0x8B61, 0x8B61, 0x8B61,
    0x8341, 0x8341, 0x8341, 0x8341, 0x7B21, 0x7B21, 0x7B21, 0x7B21,
    0x7B01, 0x7B01, 0x72E1, 0x72E1, 0x72E1, 0x72E1, 0x72C1, 0x72C1,
    0x6AC1, 0x6AC1, 0x6AA2, 0x6AA2, 0x62A2, 0x62A2, 0x6282, 0x6282,
    0x6282, 0x6282, 0x5A62, 0x5A62, 0x5A42, 0x5A42, 0x5A42, 0x5A42,
    0x5222, 0x5222, 0x5222, 0x5222, 0x4A02, 0x4A02, 0x4A02, 0x4A02,
    0x49E2, 0x49E2, 0x49E2, 0x41E2, 0x41E2, 0x41C2, 0x41C2, 0x41A2,
    0x41A2, 0x39A3, 0x39A3, 0x3983, 0x3983, 0x3183, 0x3183, 0x3163,
    0x3163, 0x3163, 0x3163, 0x2943, 0x2943, 0x2943, 0x2943, 0x2923,
    0x2923, 0x2103, 0x2103, 0x2103, 0x2103, 0x18E3, 0x18E3, 0x18E3,
    0x18E3, 0x18C3, 0x18C3, 0x10C3, 0x10C3, 0x10A3, 0x10A3, 0x10A4,
    0x10A4, 0x10A4, 0x10A3, 0x10A3, 0x10C3, 0x10C3, 0x18C3, 0x18C3,
    0x18E3, 0x18E3, 0x18E3, 0x18E3, 0x2103, 0x2103, 0x2103, 0x2103,
    0x2923, 0x2923, 0xFF72, 0x2943, 0x2943, 0x2943, 0x3163, 0x3163,
    0x3163, 0x3163, 0x3183, 0x3183, 0x3983, 0x3983, 0x39A3, 0x39A3,
    0x41A2, 0x41A2, 0x41C2, 0x41C2, 0x41E2, 0x41E2, 0x49E2, 0x49E2,
    0x4A02, 0x4A02, 0x4A02, 0x4A02, 0x5222, 0x5222, 0x5222, 0x5222,
    0x5A42, 0x5A42, 0x5A42, 0x5A42, 0x5A62, 0x5A62, 0x6282, 0x6282,
    0x6282, 0x6282, 0x6282, 0x62A2, 0x62A2, 0x6AA2, 0x6AA2, 0x6AC1,
    0x6AC1, 0x72C1, 0x72C1, 0x72E1, 0x72E1, 0x72E1, 0x72E1, 0x7B01,
    0x7B01, 0x7B21, 0x7B21, 0x7B21, 0x7B21, 0x8341, 0x8341, 0x8341,
    0x8341, 0x8B61, 0x8B61, 0x8B61, 0x8B61, 0x8B81, 0x8B81, 0x93A1,
    0x93A1, 0x93A1, 0x93A1, 0x93C1, 0x93C1, 0x9BC0, 0x9BC0, 0x9BE0,
    0x9BE0, 0xA3E0, 0xA3E0, 0xA3E0, 0xA400, 0xA400, 0xA400, 0xA400,
    0xAC20, 0xAC20, 0xAC40, 0xAC40, 0xAC40, 0xAC40, 0xAC40, 0xB460,
    0xB460, 0xB460, 0xB460, 0xB460, 0xB460, 0xB460, 0xBC80, 0xBC80,
    0xBC80, 0xBC80, 0xBC80, 0xB460, 0xB460, 0xB460, 0xB460, 0xB460,
    0xB460, 0xB460, 0xAC40, 0xAC40, 0xAC40, 0xAC40, 0xAC40, 0xAC20,
    0xAC20, 0xA400, 0xA400, 0xA400, 0xA400, 0xA3E0, 0xA3E0, 0xA3E0,
    0x9BE0, 0x9BE0, 0x9BC0, 0x9BC0, 0x93C1, 0x93C1, 0x93A1, 0x93A1,
    0x93A1, 0x93A1, 0x8B81, 0x8B81, 0x8B61, 0x8B61, 0x8B61, 0x8B61,
    0x8341, 0x8341, 0x8341, 0x8341, 0x7B21, 0x7B21, 0x7B21, 0x7B21,
    0x7B01, 0x7B01, 0x72E1, 0x72E1, 0x72E1, 0x72E1, 0x72C1, 0x72C1,
    0x6AC1, 0x6AC1, 0x6AA2, 0x6AA2, 0x62A2, 0x62A2, 0x6282, 0x6282,
    0x6282, 0x6282, 0x6282, 0x5A62, 0x5A62, 0x5A42, 0x5A42, 0x5A42,
    0x5A42, 0x5222, 0x5222, 0x5222, 0x5222, 0x4A02, 0x4A02, 0x4A02,
    0x4A02, 0x49E2, 0x49E2, 0x41E2, 0x41E2, 0x41C2, 0x41C2, 0x41A2,
    0x41A2, 0x39A3, 0x39A3, 0x3983, 0x3983, 0x3183, 0x3183, 0x3163,
    0x3163, 0x3163, 0x3163, 0x2943, 0x2943, 0x2943, 0x2943, 0x2923,
    0x2923, 0x2103, 0x2103, 0x2103, 0x2103, 0x18E3, 0x18E3, 0x18E3,
    0x18E3, 0x18C3, 0x18C3, 0x10C3, 0x10C3, 0x10A3, 0x10A3, 0x10A4,
    0x10A4, 0x10A4, 0x10A3, 0x10A3, 0x10C3, 0x10C3, 0x18C3, 0x18C3,
    0x18E3, 0x18E3, 0x18E3, 0x18E3, 0x2103, 0x2103, 0x2103, 0x2103,
    0x2923, 0x2923, 0xFF72, 0x2943, 0x2943, 0x2943, 0x3163, 0x3163,
    0x3163, 0x3163, 0x3183, 0x3183, 0x3983, 0x3983, 0x39A3, 0x39A3,
    0x41A2, 0x41A2, 0x41C2, 0x41C2, 0x41E2, 0x41E2, 0x49E2, 0x49E2,
    0x4A02, 0x4A02, 0x4A02, 0x4A02, 0x5222, 0x5222, 0x5222, 0x5222,
    0x5A42, 0x5A42, 0x5A42, 0x5A42, 0x5A62, 0x5A62, 0x6282, 0x6282,
    0x6282, 0x6282, 0x62A2, 0x62A2, 0x6AA2, 0x6AA2, 0x6AC1, 0x6AC1,
    0x72C1, 0x72C1, 0x72E1, 0x72E1, 0x72E1, 0x72E1, 0x7B01, 0x7B01,
    0x7B01, 0x7B21, 0x7B21, 0x7B21, 0x7B21, 0x8341, 0x8341, 0x8341,
    0x8341, 0x8B61, 0x8B61, 0x8B61, 0x8B61, 0x8B81, 0x8B81, 0x93A1,
    0x93A1, 0x93A1, 0x93A1, 0x93C1, 0x93C1, 0x9BC0, 0x9BC0, 0x9BE0,
    0x9BE0, 0xA3E0, 0xA3E0, 0xA400, 0xA400, 0xA400, 0xA400, 0xAC20,
    0xAC20, 0xAC20, 0xAC40, 0xAC40, 0xAC40, 0xAC40, 0xB460, 0xB460,
    0xB460, 0xB460, 0xB460, 0xB460, 0xBC80, 0xBC80, 0xBC80, 0xBC80,
    0xBC80, 0xBC80, 0xBC80, 0xBC80, 0xBC80, 0xB460, 0xB460, 0xB460,
    0xB460, 0xB460, 0xB460, 0xAC40, 0xAC40, 0xAC40, 0xAC40, 0xAC20,
    0xAC20, 0xAC20, 0xA400, 0xA400, 0xA400, 0xA400, 0xA3E0, 0xA3E0,
    0x9BE0, 0x9BE0, 0x9BC0, 0x9BC0, 0x93C1, 0x93C1, 0x93A1, 0x93A1,
    0x93A1, 0x93A1, 0x8B81, 0x8B81, 0x8B61, 0x8B61, 0x8B61, 0x8B61,
    0x8341, 0x8341, 0x8341, 0x8341, 0x7B21, 0x7B21, 0x7B21, 0x7B21,
    0x7B01, 0x7B01, 0x7B01, 0x72E1, 0x72E1, 0x72E1, 0x72E1, 0x72C1,
    0x72C1, 0x6AC1, 0x6AC1, 0x6AA2, 0x6AA2, 0x62A2, 0x62A2, 0x6282,
    0x6282, 0x6282, 0x6282, 0x5A62, 0x5A62, 0x5A42, 0x5A42, 0x5A42,
    0x5A42, 0x5222, 0x5222, 0x5222, 0x5222, 0x4A02, 0x4A02, 0x4A02,
    0x4A02, 0x49E2, 0x49E2, 0x41E2, 0x41E2, 0x41C2, 0x41C2, 0x41A2,
    0x41A2, 0x39A3, 0x39A3, 0x3983, 0x3983, 0x3183, 0x3183, 0x3163,
    0x3163, 0x3163, 0x3163, 0x2943, 0x2943, 0x2943, 0x2943, 0x2923,
    0x2923, 0x2103, 0x2103, 0x2103, 0x2103, 0x18E3, 0x18E3, 0x18E3,
    0x18E3, 0x18C3, 0x18C3, 0x10C3, 0x10C3, 0x10A3, 0x10A3, 0x10A4,
    0x10A4, 0x10A4, 0x10A3, 0x10A3, 0x10C3, 0x10C3, 0x18C3, 0x18C3,
    0x18E3, 0x18E3, 0x18E3, 0x18E3, 0x2103, 0x2103, 0x2103, 0x2103,
    0x2923, 0x2923, 0x2943, 0x2943, 0x2943, 0x2943, 0x3163, 0x3163,
    0x3163, 0x3163, 0x3183, 0x3183, 0x3983, 0x3983, 0x39A3, 0x39A3,
    0x41A2, 0x41A2, 0x41C2, 0x41C2, 0x41E2, 0x41E2, 0x49E2, 0x49E2,
    0x4A02, 0x4A02, 0x4A02, 0x4A02, 0x5222, 0x5222, 0x5222, 0x5222,
    0x5A42, 0x5A42, 0x5A42, 0x5A42, 0x5A62, 0x5A62, 0x6282, 0x6282,
    0x6282, 0x6282, 0x62A2, 0x62A2, 0x6AA2, 0x6AA2, 0x6AC1, 0x6AC1,
    0x72C1, 0x72C1, 0x72E1, 0x72E1, 0x72E1, 0x72E1, 0x7B01, 0x7B01,
    0x7B21, 0x7B21, 0x7B21, 0x7B21, 0x8341, 0x8341, 0x8341, 0x8341,
    0x8B61, 0x8B61, 0x8B61, 0x8B61, 0x8B61, 0x8B81, 0x8B81, 0x93A1,
    0x93A1, 0x93A1, 0x93A1, 0x93C1, 0x93C1, 0x9BC0, 0x9BC0, 0x9BE0,
    0x9BE0, 0xA3E0, 0xA3E0, 0xA400, 0xA400, 0xA400, 0xA400, 0xAC20,
    0xAC20, 0xAC40, 0xAC40, 0xAC40, 0xAC40, 0xAC40, 0xB460, 0xB460,
    0xB460, 0xB460, 0xB460, 0xBC80, 0xBC80, 0xBC80, 0xBC80, 0xBC80,
    0xBC80, 0xBC80, 0xBC80, 0xBC80, 0xBC80, 0xBC80, 0xB460, 0xB460,
    0xB460, 0xB460, 0xB460, 0xAC40, 0xAC40, 0xAC40, 0xAC40, 0xAC40,
    0xAC20, 0xAC20, 0xA400, 0xA400, 0xA400, 0xA400, 0xA3E0, 0xA3E0,
    0x9BE0, 0x9BE0, 0x9BC0, 0x9BC0, 0x93C1, 0x93C1, 0x93A1, 0x93A1,
    0x93A1, 0x93A1, 0x8B81, 0x8B81, 0x8B61, 0x8B61, 0x8B61, 0x8B61,
    0x8B61, 0x8341, 0x8341, 0x8341, 0x8341, 0x7B21, 0x7B21, 0x7B21,
    0x7B21, 0x7B01, 0x7B01, 0x72E1, 0x72E1, 0x72E1, 0x72E1, 0x72C1,
    0x72C1, 0x6AC1, 0x6AC1, 0x6AA2, 0x6AA2, 0x62A2, 0x62A2, 0x6282,
    0x6282, 0x6282, 0x6282, 0x5A62, 0x5A62, 0x5A42, 0x5A42, 0x5A42,
    0x5A42, 0x5222, 0x5222, 0x5222, 0x5222, 0x4A02, 0x4A02, 0x4A02,
    0x4A02, 0x49E2, 0x49E2, 0x41E2, 0x41E2, 0x41C2, 0x41C2, 0x41A2,
    0x41A2, 0x39A3, 0x39A3, 0x3983, 0x3983, 0x3183, 0x3183, 0x3163,
    0x3163, 0x3163, 0x3163, 0x2943, 0x2943, 0x2943, 0x2943, 0x2923,
    0x2923, 0x2103, 0x2103, 0x2103, 0x2103, 0x18E3, 0x18E3, 0x18E3,
    0x18E3, 0x18C3, 0x18C3, 0x10C3, 0x10C3, 0x10A3, 0x10A3, 0x10A4,
    0x10A4, 0x10A4, 0x10A3, 0x10A3, 0x10C3, 0x10C3, 0x18C3, 0x18C3,
    0x18E3, 0x18E3, 0x18E3, 0x18E3, 0x2103, 0x2103, 0x2103, 0x2103,
    0x2923, 0x2923, 0x2943, 0x2943, 0x2943, 0x2943, 0x3163, 0xFF72,
    0x3163, 0x3163, 0x3183, 0x3183, 0x3983, 0x3983, 0x39A3, 0x39A3,
    0x41A2, 0x41A2, 0x41C2, 0x41C2, 0x41E2, 0x41E2, 0x49E2, 0x49E2,
    0x4A02, 0x4A02, 0x4A02, 0x4A02, 0x5222, 0x5222, 0x5222, 0x5222,
    0x5A42, 0x5A42, 0x5A42, 0x5A42, 0x5A62, 0x5A62, 0x6282, 0x6282,
    0x6282, 0x6282, 0x62A2, 0x62A2, 0x6AA2, 0x6AA2, 0x6AC1, 0x6AC1,
    0x72C1, 0x72C1, 0x72E1, 0x72E1, 0x72E1, 0x72E1, 0x7B01, 0x7B01,
    0x7B21, 0x7B21, 0x7B21, 0x7B21, 0x8341, 0x8341, 0x8341, 0x8341,
    0x8B61, 0x8B61, 0x8B61, 0x8B61, 0x8B81, 0x8B81, 0x93A1, 0x93A1,
    0x93A1, 0x93A1, 0x93C1, 0x93C1, 0x9BC0, 0x9BC0, 0x9BE0, 0x9BE0,
    0x9BE0, 0xA3E0, 0xA3E0, 0xA400, 0xA400, 0xA400, 0xA400, 0xAC20,
    0xAC20, 0xAC40, 0xAC40, 0xAC40, 0xAC40, 0xB460, 0xB460, 0xB460,
    0xB460, 0xB460, 0xBC80, 0xBC80, 0xBC80, 0xBC80, 0xBC80, 0xBC80,
    0xBC80, 0xBC80, 0xBC80, 0xBC80, 0xBC80, 0xBC80, 0xBC80, 0xB460,
    0xB460, 0xB460, 0xB460, 0xB460, 0xAC40, 0xAC40, 0xAC40, 0xAC40,
    0xAC20, 0xAC20, 0xA400, 0xA400, 0xA400, 0xA400, 0xA3E0, 0xA3E0,
    0x9BE0, 0x9BE0, 0x9BE0, 0x9BC0, 0x9BC0, 0x93C1, 0x93C1, 0x93A1,
    0x93A1, 0x93A1, 0x93A1, 0x8B81, 0x8B81, 0x8B61, 0x8B61, 0x8B61,
    0x8B61, 0x8341, 0x8341, 0x8341, 0x8341, 0x7B21, 0x7B21, 0x7B21,
    0x7B21, 0x7B01, 0x7B01, 0x72E1, 0x72E1, 0x72E1, 0x72E1, 0x72C1,
    0x72C1, 0x6AC1, 0x6AC1, 0x6AA2, 0x6AA2, 0x62A2, 0x62A2, 0x6282,
    0x6282, 0x6282, 0x6282, 0x5A62, 0x5A62, 0x5A42, 0x5A42, 0x5A42,
    0x5A42, 0x5222, 0x5222, 0x5222, 0x5222, 0x4A02, 0x4A02, 0x4A02,
    0x4A02, 0x49E2, 0x49E2, 0x41E2, 0x41E2, 0x41C2, 0x41C2, 0x41A2,
    0x41A2, 0x39A3, 0x39A3, 0x3983, 0x3983, 0x3183, 0x3183, 0x3163,
    0x3163, 0x3163, 0x3163, 0x2943, 0x2943, 0x2943, 0x2943, 0x2923,
    0x2923, 0x2103, 0x2103, 0x2103, 0x2103, 0x18E3, 0x18E3, 0x18E3,
    0x18E3, 0x18C3, 0x18C3, 0x10C3, 0x10C3, 0x10A3, 0x10A3, 0x10A4,
    0x10A4, 0x10A4, 0x10A3, 0x10A3, 0x10C3, 0x10C3, 0x18C3, 0x18C3,
    0x18E3, 0x18E3, 0x18E3, 0x18E3, 0x2103, 0x2103, 0x2103, 0x2103,
    0x2923, 0x2923, 0x2943, 0x2943, 0x2943, 0x2943, 0x3163, 0xFF72,
    0x3163, 0x3163, 0x3183, 0x3183, 0x3983, 0x3983, 0x39A3, 0x39A3,
    0x41A2, 0x41A2, 0x41C2, 0x41C2, 0x41E2, 0x41E2, 0x49E2, 0x49E2,
    0x4A02, 0x4A02, 0x4A02, 0x4A02, 0x5222, 0x5222, 0x5222, 0x5222,
    0x5A42, 0x5A42, 0x5A42, 0x5A42, 0x5A62, 0x5A62, 0x6282, 0x6282,
    0x6282, 0x6282, 0x62A2, 0x62A2, 0x6AA2, 0x6AA2, 0x6AC1, 0x6AC1,
    0x72C1, 0x72C1, 0x72E1, 0x72E1, 0x72E1, 0x72E1, 0x7B01, 0x7B01,
    0x7B21, 0x7B21, 0x7B21, 0x7B21, 0x8341, 0x8341, 0x8341, 0x8341,
    0x8B61, 0x8B61, 0x8B61, 0x8B61, 0x8B81, 0x8B81, 0x93A1, 0x93A1,
    0x93A1, 0x93A1, 0x93C1, 0x93C1, 0x9BC0, 0x9BC0, 0x9BE0, 0x9BE0,
    0xA3E0, 0xA3E0, 0xA400, 0xA400, 0xA400, 0xA400, 0xAC20, 0xAC20,
    0xAC20, 0xAC40, 0xAC40, 0xAC40, 0xAC40, 0xB460, 0xB460, 0xB460,
    0xB460, 0xBC80, 0xBC80, 0xBC80, 0xBC80, 0xBC80, 0xBC80, 0xBCA0,
    0xBCA0, 0xBCA0, 0xBC80, 0xBC80, 0xBC80, 0xBC80, 0xBC80, 0xBC80,
    0xB460, 0xB460, 0xB460, 0xB460, 0xAC40, 0xAC40, 0xAC40, 0xAC40,
    0xAC20, 0xAC20, 0xAC20, 0xA400, 0xA400, 0xA400, 0xA400, 0xA3E0,
    0xA3E0, 0x9BE0, 0x9BE0, 0x9BC0, 0x9BC0, 0x93C1, 0x93C1, 0x93A1,
    0x93A1, 0x93A1, 0x93A1, 0x8B81, 0x8B81, 0x8B61, 0x8B61, 0x8B61,
    0x8B61, 0x8341, 0x8341, 0x8341, 0x8341, 0x7B21, 0x7B21, 0x7B21,
    0x7B21, 0x7B01, 0x7B01, 0x72E1, 0x72E1, 0x72E1, 0x72E1, 0x72C1,
    0x72C1, 0x6AC1, 0x6AC1, 0x6AA2, 0x6AA2, 0x62A2, 0x62A2, 0x6282,
    0x6282, 0x6282, 0x6282, 0x5A62, 0x5A62, 0x5A42, 0x5A42, 0x5A42,
    0x5A42, 0x5222, 0x5222, 0x5222, 0x5222, 0x4A02, 0x4A02, 0x4A02,
    0x4A02, 0x49E2, 0x49E2, 0x41E2, 0x41E2, 0x41C2, 0x41C2, 0x41A2,
    0x41A2, 0x39A3, 0x39A3, 0x3983, 0x3983, 0x3183, 0x3183, 0x3163,
    0x3163, 0x3163, 0x3163, 0x2943, 0x2943, 0x2943, 0x2943, 0x2923,
    0x2923, 0x2103, 0x2103, 0x2103, 0x2103, 0x18E3, 0x18E3, 0x18E3,
    0x18E3, 0x18C3, 0x18C3, 0x10C3, 0x10C3, 0x10A3, 0x10A3, 0x10A4,
    0x10A4, 0x10A4, 0x10A3, 0x10A3, 0x10C3, 0x10C3, 0x18C3, 0x18C3,
    0x18E3, 0x18E3, 0x18E3, 0x18E3, 0x2103, 0x2103, 0x2103, 0x2103,
    0x2923, 0x2923, 0x2943, 0x2943, 0x2943, 0x2943, 0x3163, 0xFF72,
    0x3163, 0x3163, 0x3183, 0x3183, 0x3983, 0x3983, 0x39A3, 0x39A3,
    0x41A2, 0x41A2, 0x41C2, 0x41C2, 0x41E2, 0x41E2, 0x49E2, 0x49E2,
    0x4A02, 0x4A02, 0x4A02, 0x4A02, 0x5222, 0x5222, 0x5222, 0x5222,
    0x5A42, 0x5A42, 0x5A42, 0x5A42, 0x5A62, 0x5A62, 0x6282, 0x6282,
    0x6282, 0x6282, 0x62A2, 0x62A2, 0x6AA2, 0x6AA2, 0x6AC1, 0x6AC1,
    0x72C1, 0x72C1, 0x72E1, 0x72E1, 0x72E1, 0x72E1, 0x7B01, 0x7B01,
    0x7B21, 0x7B21, 0x7B21, 0x7B21, 0x8341, 0x8341, 0x8341, 0x8341,
    0x8B61, 0x8B61, 0x8B61, 0x8B61, 0x8B81, 0x8B81, 0x93A1, 0x93A1,
    0x93A1, 0x93A1, 0x93C1, 0x93C1, 0x9BC0, 0x9BC0, 0x9BE0, 0x9BE0,
    0xA3E0, 0xA3E0, 0xA400, 0xA400, 0xA400, 0xA400, 0xAC20, 0xAC20,
    0xAC40, 0xAC40, 0xAC40, 0xAC40, 0xB460, 0xB460, 0xB460, 0xB460,
    0xB460, 0xBC80, 0xBC80, 0xBC80, 0xBC80, 0xBCA0, 0xBCA0, 0xBCA0,
    0xBCA0, 0xBCA0, 0xBCA0, 0xBCA0, 0xBC80, 0xBC80, 0xBC80, 0xBC80,
    0xB460, 0xB460, 0xB460, 0xB460, 0xB460, 0xAC40, 0xAC40, 0xAC40,
    0xAC40, 0xAC20, 0xAC20, 0xA400, 0xA400, 0xA400, 0xA400, 0xA3E0,
    0xA3E0, 0x9BE0, 0x9BE0, 0x9BC0, 0x9BC0, 0x93C1, 0x93C1, 0x93A1,
    0x93A1, 0x93A1, 0x93A1, 0x8B81, 0x8B81, 0x8B61, 0x8B61, 0x8B61,
    0x8B61, 0x8341, 0x8341, 0x8341, 0x8341, 0x7B21, 0x7B21, 0x7B21,
    0x7B21, 0x7B01, 0x7B01, 0x72E1, 0x72E1, 0x72E1, 0x72E1, 0x72C1,
    0x72C1, 0x6AC1, 0x6AC1, 0x6AA2, 0x6AA2, 0x62A2, 0x62A2, 0x6282,
    0x6282, 0x6282, 0x6282, 0x5A62, 0x5A62, 0x5A42, 0x5A42, 0x5A42,
    0x5A42, 0x5222, 0x5222, 0x5222, 0x5222, 0x4A02, 0x4A02, 0x4A02,
    0x4A02, 0x49E2, 0x49E2, 0x41E2, 0x41E2, 0x41C2, 0x41C2, 0x41A2,
    0x41A2, 0x39A3, 0x39A3, 0x3983, 0x3983, 0x3183, 0x3183, 0x3163,
    0x3163, 0x3163, 0x3163, 0x2943, 0x2943, 0x2943, 0x2943, 0x2923,
    0x2923, 0x2103, 0x2103, 0x2103, 0x2103, 0x18E3, 0x18E3, 0x18E3,
    0x18E3, 0x18C3, 0x18C3, 0x10C3, 0x10C3, 0x10A3, 0x10A3, 0x10A4,
    0x10A4, 0x10A4, 0x10A3, 0x10A3, 0x10C3, 0x10C3, 0x18C3, 0x18C3,
    0x18E3, 0x18E3, 0x18E3, 0x18E3, 0x2103, 0x2103, 0x2103, 0x2103,
    0x2923, 0x2923, 0x2943, 0x2943, 0x2943, 0x2943, 0x3163, 0xFF72,
    0x3163, 0x3163, 0x3183, 0x3183, 0x3983, 0x3983, 0x39A3, 0x39A3,
    0x41A2, 0x41A2, 0x41C2, 0x41C2, 0x41E2, 0x41E2, 0x49E2, 0x49E2,
    0x4A02, 0x4A02, 0x4A02, 0x4A02, 0x5222, 0x5222, 0x5222, 0x5222,
    0x5A42, 0x5A42, 0x5A42, 0x5A42, 0x5A62, 0x5A62, 0x6282, 0x6282,
    0x6282, 0x6282, 0x62A2, 0x62A2, 0x6AA2, 0x6AA2, 0x6AC1, 0x6AC1,
    0x72C1, 0x72C1, 0x72E1, 0x72E1, 0x72E1, 0x72E1, 0x7B01, 0x7B01,
    0x7B21, 0x7B21, 0x7B21, 0x7B21, 0x8341, 0x8341, 0x8341, 0x8341,
    0x8B61, 0x8B61, 0x8B61, 0x8B61, 0x8B81, 0x8B81, 0x93A1, 0x93A1,
    0x93A1, 0x93A1, 0x93C1, 0x93C1, 0x9BC0, 0x9BC0, 0x9BE0, 0x9BE0,
    0xA3E0, 0xA3E0, 0xA400, 0xA400, 0xA400, 0xA400, 0xAC20, 0xAC20,
    0xAC40, 0xAC40, 0xAC40, 0xAC40, 0xB460, 0xB460, 0xB460, 0xB460,
    0xBC80, 0xBC80, 0xBC80, 0xBC80, 0xBC80, 0xBCA0, 0xBCA0, 0xC4A0,
    0xC4A0, 0xC4A0, 0xBCA0, 0xBCA0, 0xBC80, 0xBC80, 0xBC80, 0xBC80,
    0xBC80, 0xB460, 0xB460, 0xB460, 0xB460, 0xAC40, 0xAC40, 0xAC40,
    0xAC40, 0xAC20, 0xAC20, 0xA400, 0xA400, 0xA400, 0xA400, 0xA3E0,
    0xA3E0, 0x9BE0, 0x9BE0, 0x9BC0, 0x9BC0, 0x93C1, 0x93C1, 0x93A1,
    0x93A1, 0x93A1, 0x93A1, 0x8B81, 0x8B81, 0x8B61, 0x8B61, 0x8B61,
    0x8B61, 0x8341, 0x8341, 0x8341, 0x8341, 0x7B21, 0x7B21, 0x7B21,
    0x7B21, 0x7B01, 0x7B01, 0x72E1, 0x72E1, 0x72E1, 0x72E1, 0x72C1,
    0x72C1, 0x6AC1, 0x6AC1, 0x6AA2, 0x6AA2, 0x62A2, 0x62A2, 0x6282,
    0x6282, 0x6282, 0x6282, 0x5A62, 0x5A62, 0x5A42, 0x5A42, 0x5A42,
    0x5A42, 0x5222, 0x5222, 0x5222, 0x5222, 0x4A02, 0x4A02, 0x4A02,
    0x4A02, 0x49E2, 0x49E2, 0x41E2, 0x41E2, 0x41C2, 0x41C2, 0x41A2,
    0x41A2, 0x39A3, 0x39A3, 0x3983, 0x3983, 0x3183, 0x3183, 0x3163,
    0x3163, 0x3163, 0x3163, 0x2943, 0x2943, 0x2943, 0x2943, 0x2923,
    0x2923, 0x2103, 0x2103, 0x2103, 0x2103, 0x18E3, 0x18E3, 0x18E3,
    0x18E3, 0x18C3, 0x18C3, 0x10C3, 0x10C3, 0x10A3, 0x10A3, 0x10A4,
    0x10A4, 0x10A4, 0x10A3, 0x10A3, 0x10C3, 0x10C3, 0x18C3, 0x18C3,
    0x18E3, 0x18E3, 0x18E3, 0x18E3, 0x2103, 0x2103, 0x2103, 0x2103,
    0x2923, 0x2923, 0x2943, 0xFF72, 0xFF72, 0xFF72, 0xFF72, 0xFF72,
    0xFF72, 0xFF72, 0xFF72, 0xFF72, 0x3983, 0x3983, 0x39A3, 0x39A3,
    0x41A2, 0x41A2, 0x41C2, 0x41C2, 0x41E2, 0x41E2, 0x49E2, 0x49E2,
    0x4A02, 0x4A02, 0x4A02, 0x4A02, 0x5222, 0x5222, 0x5222, 0x5222,
    0x5A42, 0x5A42, 0x5A42, 0x5A42, 0x5A62, 0x5A62, 0x6282, 0x6282,
    0x6282, 0x6282, 0x62A2, 0x62A2, 0x6AA2, 0x6AA2, 0x6AC1, 0x6AC1,
    0x72C1, 0x72C1, 0x72E1, 0x72E1, 0x72E1, 0x72E1, 0x7B01, 0x7B01,
    0x7B21, 0x7B21, 0x7B21, 0x7B21, 0x8341, 0x8341, 0x8341, 0x8341,
    0x8B61, 0x8B61, 0x8B61, 0x8B61, 0x8B81, 0x8B81, 0x93A1, 0x93A1,
    0x93A1, 0x93A1, 0x93C1, 0x93C1, 0x9BC0, 0x9BC0, 0x9BE0, 0x9BE0,
    0xA3E0, 0xA3E0, 0xA400, 0xA400, 0xA400, 0xA400, 0xAC20, 0xAC20,
    0xAC40, 0xAC40, 0xAC40, 0xAC40, 0xB460, 0xB460, 0xB460, 0xB460,
    0xBC80, 0xBC80, 0xBC80, 0xBC80, 0xBCA0, 0xBCA0, 0xC4A0, 0xC4A0,
    0xC4A0, 0xC4A0, 0xC4A0, 0xBCA0, 0xBCA0, 0xBC80, 0xBC80, 0xBC80,
    0xBC80, 0xB460, 0xB460, 0xB460, 0xB460, 0xAC40, 0xAC40, 0xAC40,
    0xAC40, 0xAC20, 0xAC20, 0xA400, 0xA400, 0xA400, 0xA400, 0xA3E0,
    0xA3E0, 0x9BE0, 0x9BE0, 0x9BC0, 0x9BC0, 0x93C1, 0x93C1, 0x93A1,
    0x93A1, 0x93A1, 0x93A1, 0x8B81, 0x8B81, 0x8B61, 0x8B61, 0x8B61,
    0x8B61, 0x8341, 0x8341, 0x8341, 0x8341, 0x7B21, 0x7B21, 0x7B21,
    0x7B21, 0x7B01, 0x7B01, 0x72E1, 0x72E1, 0x72E1, 0x72E1, 0x72C1,
    0x72C1, 0x6AC1, 0x6AC1, 0x6AA2, 0x6AA2, 0x62A2, 0x62A2, 0x6282,
    0x6282, 0x6282, 0x6282, 0x5A62, 0x5A62, 0x5A42, 0x5A42, 0x5A42,
    0x5A42, 0x5222, 0x5222, 0x5222, 0x5222, 0x4A02, 0x4A02, 0x4A02,
    0x4A02, 0x49E2, 0x49E2, 0x41E2, 0x41E2, 0x41C2, 0x41C2, 0x41A2,
    0x41A2, 0x39A3, 0x39A3, 0x3983, 0x3983, 0x3183, 0x3183, 0x3163,
    0x3163, 0x3163, 0x3163, 0x2943, 0x2943, 0x2943, 0x2943, 0x2923,
    0x2923, 0x2103, 0x2103, 0x2103, 0x2103, 0x18E3, 0x18E3, 0x18E3,
    0x18E3, 0x18C3, 0x18C3, 0x10C3, 0x10C3, 0x10A3, 0x10A3, 0x10A4,
    0x10A4, 0x10A4, 0x10A4, 0x10A4, 0x10A4, 0x10A4, 0x10A4, 0x10A4,
    0x10A4, 0x10A4, 0x10A4, 0x10A4, 0x10A4, 0x10A4, 0x10A4, 0x10A4,
    0x10A4, 0x10A4, 0x10A4, 0x10A4, 0x10A4, 0x10A4, 0x10A4, 0xFF72,
    0x10A4, 0x10A4, 0x10A4, 0x10A4, 0x10A4, 0x10A4, 0x10A4, 0x10A4,
    0x10A4, 0x10A4, 0x10A4, 0x10A4, 0x10A4, 0x10A4, 0x10A4, 0x10A4,
    0x10A4, 0x10A4, 0x10A4, 0x10A4, 0x10A4, 0x10A4, 0x10A4, 0x10A4,
    0x10A4, 0x10A4, 0x10A4, 0x10A4, 0x10A4, 0x10A4, 0x10A4, 0x10A4,
    0x10A4, 0x10A4, 0x10A4, 0x10A4, 0x10A4, 0x10A4, 0x10A4, 0x10A4,
    0x10A4, 0x10A4, 0x10A4, 0x10A4, 0x10A4, 0x10A4, 0x10A4, 0x10A4,
    0x10A4, 0x10A4, 0x10A4, 0x10A4, 0x10A4, 0x10A4, 0x10A4, 0x10A4,
    0x10A4, 0x10A4, 0x10A4, 0x10A4, 0x10A4, 0x10A4, 0x10A4, 0x10A4,
    0x10A4, 0x10A4, 0x10A4, 0x10A4, 0x10A4, 0x10A4, 0x10A4, 0x10A4,
    0x10A4, 0x10A4, 0x10A4, 0x10A4, 0x10A4, 0x10A4, 0x10A4, 0x10A4,
    0x10A4, 0x10A4, 0x10A4, 0x10A4, 0x10A4, 0x10A4, 0x10A4, 0x10A4,
    0x10A4, 0x10A4, 0x10A4, 0x10A4, 0x10A4, 0x10A4, 0x10A4, 0x10A4,
    0x10A4, 0x10A4, 0x10A4, 0x10A4, 0x10A4, 0x10A4, 0x10A4, 0x10A4,
    0x10A4, 0x10A4, 0x10A4, 0x10A4, 0x10A4, 0x10A4, 0x10A4, 0x10A4,
    0x10A4, 0x10A4, 0x10A4, 0x10A4, 0x10A4, 0x10A4, 0x10A4, 0x10A4,
    0x10A4, 0x10A4, 0x10A4, 0x10A4, 0x10A4, 0x10A4, 0x10A4, 0x10A4,
    0x10A4, 0x10A4, 0x10A4, 0x10A4, 0x10A4, 0x10A4, 0x10A4, 0x10A4,
    0x10A4, 0x10A4, 0x10A4, 0x10A4, 0x10A4, 0x10A4, 0x10A4, 0x10A4,
    0x10A4, 0x10A4, 0x10A4, 0x10A4, 0x10A4, 0x10A4, 0x10A4, 0x10A4,
    0x10A4, 0x10A4, 0x10A4, 0x10A4, 0x10A4, 0x10A4, 0x10A4, 0x10A4,
    0x10A4, 0x10A4, 0x10A4, 0x10A4, 0x10A4, 0x10A4, 0x10A4, 0x10A4,
    0x10A4, 0x10A4, 0x10A4, 0x10A4, 0x10A4, 0x10A4, 0x10A4, 0x10A4,
    0x10A4, 0x10A4, 0x10A4, 0x10A4, 0x10A4, 0x10A4, 0x10A4, 0x10A4,
    0x10A4, 0x10A4, 0x10A4, 0x10A4, 0x10A4, 0x10A4, 0x10A4, 0x10A4,
    0x10A4, 0x10A4, 0x10A4, 0x10A4, 0x10A4, 0x10A4, 0x10A4, 0x10A4,
    0x10A4, 0x10A4, 0x10A4, 0x10A4, 0x10A4, 0x10A4, 0x10A4, 0x10A4,
    0x10A4, 0x10A4, 0x10A4, 0x10A4, 0x10A4, 0x10A4, 0x10A4, 0x10A4,
    0x10A4, 0x10A4, 0x10A4, 0x10A4, 0x10A4, 0x10A4, 0x10A4, 0x10A4,
    0x10A4, 0x10A4, 0x10A4, 0x10A4, 0x10A4, 0x10A4, 0x10A4, 0x10A4,
    0x10A4, 0x10A4, 0x10A4, 0x10A4, 0x10A4, 0x10A4, 0x10A4, 0xFF72,
    0x10A4, 0x10A4, 0x10A4, 0x10A4, 0x10A4, 0x10A4, 0x10A4, 0x10A4,
    0x10A4, 0x10A4, 0x10A4, 0x10A4, 0x10A4, 0x10A4, 0x10A4, 0x10A4,
    0x10A4, 0x10A4, 0x10A4, 0x10A4, 0x10A4, 0x10A4, 0x10A4, 0x10A4,
    0x10A4, 0x10A4, 0x10A4, 0x10A4, 0x10A4, 0x10A4, 0x10A4, 0x10A4,
    0x10A4, 0x10A4, 0x10A4, 0x10A4, 0x10A4, 0x10A4, 0x10A4, 0x10A4,
    0x10A4, 0x10A4, 0x10A4, 0x10A4, 0x10A4, 0x10A4, 0x10A4, 0x10A4,
    0x10A4, 0x10A4, 0x10A4, 0x10A4, 0x10A4, 0x10A4, 0x10A4, 0x10A4,
    0x10A4, 0x10A4, 0x10A4, 0x10A4, 0x10A4, 0x10A4, 0x10A4, 0x10A4,
    0x10A4, 0x10A4, 0x10A4, 0x10A4, 0x10A4, 0x10A4, 0x10A4, 0x10A4,
    0x10A4, 0x10A4, 0x10A4, 0x10A4, 0x10A4, 0x10A4, 0x10A4, 0x10A4,
    0x10A4, 0x10A4, 0x10A4, 0x10A4, 0x10A4, 0x10A4, 0x10A4, 0x10A4,
    0x10A4, 0x10A4, 0x10A4, 0x10A4, 0x10A4, 0x10A4, 0x10A4, 0x10A4,
    0x10A4, 0x10A4, 0x10A4, 0x10A4, 0x10A4, 0x10A4, 0x10A4, 0x10A4,
    0x10A4, 0x10A4, 0x10A4, 0x10A4, 0x10A4, 0x10A4, 0x10A4, 0x10A4,
    0x10A4, 0x10A4, 0x10A4, 0x10A4, 0x10A4, 0x10A4, 0x10A4, 0x10A4,
    0x10A4, 0x10A4, 0x10A4, 0x10A4, 0x10A4, 0x10A4, 0x10A4, 0x10A4,
    0x10A4, 0x10A4, 0x10A4, 0x10A4, 0x10A4, 0x10A4, 0x10A4, 0x10A4,
    0x10A4, 0x10A4, 0x10A4, 0x10A4, 0x10A4, 0x10A4, 0x10A4, 0x10A4,
    0x10A4, 0x10A4, 0x10A4, 0x10A4, 0x10A4, 0x10A4, 0x10A4, 0x10A4,
    0x10A4, 0x10A4, 0x10A4, 0x10A4, 0x10A4, 0x10A4, 0x10A4, 0x10A4,
    0x10A4, 0x10A4, 0x10A4, 0x10A4, 0x10A4, 0x10A4, 0x10A4, 0x10A4,
    0x10A4, 0x10A4, 0x10A4, 0x10A4, 0x10A4, 0x10A4, 0x10A4, 0x10A4,
    0x10A4, 0x10A4, 0x10A4, 0x10A4, 0x10A4, 0x10A4, 0x10A4, 0x10A4,
    0x10A4, 0x10A4, 0x10A4, 0x10A4, 0x10A4, 0x10A4, 0x10A4, 0x10A4,
    0x10A4, 0x10A4, 0x10A4, 0x10A4, 0x10A4, 0x10A4, 0x10A4, 0x10A4,
    0x10A4, 0x10A4, 0x10A4, 0x10A4, 0x10A4, 0x10A4, 0x10A4, 0x10A4,
    0x10A4, 0x10A4, 0x10A4, 0x10A4, 0x10A4, 0x10A4, 0x10A4, 0x10A4,
    0x10A4, 0x10A4, 0x10A4, 0x10A4, 0x10A4, 0x10A4, 0x10A4, 0x10A4,
    0x10A4, 0x10A4, 0x10A4, 0x10A4, 0x10A4, 0x10A4, 0x10A4, 0x10A4,
    0x10A4, 0x10A4, 0x10A4, 0x10A4, 0x10A4, 0x10A4, 0x10A4, 0xFF72,
    0x10A4, 0x10A4, 0x10A4, 0x10A4, 0x10A4, 0x10A4, 0x10A4, 0x10A4,
    0x10A4, 0x10A4, 0x10A4, 0x10A4, 0x10A4, 0x10A4, 0x10A4, 0x10A4,
    0x10A4, 0x10A4, 0x10A4, 0x10A4, 0x10A4, 0x10A4, 0x10A4, 0x10A4,
    0x10A4, 0x10A4, 0x10A4, 0x10A4, 0x10A4, 0x10A4, 0x10A4, 0x10A4,
    0x10A4, 0x10A4, 0x10A4, 0x10A4, 0x10A4, 0x10A4, 0x10A4, 0x10A4,
    0x10A4, 0x10A4, 0x10A4, 0x10A4, 0x10A4, 0x10A4, 0x10A4, 0x10A4,
    0x10A4, 0x10A4, 0x10A4, 0x10A4, 0x10A4, 0x10A4, 0x10A4, 0x10A4,
    0x10A4, 0x10A4, 0x10A4, 0x10A4, 0x10A4, 0x10A4, 0x10A4, 0x10A4,
    0x10A4, 0x10A4, 0x10A4, 0x10A4, 0x10A4, 0x10A4, 0x10A4, 0x10A4,
    0x10A4, 0x10A4, 0x10A4, 0x10A4, 0x10A4, 0x10A4, 0x10A4, 0x10A4,
    0x10A4, 0x10A4, 0x10A4, 0x10A4, 0x10A4, 0x10A4, 0x10A4, 0x10A4,
    0x10A4, 0x10A4, 0x10A4, 0x10A4, 0x10A4, 0x10A4, 0x10A4, 0x10A4,
    0x10A4, 0x10A4, 0x10A4, 0x10A4, 0x10A4, 0x10A4, 0x10A4, 0x10A4,
    0x10A4, 0x10A4, 0x10A4, 0x10A4, 0x10A4, 0x10A4, 0x10A4, 0x10A4,
    0x10A4, 0x10A4, 0x10A4, 0x10A4, 0x10A4, 0x10A4, 0x10A4, 0x10A4,
    0x10A4, 0x10A4, 0x10A4, 0x10A4, 0x10A4, 0x10A4, 0x10A4, 0x10A4,
    0x10A4, 0x10A4, 0x10A4, 0x10A4, 0x10A4, 0x10A4, 0x10A4, 0x10A4,
    0x10A4, 0x10A4, 0x10A4, 0x10A4, 0x10A4, 0x10A4, 0x10A4, 0x10A4,
    0x10A4, 0x10A4, 0x10A4, 0x10A4, 0x10A4, 0x10A4, 0x10A4, 0x10A4,
    0x10A4, 0x10A4, 0x10A4, 0x10A4, 0x10A4, 0x10A4, 0x10A4, 0x10A4,
    0x10A4, 0x10A4, 0x10A4, 0x10A4, 0x10A4, 0x10A4, 0x10A4, 0x10A4,
    0x10A4, 0x10A4, 0x10A4, 0x10A4, 0x10A4, 0x10A4, 0x10A4, 0x10A4,
    0x10A4, 0x10A4, 0x10A4, 0x10A4, 0x10A4, 0x10A4, 0x10A4, 0x10A4,
    0x10A4, 0x10A4, 0x10A4, 0x10A4, 0x10A4, 0x10A4, 0x10A4, 0x10A4,
    0x10A4, 0x10A4, 0x10A4, 0x10A4, 0x10A4, 0x10A4, 0x10A4, 0x10A4,
    0x10A4, 0x10A4, 0x10A4, 0x10A4, 0x10A4, 0x10A4, 0x10A4, 0x10A4,
    0x10A4, 0x10A4, 0x10A4, 0x10A4, 0x10A4, 0x10A4, 0x10A4, 0x10A4,
    0x10A4, 0x10A4, 0x10A4, 0x10A4, 0x10A4, 0x10A4, 0x10A4, 0x10A4,
    0x10A4, 0x10A4, 0x10A4, 0x10A4, 0x10A4, 0x10A4, 0x10A4, 0x10A4,
    0x10A4, 0x10A4, 0x10A4, 0x10A4, 0x10A4, 0x10A4, 0x10A4, 0xFF72,
    0x10A4, 0x10A4, 0x10A4, 0x10A4, 0x10A4, 0x10A4, 0x10A4, 0x10A4,
    0x10A4, 0x10A4, 0x10A4, 0x10A4, 0x10A4, 0x10A4, 0x10A4, 0x10A4,
    0x10A4, 0x10A4, 0x10A4, 0x10A4, 0x10A4, 0x10A4, 0x10A4, 0x10A4,
    0x10A4, 0x10A4, 0x10A4, 0x10A4, 0x10A4, 0x10A4, 0x10A4, 0x10A4,
    0x10A4, 0x10A4, 0x10A4, 0x10A4, 0x10A4, 0x10A4, 0x10A4, 0x10A4,
    0x10A4, 0x10A4, 0x10A4, 0x10A4, 0x10A4, 0x10A4, 0x10A4, 0x10A4,
    0x10A4, 0x10A4, 0x10A4, 0x10A4, 0x10A4, 0x10A4, 0x10A4, 0x10A4,
    0x10A4, 0x10A4, 0x10A4, 0x10A4, 0x10A4, 0x10A4, 0x10A4, 0x10A4,
    0x10A4, 0x10A4, 0x10A4, 0x10A4, 0x10A4, 0x10A4, 0x10A4, 0x10A4,
    0x10A4, 0x10A4, 0x10A4, 0x10A4, 0x10A4, 0x10A4, 0x10A4, 0x10A4,
    0x10A4, 0x10A4, 0x10A4, 0x10A4, 0x10A4, 0x10A4, 0x10A4, 0x10A4,
    0x10A4, 0x10A4, 0x10A4, 0x10A4, 0x10A4, 0x10A4, 0x10A4, 0x10A4,
    0x10A4, 0x10A4, 0x10A4, 0x10A4, 0x10A4, 0x10A4, 0x10A4, 0x10A4,
    0x10A4, 0x10A4, 0x10A4, 0x10A4, 0x10A4, 0x10A4, 0x10A4, 0x10A4,
    0x10A4, 0x10A4, 0x10A4, 0x10A4, 0x10A4, 0x10A4, 0x10A4, 0x10A4,
    0x10A4, 0x10A4, 0x10A4, 0x10A4, 0x10A4, 0x10A4, 0x10A4, 0x10A4,
    0x10A4, 0x10A4, 0x10A4, 0x10A4, 0x10A4, 0x10A4, 0x10A4, 0x10A4,
    0x10A4, 0x10A4, 0x10A4, 0x10A4, 0x10A4, 0x10A4, 0x10A4, 0x10A4,
    0x10A4, 0x10A4, 0x10A4, 0x10A4, 0x10A4, 0x10A4, 0x10A4, 0x10A4,
    0x10A4, 0x10A4, 0x10A4, 0x10A4, 0x10A4, 0x10A4, 0x10A4, 0x10A4,
    0x10A4, 0x10A4, 0x10A4, 0x10A4, 0x10A4, 0x10A4, 0x10A4, 0x10A4,
    0x10A4, 0x10A4, 0x10A4, 0x10A4, 0x10A4, 0x10A4, 0x10A4, 0x10A4,
    0x10A4, 0x10A4, 0x10A4, 0x10A4, 0x10A4, 0x10A4, 0x10A4, 0x10A4,
    0x10A4, 0x10A4, 0x10A4, 0x10A4, 0x10A4, 0x10A4, 0x10A4, 0x10A4,
    0x10A4, 0x10A4, 0x10A4, 0x10A4, 0x10A4, 0x10A4, 0x10A4, 0x10A4,
    0x10A4, 0x10A4, 0x10A4, 0x10A4, 0x10A4, 0x10A4, 0x10A4, 0x10A4,
    0x10A4, 0x10A4, 0x10A4, 0x10A4, 0x10A4, 0x10A4, 0x10A4, 0x10A4,
    0x10A4, 0x10A4, 0x10A4, 0x10A4, 0x10A4, 0x10A4, 0x10A4, 0x10A4,
    0x10A4, 0x10A4, 0x10A4, 0x10A4, 0x10A4, 0x10A4, 0x10A4, 0x10A4,
    0x10A4, 0x10A4, 0x10A4, 0x10A4, 0x10A4, 0x10A4, 0x10A4, 0x10A4,
    0x10A4, 0x10A4, 0x10A4, 0x10A4, 0x10A4, 0x10A4, 0x10A4, 0x10A4,
    0x10A4, 0x10A4, 0x10A4, 0x10A4, 0x10A4, 0x10A4, 0x10A4, 0x10A4,
    0x10A4, 0x10A4, 0x10A4, 0x10A4, 0x10A4, 0x10A4, 0x10A4, 0x10A4,
    0x10A4, 0x10A4, 0x10A4, 0x10A4, 0x10A4, 0x10A4, 0x10A4, 0x10A4,
    0x10A4, 0x10A4, 0x10A4, 0x10A4, 0x10A4, 0x10A4, 0x10A4, 0x10A4,
    0x10A4, 0x10A4, 0x10A4, 0x10A4, 0x10A4, 0x10A4, 0x10A4, 0x10A4,
    0x10A4, 0x10A4, 0x10A4, 0x10A4, 0x10A4, 0x10A4, 0x10A4, 0x10A4,
    0x10A4, 0x10A4, 0x10A4, 0x10A4, 0x10A4, 0x10A4, 0x10A4, 0x10A4,
    0x10A4, 0x10A4, 0x10A4, 0x10A4, 0x10A4, 0x10A4, 0x10A4, 0x10A4,
    0x10A4, 0x10A4, 0x10A4, 0x10A4, 0x10A4, 0x10A4, 0x10A4, 0x10A4,
    0x10A4, 0x10A4, 0x10A4, 0x10A4, 0x10A4, 0x10A4, 0x10A4, 0x10A4,
    0x10A4, 0x10A4, 0x10A4, 0x10A4, 0x10A4, 0x10A4, 0x10A4, 0x10A4,
    0x10A4, 0x10A4, 0x10A4, 0x10A4, 0x10A4, 0x10A4, 0x10A4, 0x10A4,
    0x10A4, 0x10A4, 0x10A4, 0x10A4, 0x10A4, 0x10A4, 0x10A4, 0x10A4,
    0x10A4, 0x10A4, 0x10A4, 0x10A4, 0x10A4, 0x10A4, 0x10A4, 0x10A4,
    0x10A4, 0x10A4, 0x10A4, 0x10A4, 0x10A4, 0x10A4, 0x10A4, 0x10A4,
    0x10A4, 0x10A4, 0x10A4, 0x10A4, 0x10A4, 0x10A4, 0x10A4, 0x10A4,
    0x10A4, 0x10A4, 0x10A4, 0x10A4, 0x10A4, 0x10A4, 0x10A4, 0x10A4,
    0x10A4, 0x10A4, 0x10A4, 0x10A4, 0x10A4, 0x10A4, 0x10A4, 0x10A4,
    0x10A4, 0x10A4, 0x10A4, 0x10A4, 0x10A4, 0x10A4, 0x10A4, 0x10A4,
    0x10A4, 0x10A4, 0x10A4, 0x10A4, 0x10A4, 0x10A4, 0x10A4, 0x10A4,
    0x10A4, 0x10A4, 0x10A4, 0x10A4, 0x10A4, 0x10A4, 0x10A4, 0x10A4,
    0x10A4, 0x10A4, 0x10A4, 0x10A4, 0x10A4, 0x10A4, 0x10A4, 0x10A4,
    0x10A4, 0x10A4, 0x10A4, 0x10A4, 0x10A4, 0x10A4, 0x10A4, 0x10A4,
    0x10A4, 0x10A4, 0x10A4, 0x10A4, 0x10A4, 0x10A4, 0x10A4, 0x10A4,
    0x10A4, 0x10A4, 0x10A4, 0x10A4, 0x10A4, 0x10A4, 0x10A4, 0x10A4,
    0x10A4, 0x10A4, 0x10A4, 0x10A4, 0x10A4, 0x10A4, 0x10A4, 0x10A4,
    0x10A4, 0x10A4, 0x10A4, 0x10A4, 0x10A4, 0x10A4, 0x10A4, 0x10A4,
    0x10A4, 0x10A4, 0x10A4, 0x10A4, 0x10A4, 0x10A4, 0x10A4, 0x10A4,
    0x10A4, 0x10A4, 0x10A4, 0x10A4, 0x10A4, 0x10A4, 0x10A4, 0x10A4,
    0x10A4, 0x10A4, 0x10A4, 0x10A4, 0x10A4, 0x10A4, 0x10A4, 0x10A4,
    0x10A4, 0x10A4, 0x10A4, 0x10A4, 0x10A4, 0x10A4, 0x10A4, 0x10A4,
    0x10A4, 0x10A4, 0x10A4, 0x10A4, 0x10A4, 0x10A4, 0x10A4, 0x10A4,
    0x10A4, 0x10A4, 0x10A4, 0x10A4, 0x10A4, 0x10A4, 0x10A4, 0x10A4,
    0x10A4, 0x10A4, 0x10A4, 0x10A4, 0x10A4, 0x10A4, 0x10A4, 0x10A4,
    0x10A4, 0x10A4, 0x10A4, 0x10A4, 0x10A4, 0x10A4, 0x10A4, 0x10A4,
    0x10A4, 0x10A4, 0x10A4, 0x10A4, 0x10A4, 0x10A4, 0x10A4, 0x10A4,
    0x10A4, 0x10A4, 0x10A4, 0x10A4, 0x10A4, 0x10A4, 0x10A4, 0x10A4,
    0x10A4, 0x10A4, 0x10A4, 0x10A4, 0x10A4, 0x10A4, 0x10A4, 0x10A4,
    0x10A4, 0x10A4, 0x10A4, 0x10A4, 0x10A4, 0x10A4, 0x10A4, 0x10A4,
    0x10A4, 0x10A4, 0x10A4, 0x10A4, 0x10A4, 0x10A4, 0x10A4, 0x10A4,
    0x10A4, 0x10A4, 0x10A4, 0x10A4, 0x10A4, 0x10A4, 0x10A4, 0x10A4,
    0x10A4, 0x10A4, 0x10A4, 0x10A4, 0x10A4, 0x10A4, 0x10A4, 0x10A4,
    0x10A4, 0x10A4, 0x10A4, 0x10A4, 0x10A4, 0x10A4, 0x10A4, 0x10A4,
    0x10A4, 0x10A4, 0x10A4, 0x10A4, 0x10A4, 0x10A4, 0x10A4, 0x10A4,
    0x10A4, 0x10A4, 0x10A4, 0x10A4, 0x10A4, 0x10A4, 0x10A4, 0x10A4,
    0x10A4, 0x10A4, 0x10A4, 0x10A4, 0x10A4, 0x10A4, 0x10A4, 0x10A4,
    0x10A4, 0x10A4, 0x10A4, 0x10A4, 0x10A4, 0x10A4, 0x10A4, 0x10A4,
    0x10A4, 0x10A4, 0x10A4, 0x10A4, 0x10A4, 0x10A4, 0x10A4, 0x10A4,
    0x10A4, 0x10A4, 0x10A4, 0x10A4, 0x10A4, 0x10A4, 0x10A4, 0x10A4,
    0x10A4, 0x10A4, 0x10A4, 0x10A4, 0x10A4, 0x10A4, 0x10A4, 0x10A4,
    0x10A4, 0x10A4, 0x10A4, 0x10A4, 0x10A4, 0x10A4, 0x10A4, 0x10A4,
    0x10A4, 0x10A4, 0x10A4, 0x10A4, 0x10A4, 0x10A4, 0x10A4, 0x10A4,
    0x10A4, 0x10A4, 0x10A4, 0x10A4, 0x10A4, 0x10A4, 0x10A4, 0x10A4,
    0x10A4, 0x10A4, 0x10A4, 0x10A4, 0x10A4, 0x10A4, 0x10A4, 0x10A4,
    0x10A4, 0x10A4, 0x10A4, 0x10A4, 0x10A4, 0x10A4, 0x10A4, 0x10A4,
    0x10A4, 0x10A4, 0x10A4, 0x10A4, 0x10A4, 0x10A4, 0x10A4, 0x10A4,
    0x10A4, 0x10A4, 0x10A4, 0x10A4, 0x10A4, 0x10A4, 0x10A4, 0x10A4,
    0x10A4, 0x10A4, 0x10A4, 0x10A4, 0x10A4, 0x10A4, 0x10A4, 0x10A4,
    0x10A4, 0x10A4, 0x10A4, 0x10A4, 0x10A4, 0x10A4, 0x10A4, 0x10A4,
    0x10A4, 0x10A4, 0x10A4, 0x10A4, 0x10A4, 0x10A4, 0x10A4, 0x10A4,
    0x10A4, 0x10A4, 0x10A4, 0x10A4, 0x10A4, 0x10A4, 0x10A4, 0x10A4,
    0x10A4, 0x10A4, 0x10A4, 0x10A4, 0x10A4, 0x10A4, 0x10A4, 0x10A4,
    0x10A4, 0x10A4, 0x10A4, 0x10A4, 0x10A4, 0x10A4, 0x10A4, 0x10A4,
    0x10A4, 0x10A4, 0x10A4, 0x10A4, 0x10A4, 0x10A4, 0x10A4, 0x10A4,
    0x10A4, 0x10A4, 0x10A4, 0x10A4, 0x10A4, 0x10A4, 0x10A4, 0x10A4,
    0x10A4, 0x10A4, 0x10A4, 0x10A4, 0x10A4, 0x10A4, 0x10A4, 0x10A4,
    0x10A4, 0x10A4, 0x10A4, 0x10A4, 0x10A4, 0x10A4, 0x10A4, 0x10A4,
    0x10A4, 0x10A4, 0x10A4, 0x10A4, 0x10A4, 0x10A4, 0x10A4, 0x10A4,
    0x10A4, 0x10A4, 0x10A4, 0x10A4, 0x10A4, 0x10A4, 0x10A4, 0x10A4,
    0x10A4, 0x10A4, 0x10A4, 0x10A4, 0x10A4, 0x10A4, 0x10A4, 0x10A4,
    0x10A4, 0x10A4, 0x10A4, 0x10A4, 0x10A4, 0x10A4, 0x10A4, 0x10A4,
    0x10A4, 0x10A4, 0x10A4, 0x10A4, 0x10A4, 0x10A4, 0x10A4, 0x10A4,
    0x10A4, 0x10A4, 0x10A4, 0x10A4, 0x10A4, 0x10A4, 0x10A4, 0x10A4,
    0x10A4, 0x10A4, 0x10A4, 0x10A4, 0x10A4, 0x10A4, 0x10A4, 0x10A4,
    0x10A4, 0x10A4, 0x10A4, 0x10A4, 0x10A4, 0x10A4, 0x10A4, 0x10A4,
    0x10A4, 0x10A4, 0x10A4, 0x10A4, 0x10A4, 0x10A4, 0x10A4, 0x10A4,
    0x10A4, 0x10A4, 0x10A4, 0x10A4, 0x10A4, 0x10A4, 0x10A4, 0x10A4,
    0x10A4, 0x10A4, 0x10A4, 0x10A4, 0x10A4, 0x10A4, 0x10A4, 0x10A4,
    0x10A4, 0x10A4, 0x10A4, 0x10A4, 0x10A4, 0x10A4, 0x10A4, 0x10A4,
    0x10A4, 0x10A4, 0x10A4, 0x10A4, 0x10A4, 0x10A4, 0x10A4, 0x10A4,
    0x10A4, 0x10A4, 0x10A4, 0x10A4, 0x10A4, 0x10A4, 0x10A4, 0x10A4,
    0x10A4, 0x10A4, 0x10A4, 0x10A4, 0x10A4, 0x10A4, 0x10A4, 0x10A4,
    0x10A4, 0x10A4, 0x10A4, 0x10A4, 0x10A4, 0x10A4, 0x10A4, 0x10A4,
    0x10A4, 0x10A4, 0x10A4, 0x10A4, 0x10A4, 0x10A4, 0x10A4, 0x10A4,
    0x10A4, 0x10A4, 0x10A4, 0x10A4, 0x10A4, 0x10A4, 0x10A4, 0x10A4,
    0x10A4, 0x10A4, 0x10A4, 0x10A4, 0x10A4, 0x10A4, 0x10A4, 0x10A4,
    0x10A4, 0x10A4, 0x10A4, 0x10A4, 0x10A4, 0x10A4, 0x10A4, 0x10A4,
    0x10A4, 0x10A4, 0x10A4, 0x10A4, 0x10A4, 0x10A4, 0x10A4, 0x10A4,
    0x10A4, 0x10A4, 0x10A4, 0x10A4, 0x10A4, 0x10A4, 0x10A4, 0x10A4,
    0x10A4, 0x10A4, 0x10A4, 0x10A4, 0x10A4, 0x10A4, 0x10A4, 0x10A4,
    0x10A4, 0x10A4, 0x10A4, 0x10A4, 0x10A4, 0x10A4, 0x10A4, 0x10A4,
    0x10A4, 0x10A4, 0x10A4, 0x10A4, 0x10A4, 0x10A4, 0x10A4, 0x10A4,
    0x10A4, 0x10A4, 0x10A4, 0x10A4, 0x10A4, 0x10A4, 0x10A4, 0x10A4,
    0x10A4, 0x10A4, 0x10A4, 0x10A4, 0x10A4, 0x10A4, 0x10A4, 0x10A4,
    0x10A4, 0x10A4, 0x10A4, 0x10A4, 0x10A4, 0x10A4, 0x10A4, 0x10A4,
    0x10A4, 0x10A4, 0x10A4, 0x10A4, 0x10A4, 0x10A4, 0x10A4, 0x10A4,
    0x10A4, 0x10A4, 0x10A4, 0x10A4, 0x10A4, 0x10A4, 0x10A4, 0x10A4,
    0x10A4, 0x10A4, 0x10A4, 0x10A4, 0x10A4, 0x10A4, 0x10A4, 0x10A4,
    0x10A4, 0x10A4, 0x10A4, 0x10A4, 0x10A4, 0x10A4, 0x10A4, 0x10A4,
    0x10A4, 0x10A4, 0x10A4, 0x10A4, 0x10A4, 0x10A4, 0x10A4, 0x10A4,
    0x10A4, 0x10A4, 0x10A4, 0x10A4, 0x10A4, 0x10A4, 0x10A4, 0x10A4,
    0x10A4, 0x10A4, 0x10A4, 0x10A4, 0x10A4, 0x10A4, 0x10A4, 0x10A4,
    0x10A4, 0x10A4, 0x10A4, 0x10A4, 0x10A4, 0x10A4, 0x10A4, 0x10A4,
    0x10A4, 0x10A4, 0x10A4, 0x10A4, 0x10A4, 0x10A4, 0x10A4, 0x10A4,
    0x10A4, 0x10A4, 0x10A4, 0x10A4, 0x10A4, 0x10A4, 0x10A4, 0x10A4,
    0x10A4, 0x10A4, 0x10A4, 0x10A4, 0x10A4, 0x10A4, 0x10A4, 0x10A4,
    0x10A4, 0x10A4, 0x10A4, 0x10A4, 0x10A4, 0x10A4, 0x10A4, 0x10A4,
    0x10A4, 0x10A4, 0x10A4, 0x10A4, 0x10A4, 0x10A4, 0x10A4, 0x10A4,
    0x10A4, 0x10A4, 0x10A4, 0x10A4, 0x10A4, 0x10A4, 0x10A4, 0x10A4,
    0x10A4, 0x10A4, 0x10A4, 0x10A4, 0x10A4, 0x10A4, 0x10A4, 0x10A4,
    0x10A4, 0x10A4, 0x10A4, 0x10A4, 0x10A4, 0x10A4, 0x10A4, 0x10A4,
    0x10A4, 0x10A4, 0x10A4, 0x10A4, 0x10A4, 0x10A4, 0x10A4, 0x10A4,
    0x10A4, 0x10A4, 0x10A4, 0x10A4, 0x10A4, 0x10A4, 0x10A4, 0x10A4,
    0x10A4, 0x10A4, 0x10A4, 0x10A4, 0x10A4, 0x10A4, 0x10A4, 0x10A4,
    0x10A4, 0x10A4, 0x10A4, 0x10A4, 0x10A4, 0x10A4, 0x10A4, 0x10A4,
    0x10A4, 0x10A4, 0x10A4, 0x10A4, 0x10A4, 0x10A4, 0x10A4, 0x10A4,
    0x10A4, 0x10A4, 0x10A4, 0x10A4, 0x10A4, 0x10A4, 0x10A4, 0x10A4,
    0x10A4, 0x10A4, 0x10A4, 0x10A4, 0x10A4, 0x10A4, 0x10A4, 0x10A4,
    0x10A4, 0x10A4, 0x10A4, 0x10A4, 0x10A4, 0x10A4, 0x10A4, 0x10A4,
    0x10A4, 0x10A4, 0x10A4, 0x10A4, 0x10A4, 0x10A4, 0x10A4, 0x10A4,
    0x10A4, 0x10A4, 0x10A4, 0x10A4, 0x10A4, 0x10A4, 0x10A4, 0x10A4,
    0x10A4, 0x10A4, 0x10A4, 0x10A4, 0x10A4, 0x10A4, 0x10A4, 0x10A4,
    0x10A4, 0x10A4, 0x10A4, 0x10A4, 0x10A4, 0x10A4, 0x10A4, 0x10A4,
    0x10A4, 0x10A4, 0x10A4, 0x10A4, 0x10A4, 0x10A4, 0x10A4, 0x10A4,
    0x10A4, 0x10A4, 0x10A4, 0x10A4, 0x10A4, 0x10A4, 0x10A4, 0x10A4,
    0x10A4, 0x10A4, 0x10A4, 0x10A4, 0x10A4, 0x10A4, 0x10A4, 0x10A4,
    0x10A4, 0x10A4, 0x10A4, 0x10A4, 0x10A4, 0x10A4, 0x10A4, 0x10A4,
    0x10A4, 0x10A4, 0x10A4, 0x10A4, 0x10A4, 0x10A4, 0x10A4, 0x10A4,
    0x10A4, 0x10A4, 0x10A4, 0x10A4, 0x10A4, 0x10A4, 0x10A4, 0x10A4,
    0x10A4, 0x10A4, 0x10A4, 0x10A4, 0x10A4, 0x10A4, 0x10A4, 0x10A4,
    0x10A4, 0x10A4, 0x10A4, 0x10A4, 0x10A4, 0x10A4, 0x10A4, 0x10A4,
    0x10A4, 0x10A4, 0x10A4, 0x10A4, 0x10A4, 0x10A4, 0x10A4, 0x10A4,
    0x10A4, 0x10A4, 0x10A4, 0x10A4, 0x10A4, 0x10A4, 0x10A4, 0x10A4,
    0x10A4, 0x10A4, 0x10A4, 0x10A4, 0x10A4, 0x10A4, 0x10A4, 0x10A4,
    0x10A4, 0x10A4, 0x10A4, 0x10A4, 0x10A4, 0x10A4, 0x10A4, 0x10A4,
    0x10A4, 0x10A4, 0x10A4, 0x10A4, 0x10A4, 0x10A4, 0x10A4, 0x10A4,
    0x10A4, 0x10A4, 0x10A4, 0x10A4, 0x10A4, 0x10A4, 0x10A4, 0x10A4,
    0x10A4, 0x10A4, 0x10A4, 0x10A4, 0x10A4, 0x10A4, 0x10A4, 0x10A4,
    0x10A4, 0x10A4, 0x10A4, 0x10A4, 0x10A4, 0x10A4, 0x10A4, 0x10A4,
    0x10A4, 0x10A4, 0x10A4, 0x10A4, 0x10A4, 0x10A4, 0x10A4, 0x10A4,
    0x10A4, 0x10A4, 0x10A4, 0x10A4, 0x10A4, 0x10A4, 0x10A4, 0x10A4,
    0x10A4, 0x10A4, 0x10A4, 0x10A4, 0x10A4, 0x10A4, 0x10A4, 0x10A4,
    0x10A4, 0x10A4, 0x10A4, 0x10A4, 0x10A4, 0x10A4, 0x10A4, 0x10A4,
    0x10A4, 0x10A4, 0x10A4, 0x10A4, 0x10A4, 0x10A4, 0x10A4, 0x10A4,
    0x10A4, 0x10A4, 0x10A4, 0x10A4, 0x10A4, 0x10A4, 0x10A4, 0x10A4,
    0x10A4, 0x10A4, 0x10A4, 0x10A4, 0x10A4, 0x10A4, 0x10A4, 0x10A4,
    0x10A4, 0x10A4, 0x10A4, 0x10A4, 0x10A4, 0x10A4, 0x10A4, 0x10A4,
    0x10A4, 0x10A4, 0x10A4, 0x10A4, 0x10A4, 0x10A4, 0x10A4, 0x10A4,
    0x10A4, 0x10A4, 0x10A4, 0x10A4, 0x10A4, 0x10A4, 0x10A4, 0x10A4,
    0x10A4, 0x10A4, 0x10A4, 0x10A4, 0x10A4, 0x10A4, 0x18C3, 0x20E2,
    0x20E2, 0x20E2, 0x10C4, 0x10A4, 0x10A4, 0x10A4, 0x10A4, 0x10A4,
    0x10A4, 0x10A4, 0x10A4, 0x10A4, 0x10A4, 0x10A4, 0x10A4, 0x10A4,
    0x10A4, 0x10A4, 0x10A4, 0x10A4, 0x10A4, 0x10A4, 0x10A4, 0x10A4,
    0x10A4, 0x10A4, 0x10A4, 0x10A4, 0x10A4, 0x10A4, 0x10A4, 0x10A4,
    0x10A4, 0x10A4, 0x10A4, 0x10A4, 0x10A4, 0x10A4, 0x10A4, 0x10A4,
    0x10A4, 0x10A4, 0x10A4, 0x10A4, 0x10A4, 0x10A4, 0x10A4, 0x10A4,
    0x10A4, 0x10A4, 0x10A4, 0x10A4, 0x10A4, 0x10A4, 0x10A4, 0x10A4,
    0x10A4, 0x10A4, 0x10A4, 0x10A4, 0x10A4, 0x10A4, 0x10A4, 0x10A4,
    0x10A4, 0x10A4, 0x10A4, 0x10A4, 0x10A4, 0x10A4, 0x10A4, 0x10A4,
    0x10A4, 0x10A4, 0x10A4, 0x10A4, 0x10A4, 0x10A4, 0x10A4, 0x10A4,
    0x10A4, 0x10A4, 0x10A4, 0x10A4, 0x10A4, 0x10A4, 0x10A4, 0x10A4,
    0x10A4, 0x10A4, 0x10A4, 0x10A4, 0x10A4, 0x10A4, 0x10A4, 0x10A4,
    0x10A4, 0x10A4, 0x10A4, 0x10A4, 0x10A4, 0x10A4, 0x10A4, 0x10A4,
    0x10A4, 0x10A4, 0x10A4, 0x10A4, 0x10A4, 0x10A4, 0x10A4, 0x10A4,
    0x10A4, 0x10A4, 0x10A4, 0x10A4, 0x10A4, 0x10A4, 0x10A4, 0x10A4,
    0x10A4, 0x10A4, 0x10A4, 0x10A4, 0x10A4, 0x10A4, 0x10A4, 0x10A4,
    0x10A4, 0x10A4, 0x10A4, 0x10A4, 0x10A4, 0x10A4, 0x10A4, 0x10A4,
    0x10A4, 0x10A4, 0x10A4, 0x10A4, 0x10A4, 0x10A4, 0x10A4, 0x10A4,
    0x10A4, 0x10A4, 0x10A4, 0x10A4, 0x10A4, 0x10A4, 0x10A4, 0x10A4,
    0x10A4, 0x10A4, 0x10A4, 0x10A4, 0x10A4, 0x10A4, 0x10A4, 0x10A4,
    0x10A4, 0x10A4, 0x10A4, 0x10A4, 0x10A4, 0x10A4, 0x10A4, 0x10A4,
    0x10A4, 0x10A4, 0x10A4, 0x10A4, 0x10A4, 0x10A4, 0x10A4, 0x10A4,
    0x10A4, 0x10A4, 0x10A4, 0x10A4, 0x10A4, 0x10A4, 0x10A4, 0x10A4,
    0x10A4, 0x10A4, 0x10A4, 0x10A4, 0x10A4, 0x10A4, 0x10A4, 0x10A4,
    0x10A4, 0x10A4, 0x10A4, 0x10A4, 0x10A4, 0x10A4, 0x10A4, 0x10A4,
    0x10A4, 0x10A4, 0x10A4, 0x10A4, 0x10A4, 0x10A4, 0x10A4, 0x10A4,
    0x10A4, 0x10A4, 0x10A4, 0x10A4, 0x10A4, 0x10A4, 0x10A4, 0x10A4,
    0x10A4, 0x10A4, 0x10A4, 0x10A4, 0x10A4, 0x10A4, 0x10A4, 0x10A4,
    0x10A4, 0x10A4, 0x10A4, 0x10A4, 0x10A4, 0x10A4, 0x10A4, 0x10A4,
    0x10A4, 0x10A4, 0x10A4, 0x10A4, 0x18C3, 0x3121, 0x3940, 0x3940,
    0x3940, 0x3940, 0x3940, 0x2902, 0x10C4, 0x10A4, 0x10A4, 0x10A4,
    0x10A4, 0x10A4, 0x10A4, 0x10A4, 0x10A4, 0x10A4, 0x10A4, 0x10A4,
    0x10A4, 0x10A4, 0x10A4, 0x10A4, 0x10A4, 0x10A4, 0x10A4, 0x10A4,
    0x10A4, 0x10A4, 0x10A4, 0x10A4, 0x10A4, 0x10A4, 0x10A4, 0x10A4,
    0x10A4, 0x10A4, 0x10A4, 0x10A4, 0x10A4, 0x10A4, 0x10A4, 0x10A4,
    0x10A4, 0x10A4, 0x10A4, 0x10A4, 0x10A4, 0x10A4, 0x10A4, 0x10A4,
    0x10A4, 0x10A4, 0x10A4, 0x10A4, 0x10A4, 0x10A4, 0x10A4, 0x10A4,
    0x10A4, 0x10A4, 0x10A4, 0x10A4, 0x10A4, 0x10A4, 0x10A4, 0x10A4,
    0x10A4, 0x10A4, 0x10A4, 0x10A4, 0x10A4, 0x10A4, 0x10A4, 0x10A4,
    0x10A4, 0x10A4, 0x10A4, 0x10A4, 0x10A4, 0x10A4, 0x10A4, 0x10A4,
    0x10A4, 0x10A4, 0x10A4, 0x10A4, 0x10A4, 0x10A4, 0x10A4, 0x10A4,
    0x10A4, 0x10A4, 0x10A4, 0x10A4, 0x10A4, 0x10A4, 0x10A4, 0x10A4,
    0x10A4, 0x10A4, 0x10A4, 0x10A4, 0x10A4, 0x10A4, 0x10A4, 0x10A4,
    0x10A4, 0x10A4, 0x10A4, 0x10A4, 0x10A4, 0x18C3, 0x20E3, 0x20E2,
    0x2902, 0x20E2, 0x10C4, 0x10A4, 0x10A4, 0x10A4, 0x10A4, 0x10A4,
    0x10A4, 0x10A4, 0x10A4, 0x10A4, 0x10A4, 0x10A4, 0x10A4, 0x10A4,
    0x10A4, 0x10A4, 0x10A4, 0x10A4, 0x10A4, 0x10A4, 0x10A4, 0x10A4,
    0x10A4, 0x10A4, 0x10A4, 0x10A4, 0x10A4, 0x10A4, 0x10A4, 0x10A4,
    0x10A4, 0x20E2, 0x3101, 0x3920, 0x3940, 0x3940, 0x3940, 0x3940,
    0x3940, 0x3940, 0x3940, 0x3940, 0x3940, 0x3940, 0x3940, 0x3920,
    0x3101, 0x20E2, 0x10A4, 0x10A4, 0x10A4, 0x10A4, 0x10A4, 0x10A4,
    0x10A4, 0x10A4, 0x10A4, 0x10A4, 0x10A4, 0x10A4, 0x10A4, 0x10A4,
    0x10A4, 0x10A4, 0x10A4, 0x10A4, 0x10A4, 0x10A4, 0x10A4, 0x10A4,
    0x10A4, 0x10A4, 0x10A4, 0x10A4, 0x10A4, 0x10A4, 0x10A4, 0x10A4,
    0x10A4, 0x10A4, 0x10A4, 0x10A4, 0x10A4, 0x10A4, 0x10A4, 0x10A4,
    0x10A4, 0x10A4, 0x10A4, 0x10A4, 0x10A4, 0x10A4, 0x10A4, 0x10A4,
    0x10A4, 0x10A4, 0x10A4, 0x10A4, 0x10A4, 0x10A4, 0x10A4, 0x10A4,
    0x10A4, 0x10A4, 0x10A4, 0x10A4, 0x10A4, 0x10A4, 0x10A4, 0x10A4,
    0x10A4, 0x10A4, 0x10A4, 0x10A4, 0x10A4, 0x10A4, 0x10A4, 0x10A4,
    0x10A4, 0x10A4, 0x10A4, 0x18C3, 0x3920, 0x3940, 0x3940, 0x3940,
    0x3940, 0x3940, 0x3940, 0x3940, 0x3920, 0x18E3, 0x10A4, 0x10A4,
    0x10A4, 0x10A4, 0x10A4, 0x10A4, 0x10A4, 0x10A4, 0x10A4, 0x10A4,
    0x10A4, 0x10A4, 0x10A4, 0x10A4, 0x10A4, 0x10A4, 0x10A4, 0x10A4,
    0x10A4, 0x10A4, 0x10A4, 0x10A4, 0x10A4, 0x10A4, 0x10A4, 0x10A4,
    0x10A4, 0x10A4, 0x10A4, 0x10A4, 0x10A4, 0x10A4, 0x10A4, 0x10A4,
    0x10A4, 0x10A4, 0x10A4, 0x10A4, 0x10A4, 0x10A4, 0x10A4, 0x10A4,
    0x10A4, 0x10A4, 0x10A4, 0x10A4, 0x10A4, 0x10A4, 0x10A4, 0x10A4,
    0x10A4, 0x10A4, 0x10A4, 0x10A4, 0x10A4, 0x10A4, 0x10A4, 0x10A4,
    0x10A4, 0x10A4, 0x10A4, 0x10A4, 0x10A4, 0x10A4, 0x10A4, 0x10A4,
    0x10A4, 0x10A4, 0x10A4, 0x10A4, 0x10A4, 0x10A4, 0x10A4, 0x10A4,
    0x10A4, 0x10A4, 0x10A4, 0x10A4, 0x10A4, 0x10A4, 0x10A4, 0x10A4,
    0x10A4, 0x10A4, 0x10A4, 0x10A4, 0x10A4, 0x10A4, 0x10A4, 0x10A4,
    0x10A4, 0x10A4, 0x10A4, 0x10A4, 0x10A4, 0x10A4, 0x10A4, 0x10A4,
    0x10C4, 0x18C3, 0x20E2, 0x2901, 0x3920, 0x3940, 0x3940, 0x3940,
    0x3940, 0x3940, 0x3940, 0x2902, 0x10A4, 0x10A4, 0x10A4, 0x10A4,
    0x10A4, 0x10A4, 0x10A4, 0x10A4, 0x10A4, 0x10A4, 0x10A4, 0x10A4,
    0x10A4, 0x10A4, 0x10A4, 0x10A4, 0x10A4, 0x10A4, 0x10A4, 0x10A4,
    0x10A4, 0x10A4, 0x10A4, 0x10A4, 0x10A4, 0x10A4, 0x10A4, 0x10C4,
    0x3121, 0x3940, 0x3940, 0x3940, 0x3940, 0x3940, 0x3940, 0x3940,
    0x3940, 0x3940, 0x3940, 0x3940, 0x3940, 0x3940, 0x3940, 0x3940,
    0x3940, 0x3940, 0x3121, 0x18C3, 0x10A4, 0x10A4, 0x10A4, 0x10A4,
    0x10A4, 0x10A4, 0x10A4, 0x10A4, 0x10A4, 0x10A4, 0x10A4, 0x10A4,
    0x10A4, 0x10A4, 0x10A4, 0x10A4, 0x10A4, 0x10A4, 0x10A4, 0x10A4,
    0x10A4, 0x10A4, 0x10A4, 0x10A4, 0x10A4, 0x10A4, 0x10A4, 0x10A4,
    0x10A4, 0x10A4, 0x10A4, 0x10A4, 0x10A4, 0x10A4, 0x10A4, 0x10A4,
    0x10A4, 0x10A4, 0x10A4, 0x10A4, 0x10A4, 0x10A4, 0x10A4, 0x10A4,
    0x10A4, 0x10A4, 0x10A4, 0x10A4, 0x10A4, 0x10A4, 0x10A4, 0x10A4,
    0x10A4, 0x10A4, 0x10A4, 0x10A4, 0x10A4, 0x10A4, 0x10A4, 0x10A4,
    0x10A4, 0x10A4, 0x10A4, 0x10A4, 0x10A4, 0x10A4, 0x10A4, 0x10A4,
    0x10A4, 0x10A4, 0x10C4, 0x3920, 0x3940, 0x3940, 0x3940, 0x3940,
    0x3940, 0x3940, 0x3940, 0x3940, 0x3940, 0x3940, 0x2902, 0x10A4,
    0x10A4, 0x10A4, 0x10A4, 0x10A4, 0x10A4, 0x10A4, 0x10A4, 0x10A4,
    0x10A4, 0x10A4, 0x10A4, 0x10A4, 0x10A4, 0x10A4, 0x10A4, 0x10A4,
    0x10A4, 0x10A4, 0x10A4, 0x10A4, 0x10A4, 0x10A4, 0x10A4, 0x10A4,
    0x10A4, 0x10A4, 0x10A4, 0x10A4, 0x10A4, 0x10A4, 0x10A4, 0x10A4,
    0x10A4, 0x10A4, 0x10A4, 0x10A4, 0x10A4, 0x10A4, 0x10A4, 0x10A4,
    0x10A4, 0x10A4, 0x10A4, 0x10A4, 0x10A4, 0x10A4, 0x10A4, 0x10A4,
    0x10A4, 0x10A4, 0x10A4, 0x10A4, 0x10A4, 0x10A4, 0x10A4, 0x10A4,
    0x10A4, 0x10A4, 0x10A4, 0x10A4, 0x10A4, 0x10A4, 0x10A4, 0x10A4,
    0x10A4, 0x10A4, 0x10A4, 0x10A4, 0x10A4, 0x10A4, 0x10A4, 0x10A4,
    0x10A4, 0x10A4, 0x10A4, 0x10A4, 0x10A4, 0x10A4, 0x10A4, 0x10A4,
    0x10A4, 0x10A4, 0x10A4, 0x10A4, 0x10A4, 0x10A4, 0x10A4, 0x10A4,
    0x10A4, 0x10A4, 0x10A4, 0x10A4, 0x18C3, 0x20E3, 0x2902, 0x3121,
    0x3940, 0x3940, 0x3940, 0x3940, 0x3940, 0x3940, 0x3940, 0x3940,
    0x3940, 0x3940, 0x3940, 0x3940, 0x2901, 0x10A4, 0x10A4, 0x10A4,
    0x10A4, 0x10A4, 0x10A4, 0x10A4, 0x10A4, 0x10A4, 0x10A4, 0x10A4,
    0x10A4, 0x10A4, 0x10A4, 0x10A4, 0x10A4, 0x10A4, 0x10A4, 0x10A4,
    0x10A4, 0x10A4, 0x10A4, 0x10A4, 0x10A4, 0x10A4, 0x10A4, 0x3121,
    0x3940, 0x3940, 0x3940, 0x3940, 0x3940, 0x3940, 0x3940, 0x3940,
    0x3940, 0x3940, 0x3940, 0x3940, 0x3940, 0x3940, 0x3940, 0x3940,
    0x3940, 0x3940, 0x3940, 0x3121, 0x10A4, 0x10A4, 0x10A4, 0x10A4,
    0x10A4, 0x10A4, 0x10A4, 0x10A4, 0x10A4, 0x10A4, 0x10A4, 0x10A4,
    0x10A4, 0x10A4, 0x10A4, 0x10A4, 0x10A4, 0x10A4, 0x10A4, 0x10A4,
    0x10A4, 0x10A4, 0x10A4, 0x10A4, 0x10A4, 0x10A4, 0x10A4, 0x10A4,
    0x10A4, 0x10A4, 0x10A4, 0x10A4, 0x10A4, 0x10A4, 0x10A4, 0x10A4,
    0x10A4, 0x10A4, 0x10A4, 0x10A4, 0x10A4, 0x10A4, 0x10A4, 0x10A4,
    0x10A4, 0x10A4, 0x10A4, 0x10A4, 0x10A4, 0x10A4, 0x10A4, 0x10A4,
    0x10A4, 0x10A4, 0x10A4, 0x10A4, 0x10A4, 0x10A4, 0x10A4, 0x10A4,
    0x10A4, 0x10A4, 0x10A4, 0x10A4, 0x10A4, 0x10A4, 0x10A4, 0x10A4,
    0x10A4, 0x10A4, 0x3101, 0x3940, 0x3940, 0x3940, 0x3940, 0x3940,
    0x3940, 0x3940, 0x3940, 0x3940, 0x3940, 0x3940, 0x3940, 0x3121,
    0x18C3, 0x10A4, 0x10A4, 0x10A4, 0x10A4, 0x20E2, 0x3101, 0x3920,
    0x3940, 0x3940, 0x3940, 0x3940, 0x3940, 0x3940, 0x3940, 0x3940,
    0x3940, 0x3940, 0x3940, 0x3940, 0x3940, 0x3940, 0x3940, 0x3940,
    0x3940, 0x3940, 0x3940, 0x3940, 0x3940, 0x3940, 0x3940, 0x3940,
    0x3940, 0x3940, 0x3940, 0x3940, 0x3940, 0x3940, 0x3940, 0x3940,
    0x3940, 0x3940, 0x3940, 0x3940, 0x3940, 0x3940, 0x3940, 0x3940,
    0x3940, 0x3940, 0x3940, 0x3940, 0x3940, 0x3940, 0x3940, 0x3940,
    0x3940, 0x3940, 0x3940, 0x3940, 0x3940, 0x3940, 0x3940, 0x3940,
    0x3940, 0x3940, 0x3940, 0x3940, 0x3940, 0x3940, 0x3940, 0x3940,
    0x3940, 0x3940, 0x3940, 0x3940, 0x3121, 0x2901, 0x18E3, 0x10A4,
    0x10A4, 0x10A4, 0x10A4, 0x10A4, 0x10A4, 0x10A4, 0x10A4, 0x10A4,
    0x10A4, 0x10A4, 0x20E3, 0x3121, 0x3940, 0x3940, 0x3940, 0x3940,
    0x3940, 0x3940, 0x3940, 0x3940, 0x3940, 0x3940, 0x3940, 0x3940,
    0x3940, 0x3940, 0x3940, 0x3940, 0x3940, 0x20E3, 0x10A4, 0x10A4,
    0x10A4, 0x10A4, 0x10A4, 0x10A4, 0x10A4, 0x10A4, 0x10A4, 0x10A4,
    0x10A4, 0x10A4, 0x10A4, 0x10A4, 0x10A4, 0x10A4, 0x10A4, 0x10A4,
    0x10A4, 0x10A4, 0x10A4, 0x10A4, 0x10A4, 0x10A4, 0x20E2, 0x3940,
    0x3940, 0x3940, 0x3940, 0x3940, 0x3940, 0x3940, 0x3940, 0x3940,
    0x3940, 0x3940, 0x3940, 0x3940, 0x3940, 0x3940, 0x3940, 0x3940,
    0x3940, 0x3940, 0x3940, 0x3940, 0x20E2, 0x10A4, 0x10A4, 0x10A4,
    0x10A4, 0x10A4, 0x10A4, 0x10A4, 0x10A4, 0x10A4, 0x10A4, 0x10A4,
    0x10A4, 0x10A4, 0x10A4, 0x10A4, 0x10A4, 0x10A4, 0x10A4, 0x10A4,
    0x10A4, 0x10A4, 0x10A4, 0x10A4, 0x10A4, 0x10A4, 0x10A4, 0x10A4,
    0x10A4, 0x10A4, 0x10A4, 0x10A4, 0x10A4, 0x10A4, 0x10A4, 0x10A4,
    0x10A4, 0x10A4, 0x10A4, 0x10A4, 0x10A4, 0x10A4, 0x10A4, 0x10A4,
    0x10A4, 0x10A4, 0x10A4, 0x10A4, 0x10A4, 0x10A4, 0x10A4, 0x10A4,
    0x10A4, 0x10A4, 0x10A4, 0x10A4, 0x10A4, 0x10A4, 0x10A4, 0x10A4,
    0x10A4, 0x10A4, 0x10A4, 0x10A4, 0x10A4, 0x10A4, 0x10A4, 0x10A4,
    0x10A4, 0x20E2, 0x3940, 0x3940, 0x3940, 0x3940, 0x3940, 0x3940,
    0x3940, 0x3940, 0x3940, 0x3940, 0x3940, 0x3940, 0x3940, 0x3940,
    0x3920, 0x20E3, 0x10A4, 0x10C4, 0x3121, 0x3940, 0x3940, 0x3940,
    0x3940, 0x3940, 0x3940, 0x3940, 0x3940, 0x3940, 0x3940, 0x3940,
    0x3940, 0x3940, 0x3940, 0x3940, 0x3940, 0x3940, 0x3940, 0x3940,
    0x3940, 0x3940, 0x3940, 0x3940, 0x3940, 0x3940, 0x3940, 0x3940,
    0x3940, 0x3940, 0x3940, 0x3940, 0x3940, 0x3940, 0x3940, 0x3940,
    0x3940, 0x3940, 0x3940, 0x3940, 0x3940, 0x3940, 0x3940, 0x3940,
    0x3940, 0x3940, 0x3940, 0x3940, 0x3940, 0x3940, 0x3940, 0x3940,
    0x3940, 0x3940, 0x3940, 0x3940, 0x3940, 0x3940, 0x3940, 0x3940,
    0x3940, 0x3940, 0x3940, 0x3940, 0x3940, 0x3940, 0x3940, 0x3940,
    0x3940, 0x3940, 0x3940, 0x3940, 0x3940, 0x3940, 0x3940, 0x2902,
    0x10A4, 0x10A4, 0x10A4, 0x10A4, 0x10A4, 0x10A4, 0x10A4, 0x10A4,
    0x10C4, 0x3121, 0x3940, 0x3940, 0x3940, 0x3940, 0x3940, 0x3940,
    0x3940, 0x3940, 0x3940, 0x3940, 0x3940, 0x3940, 0x3940, 0x3940,
    0x3940, 0x3940, 0x3940, 0x3940, 0x3940, 0x3121, 0x10A4, 0x10A4,
    0x10A4, 0x10A4, 0x10A4, 0x10A4, 0x10A4, 0x10A4, 0x10A4, 0x10A4,
    0x10A4, 0x10A4, 0x10A4, 0x10A4, 0x10A4, 0x10A4, 0x10A4, 0x10A4,
    0x10A4, 0x10A4, 0x10A4, 0x10A4, 0x10A4, 0x10A4, 0x3101, 0x3940,
    0x3940, 0x3940, 0x3940, 0x3940, 0x3940, 0x3940, 0x3940, 0x3940,
    0x3940, 0x3940, 0x3940, 0x3940, 0x3940, 0x3940, 0x3940, 0x3940,
    0x3940, 0x3940, 0x3940, 0x3940, 0x3121, 0x10A4, 0x10A4, 0x10A4,
    0x10A4, 0x10A4, 0x10A4, 0x10A4, 0x10A4, 0x10A4, 0x10A4, 0x10A4,
    0x10A4, 0x10A4, 0x10A4, 0x10A4, 0x10A4, 0x10A4, 0x10A4, 0x10A4,
    0x10A4, 0x10A4, 0x10A4, 0x10A4, 0x10A4, 0x10A4, 0x10A4, 0x10A4,
    0x10A4, 0x10A4, 0x10A4, 0x10A4, 0x10A4, 0x10A4, 0x10A4, 0x10A4,
    0x10A4, 0x10A4, 0x10A4, 0x10A4, 0x10A4, 0x10A4, 0x10A4, 0x10A4,
    0x10A4, 0x10A4, 0x10A4, 0x10A4, 0x10A4, 0x10A4, 0x10A4, 0x10A4,
    0x10A4, 0x10A4, 0x10A4, 0x10A4, 0x10A4, 0x10A4, 0x10A4, 0x10A4,
    0x10A4, 0x10A4, 0x10A4, 0x10A4, 0x10A4, 0x10A4, 0x10A4, 0x10A4,
    0x18C3, 0x3940, 0x3940, 0x3940, 0x3940, 0x3940, 0x3940, 0x4160,
    0xACA9, 0x3940, 0x3940, 0x3940, 0x3940, 0x3940, 0x3940, 0x3940,
    0x3940, 0x3940, 0x2902, 0x3121, 0x3940, 0x3940, 0x3940, 0x3940,
    0x3940, 0x3940, 0x3940, 0x3940, 0x3940, 0x3940, 0x3940, 0x3940,
    0x3940, 0x3940, 0x3940, 0x3940, 0x3940, 0x3940, 0x3940, 0x3940,
    0x3940, 0x3940, 0x3940, 0x3940, 0x3940, 0x3940, 0x3940, 0x3940,
    0x3940, 0x3940, 0x3940, 0x3940, 0x3940, 0x3940, 0x3940, 0x3940,
    0x3940, 0x3940, 0x3940, 0x3940, 0x3940, 0x3940, 0x3940, 0x3940,
    0x3940, 0x3940, 0x3940, 0x3940, 0x3940, 0x3940, 0x3940, 0x3940,
    0x3940, 0x3940, 0x3940, 0x3940, 0x3940, 0x3940, 0x3940, 0x3940,
    0x3940, 0x3940, 0x3940, 0x3940, 0x3940, 0x3940, 0x3940, 0x3940,
    0x3940, 0x3940, 0x3940, 0x3940, 0x3940, 0x3940, 0x3940, 0x3940,
    0x2902, 0x10A4, 0x10A4, 0x10A4, 0x10A4, 0x10A4, 0x10A4, 0x10A4,
    0x3101, 0x3940, 0x3940, 0x3940, 0x3940, 0x3940, 0x3940, 0x3940,
    0x3940, 0x3940, 0x3940, 0x3940, 0x3940, 0x3940, 0x3940, 0x3940,
    0x3940, 0x3940, 0x3940, 0x3940, 0x3940, 0x3940, 0x18C3, 0x10A4,
    0x10A4, 0x10A4, 0x10A4, 0x10A4, 0x10A4, 0x10A4, 0x10A4, 0x10A4,
    0x10A4, 0x10A4, 0x10A4, 0x10A4, 0x10A4, 0x10A4, 0x10A4, 0x10A4,
    0x10A4, 0x10A4, 0x10A4, 0x10A4, 0x10A4, 0x10A4, 0x3920, 0x3940,
    0x3940, 0x3940, 0x3940, 0x3940, 0x3940, 0x3940, 0x3940, 0x3940,
    0x3940, 0x3940, 0x3940, 0x3940, 0x3940, 0x3940, 0x3940, 0x3940,
    0x3940, 0x3940, 0x3940, 0x3940, 0x3940, 0x10A4, 0x10A4, 0x10A4,
    0x10A4, 0x10A4, 0x10A4, 0x10A4, 0x10A4, 0x10A4, 0x10A4, 0x10A4,
    0x10A4, 0x10A4, 0x10A4, 0x10A4, 0x10A4, 0x10A4, 0x10A4, 0x10A4,
    0x10A4, 0x10A4, 0x10A4, 0x10A4, 0x10A4, 0x10A4, 0x10A4, 0x10A4,
    0x10A4, 0x10A4, 0x10A4, 0x10A4, 0x10A4, 0x10A4, 0x10A4, 0x10A4,
    0x10A4, 0x10A4, 0x10A4, 0x10A4, 0x10A4, 0x10A4, 0x10A4, 0x10A4,
    0x10A4, 0x10A4, 0x10A4, 0x10A4, 0x10A4, 0x10A4, 0x10A4, 0x10A4,
    0x10A4, 0x10A4, 0x10A4, 0x10A4, 0x10A4, 0x10A4, 0x10A4, 0x10A4,
    0x10A4, 0x10A4, 0x10A4, 0x10A4, 0x10A4, 0x10A4, 0x10A4, 0x10C4,
    0x3121, 0x3940, 0x3940, 0x3940, 0x3940, 0x3940, 0x3940, 0xCD8B,
    0xFF72, 0xF6CF, 0x6243, 0x3940, 0x3940, 0x3940, 0x3940, 0x3940,
    0x3940, 0x3940, 0x3940, 0x3940, 0x3940, 0x3940, 0x3940, 0x3940,
    0x3940, 0x3940, 0x3940, 0x3940, 0x3940, 0x3940, 0x3940, 0x3940,
    0x3940, 0x3940, 0x3940, 0x3940, 0x3940, 0x3940, 0x3940, 0x3940,
    0x3940, 0x3940, 0x3940, 0x3940, 0x3940, 0x3940, 0x3940, 0x3940,
    0x3940, 0x3940, 0x3940, 0x3940, 0x3940, 0x3940, 0x3940, 0x3940,
    0x3940, 0x3940, 0x3940, 0x3940, 0x3940, 0x3940, 0x3940, 0x3940,
    0x3940, 0x3940, 0x3940, 0x3940, 0x3940, 0x3940, 0x3940, 0x3940,
    0x3940, 0x3940, 0x3940, 0x3940, 0x3940, 0x3940, 0x3940, 0x3940,
    0x3940, 0x3940, 0x3940, 0x3940, 0x3940, 0x3940, 0x3940, 0x3940,
    0x3940, 0x3940, 0x3940, 0x3940, 0x3940, 0x3940, 0x3940, 0x3940,
    0x3940, 0x18C3, 0x10A4, 0x10A4, 0x10A4, 0x10A4, 0x10A4, 0x20E2,
    0x3940, 0x3940, 0x3940, 0x3940, 0x3940, 0x3940, 0x3940, 0x3940,
    0x3940, 0x3940, 0x3940, 0x3940, 0x3940, 0x4161, 0x8365, 0xC54A,
    0x7304, 0x3940, 0x3940, 0x3940, 0x3940, 0x3940, 0x2902, 0x10A4,
    0x10A4, 0x10A4, 0x10A4, 0x10A4, 0x10A4, 0x10A4, 0x10A4, 0x10A4,
    0x10A4, 0x10A4, 0x10A4, 0x10A4, 0x10A4, 0x10A4, 0x10A4, 0x10A4,
    0x10A4, 0x10A4, 0x10A4, 0x10A4, 0x10A4, 0x10A4, 0x3940, 0x3940,
    0x3940, 0x3940, 0x3940, 0x3940, 0xFF72, 0xFF72, 0xFF72, 0xFF72,
    0xFF72, 0xFF72, 0xFF72, 0xFF72, 0xFF72, 0xFF72, 0xFF72, 0x5A43,
    0x3940, 0x3940, 0x3940, 0x3940, 0x3940, 0x10C4, 0x10A4, 0x10A4,
    0x10A4, 0x10A4, 0x10A4, 0x10A4, 0x10A4, 0x10A4, 0x10A4, 0x10A4,
    0x10A4, 0x10A4, 0x10A4, 0x10A4, 0x10A4, 0x10A4, 0x10A4, 0x10A4,
    0x10A4, 0x10A4, 0x10A4, 0x10A4, 0x10A4, 0x10A4, 0x10A4, 0x10A4,
    0x10A4, 0x10A4, 0x10A4, 0x10A4, 0x10A4, 0x10A4, 0x10A4, 0x10A4,
    0x10A4, 0x10A4, 0x10A4, 0x10A4, 0x10A4, 0x10A4, 0x10A4, 0x10A4,
    0x10A4, 0x10A4, 0x10A4, 0x10A4, 0x10A4, 0x10A4, 0x10A4, 0x10A4,
    0x10A4, 0x10A4, 0x10A4, 0x10A4, 0x10A4, 0x10A4, 0x10A4, 0x10A4,
    0x10A4, 0x10A4, 0x10A4, 0x10A4, 0x10A4, 0x10A4, 0x10A4, 0x2902,
    0x3940, 0x3940, 0x3940, 0x3940, 0x3940, 0x3940, 0x8B86, 0xFF72,
    0xFF72, 0xFF72, 0xFF52, 0xA448, 0x3940, 0x3940, 0x3940, 0x3940,
    0x3940, 0x3940, 0x3940, 0x3940, 0x3940, 0x3940, 0x3940, 0x3940,
    0x3940, 0x3940, 0x3940, 0x3940, 0x3940, 0x3940, 0x3940, 0x3940,
    0x3940, 0x3940, 0x3940, 0x3940, 0x3940, 0x3940, 0x3940, 0x3940,
    0x3940, 0x3940, 0x3940, 0x3940, 0x3940, 0x3940, 0x3940, 0x3940,
    0x3940, 0x3940, 0x3940, 0x3940, 0x3940, 0x3940, 0x3940, 0x3940,
    0x3940, 0x3940, 0x3940, 0x3940, 0x3940, 0x3940, 0x3940, 0x3940,
    0x3940, 0x3940, 0x3940, 0x3940, 0x3940, 0x3940, 0x3940, 0x3940,
    0x3940, 0x3940, 0x3940, 0x3940, 0x3940, 0x3940, 0x3940, 0x3940,
    0x3940, 0x3940, 0x3940, 0x3940, 0x3940, 0x3940, 0x3940, 0x3940,
    0x3940, 0x3940, 0x3940, 0x3940, 0x3940, 0x3940, 0x3940, 0x3940,
    0x3940, 0x20E2, 0x10A4, 0x10A4, 0x10A4, 0x10A4, 0x10A4, 0x3101,
    0x3940, 0x3940, 0x3940, 0x3940, 0x3940, 0x3940, 0x3940, 0x3940,
    0x3940, 0x5A22, 0xA448, 0xD5CC, 0xF6F0, 0xFF52, 0xFF72, 0xFF72,
    0xD5EC, 0x3940, 0x3940, 0x3940, 0x3940, 0x3940, 0x3121, 0x10A4,
    0x10A4, 0x10A4, 0x10A4, 0x10A4, 0x10A4, 0x10A4, 0x10A4, 0x10A4,
    0x10A4, 0x10A4, 0x10A4, 0x10A4, 0x10A4, 0x10A4, 0x10A4, 0x10A4,
    0x10A4, 0x10A4, 0x10A4, 0x10A4, 0x10A4, 0x10A4, 0x3940, 0x3940,
    0x3940, 0x3940, 0x3940, 0x3940, 0xFF72, 0xFF72, 0xFF72, 0xFF72,
    0xFF72, 0xFF72, 0xFF72, 0xFF72, 0xFF72, 0xFF72, 0xFF72, 0x5A43,
    0x3940, 0x3940, 0x3940, 0x3940, 0x3940, 0x10C4, 0x10A4, 0x10A4,
    0x10A4, 0x10A4, 0x10A4, 0x10A4, 0x10A4, 0x10A4, 0x10A4, 0x10A4,
    0x10A4, 0x10A4, 0x10A4, 0x10A4, 0x10A4, 0x10A4, 0x10A4, 0x10A4,
    0x10A4, 0x10A4, 0x10A4, 0x10A4, 0x10A4, 0x10A4, 0x10A4, 0x10A4,
    0x10A4, 0x10A4, 0x10A4, 0x10A4, 0x10A4, 0x10A4, 0x10A4, 0x10A4,
    0x10A4, 0x10A4, 0x10A4, 0x10A4, 0x10A4, 0x10A4, 0x10A4, 0x10A4,
    0x10A4, 0x10A4, 0x10A4, 0x10A4, 0x10A4, 0x10A4, 0x10A4, 0x10A4,
    0x10A4, 0x10A4, 0x10A4, 0x10A4, 0x10A4, 0x10A4, 0x10A4, 0x10A4,
    0x10A4, 0x10A4, 0x10A4, 0x10A4, 0x10A4, 0x10A4, 0x20E3, 0x3940,
    0x3940, 0x3940, 0x3940, 0x3940, 0x3940, 0x51E2, 0xFF31, 0xFF72,
    0xFF72, 0xFF72, 0xFF72, 0xFF72, 0xDE0D, 0x4181, 0x3940, 0x3940,
    0x3940, 0x3940, 0x3940, 0x3940, 0x3940, 0x3940, 0x3940, 0x3940,
    0x3940, 0x3940, 0x3940, 0x3940, 0x3940, 0x3940, 0x3940, 0x3940,
    0x3940, 0x3940, 0x3940, 0x3940, 0x3940, 0x3940, 0x3940, 0x3940,
    0x3940, 0x3940, 0x3940, 0x3940, 0x3940, 0x3940, 0x3940, 0x3940,
    0x3940, 0x3940, 0x3940, 0x3940, 0x3940, 0x3940, 0x3940, 0x3940,
    0x3940, 0x3940, 0x3940, 0x3940, 0x3940, 0x3940, 0x3940, 0x3940,
    0x3940, 0x3940, 0x3940, 0x3940, 0x3940, 0x3940, 0x3940, 0x3940,
    0x3940, 0x3940, 0x3940, 0x3940, 0x3940, 0x3940, 0x3940, 0x3940,
    0x3940, 0x3940, 0x3940, 0x3940, 0x3940, 0x3940, 0x3940, 0x3940,
    0x3940, 0x3940, 0x3940, 0x3940, 0x3940, 0x3940, 0x3940, 0x3940,
    0x3940, 0x3101, 0x10A4, 0x10A4, 0x10A4, 0x10A4, 0x10A4, 0x3121,
    0x3940, 0x3940, 0x3940, 0x3940, 0x3940, 0x7B04, 0xBD0A, 0xE66E,
    0xFF31, 0xFF72, 0xFF72, 0xFF72, 0xFF72, 0xFF72, 0xFF72, 0xFF72,
    0xFF31, 0x3940, 0x3940, 0x3940, 0x3940, 0x3940, 0x3940, 0x18C3,
    0x10A4, 0x10A4, 0x10A4, 0x10A4, 0x10A4, 0x10A4, 0x10A4, 0x10A4,
    0x10A4, 0x10A4, 0x10A4, 0x10A4, 0x10A4, 0x10A4, 0x10A4, 0x10A4,
    0x10A4, 0x10A4, 0x10A4, 0x10A4, 0x10A4, 0x10A4, 0x3940, 0x3940,
    0x3940, 0x3940, 0x3940, 0x3940, 0xFF72, 0xFF72, 0xFF72, 0xFF72,
    0xFF72, 0xFF72, 0xFF72, 0xFF72, 0xFF72, 0xFF72, 0xFF72, 0x5A43,
    0x3940, 0x3940, 0x3940, 0x3940, 0x3940, 0x10C4, 0x10A4, 0x10A4,
    0x10A4, 0x10A4, 0x10A4, 0x10A4, 0x10A4, 0x10A4, 0x10A4, 0x10A4,
    0x10A4, 0x10A4, 0x10A4, 0x10A4, 0x10A4, 0x10A4, 0x10A4, 0x10A4,
    0x10A4, 0x10A4, 0x10A4, 0x10A4, 0x10A4, 0x10A4, 0x10A4, 0x10A4,
    0x10A4, 0x10A4, 0x10A4, 0x10A4, 0x10A4, 0x10A4, 0x10A4, 0x10A4,
    0x10A4, 0x10A4, 0x10A4, 0x10A4, 0x10A4, 0x10A4, 0x10A4, 0x10A4,
    0x10A4, 0x10A4, 0x10A4, 0x10A4, 0x10A4, 0x10A4, 0x10A4, 0x10A4,
    0x10A4, 0x10A4, 0x10A4, 0x10A4, 0x10A4, 0x10A4, 0x10A4, 0x10A4,
    0x10A4, 0x10A4, 0x10A4, 0x10A4, 0x10A4, 0x18C4, 0x3920, 0x3940,
    0x3940, 0x3940, 0x3940, 0x3940, 0x3940, 0xEE6E, 0xFF72, 0xFF72,
    0xFF72, 0xFF72, 0xFF72, 0xFF72, 0xFF72, 0xFF10, 0x72C4, 0x3940,
    0x3940, 0x3940, 0x3940, 0x3940, 0x3940, 0x3940, 0x3940, 0x3940,
    0xFF72, 0xFF72, 0xFF72, 0xFF72, 0xFF72, 0xFF72, 0xFF72, 0xFF72,
    0xFF72, 0xFF72, 0xFF72, 0xFF72, 0xFF72, 0xFF72, 0xFF72, 0xFF72,
    0xFF72, 0xFF72, 0xFF72, 0xFF72, 0xFF72, 0xFF72, 0xFF72, 0xFF72,
    0xFF72, 0xFF72, 0xFF72, 0xFF72, 0xFF72, 0xFF72, 0xFF72, 0xFF72,
    0xFF72, 0xFF72, 0xFF72, 0xFF72, 0xFF72, 0xFF72, 0xFF72, 0xFF72,
    0xFF72, 0xFF72, 0xFF72, 0xFF72, 0xFF72, 0xFF72, 0xFF72, 0xFF72,
    0xFF72, 0xFF72, 0xFF72, 0xFF72, 0xFF72, 0xFF72, 0xFF72, 0xFF72,
    0xFF72, 0xFF72, 0xFF72, 0xFF72, 0xFF72, 0xFF72, 0xFF72, 0xFF72,
    0xFF72, 0xFF72, 0xFF72, 0xF710, 0x3940, 0x3940, 0x3940, 0x3940,
    0x3940, 0x3121, 0x10A4, 0x10A4, 0x10A4, 0x10A4, 0x10A4, 0x3121,
    0x3940, 0x3940, 0x3940, 0x3940, 0x3940, 0xEEAF, 0xFF72, 0xFF72,
    0xFF72, 0xFF72, 0xFF72, 0xFF72, 0xFF72, 0xFF72, 0xFF72, 0xFF72,
    0xFF72, 0x8365, 0x3940, 0x3940, 0x3940, 0x3940, 0x3940, 0x2902,
    0x10A4, 0x10A4, 0x10A4, 0x10A4, 0x10A4, 0x10A4, 0x10A4, 0x10A4,
    0x10A4, 0x10A4, 0x10A4, 0x10A4, 0x10A4, 0x10A4, 0x10A4, 0x10A4,
    0x10A4, 0x10A4, 0x10A4, 0x10A4, 0x10A4, 0x10A4, 0x3940, 0x3940,
    0x3940, 0x3940, 0x3940, 0x3940, 0xFF72, 0xFF72, 0xFF72, 0xFF72,
    0xFF72, 0xFF72, 0xFF72, 0xFF72, 0xFF72, 0xFF72, 0xFF72, 0x5A43,
    0x3940, 0x3940, 0x3940, 0x3940, 0x3940, 0x10C4, 0x10A4, 0x10A4,
    0x10A4, 0x10A4, 0x10A4, 0x10A4, 0x10A4, 0x10A4, 0x10A4, 0x10A4,
    0x10A4, 0x10A4, 0x10A4, 0x10A4, 0x10A4, 0x10A4, 0x10A4, 0x10A4,
    0x10A4, 0x10A4, 0x10A4, 0x10A4, 0x10A4, 0x10A4, 0x10A4, 0x10A4,
    0x10A4, 0x10A4, 0x10A4, 0x10A4, 0x10A4, 0x10A4, 0x10A4, 0x10A4,
    0x10A4, 0x10A4, 0x10A4, 0x10A4, 0x10A4, 0x10A4, 0x10A4, 0x10A4,
    0x10A4, 0x10A4, 0x10A4, 0x10A4, 0x10A4, 0x10A4, 0x10A4, 0x10A4,
    0x10A4, 0x10A4, 0x10A4, 0x10A4, 0x10A4, 0x10A4, 0x10A4, 0x10A4,
    0x10A4, 0x10A4, 0x10A4, 0x10A4, 0x10A4, 0x3121, 0x3940, 0x3940,
    0x3940, 0x3940, 0x3940, 0x3940, 0xB4C9, 0xFF72, 0xFF72, 0xFF72,
    0xFF72, 0xFF72, 0xFF72, 0xFF72, 0xFF72, 0xFF72, 0xFF52, 0xACA9,
    0x3940, 0x3940, 0x3940, 0x3940, 0x3940, 0x3940, 0x3940, 0x3940,
    0xFF72, 0xFF72, 0xFF72, 0xFF72, 0xFF72, 0xFF72, 0xFF72, 0xFF72,
    0xFF72, 0xFF72, 0xFF72, 0xFF72, 0xFF72, 0xFF72, 0xFF72, 0xFF72,
    0xFF72, 0xFF72, 0xFF72, 0xFF72, 0xFF72, 0xFF72, 0xFF72, 0xFF72,
    0xFF72, 0xFF72, 0xFF72, 0xFF72, 0xFF72, 0xFF72, 0xFF72, 0xFF72,
    0xFF72, 0xFF72, 0xFF72, 0xFF72, 0xFF72, 0xFF72, 0xFF72, 0xFF72,
    0xFF72, 0xFF72, 0xFF72, 0xFF72, 0xFF72, 0xFF72, 0xFF72, 0xFF72,
    0xFF72, 0xFF72, 0xFF72, 0xFF72, 0xFF72, 0xFF72, 0xFF72, 0xFF72,
    0xFF72, 0xFF72, 0xFF72, 0xFF72, 0xFF72, 0xFF72, 0xFF72, 0xFF72,
    0xFF72, 0xFF72, 0xFF72, 0xF710, 0x3940, 0x3940, 0x3940, 0x3940,
    0x3940, 0x3121, 0x10A4, 0x10A4, 0x10A4, 0x10A4, 0x10A4, 0x2901,
    0x3940, 0x3940, 0x3940, 0x3940, 0x3940, 0xACA9, 0xFF72, 0xFF72,
    0xFF72, 0xFF72, 0xFF72, 0xFF72, 0xFF72, 0xFF72, 0xFF72, 0xFF72,
    0xFF72, 0xD5EC, 0x3940, 0x3940, 0x3940, 0x3940, 0x3940, 0x3121,
    0x10A4, 0x10A4, 0x10A4, 0x10A4, 0x10A4, 0x10A4, 0x10A4, 0x10A4,
    0x10A4, 0x10A4, 0x10A4, 0x10A4, 0x10A4, 0x10A4, 0x10A4, 0x10A4,
    0x10A4, 0x10A4, 0x10A4, 0x10A4, 0x10A4, 0x10A4, 0x3940, 0x3940,
    0x3940, 0x3940, 0x3940, 0x3940, 0xFF72, 0xFF72, 0xFF72, 0xFF72,
    0xFF72, 0xFF72, 0xFF72, 0xFF72, 0xFF72, 0xFF72, 0xFF72, 0x5A43,
    0x3940, 0x3940, 0x3940, 0x3940, 0x3940, 0x10C4, 0x10A4, 0x10A4,
    0x10A4, 0x10A4, 0x10A4, 0x10A4, 0x10A4, 0x10A4, 0x10A4, 0x10A4,
    0x10A4, 0x10A4, 0x10A4, 0x10A4, 0x10A4, 0x10A4, 0x10A4, 0x10A4,
    0x10A4, 0x10A4, 0x10A4, 0x10A4, 0x10A4, 0x10A4, 0x10A4, 0x10A4,
    0x10A4, 0x10A4, 0x10A4, 0x10A4, 0x10A4, 0x10A4, 0x10A4, 0x10A4,
    0x10A4, 0x10A4, 0x10A4, 0x10A4, 0x10A4, 0x10A4, 0x10A4, 0x10A4,
    0x10A4, 0x10A4, 0x10A4, 0x10A4, 0x10A4, 0x10A4, 0x10A4, 0x10A4,
    0x10A4, 0x10A4, 0x10A4, 0x10A4, 0x10A4, 0x10A4, 0x10A4, 0x10A4,
    0x10A4, 0x10A4, 0x10A4, 0x10A4, 0x20E2, 0x3940, 0x3940, 0x3940,
    0x3940, 0x3940, 0x3940, 0x72C4, 0xFF52, 0xFF72, 0xFF72, 0xFF72,
    0xFF72, 0xFF72, 0xFF72, 0xFF72, 0xFF72, 0xFF72, 0xFF72, 0xFF72,
    0xDE2D, 0x4181, 0x3940, 0x3940, 0x3940, 0x3940, 0x3940, 0x3940,
    0xFF72, 0xFF72, 0xFF72, 0xFF72, 0xFF72, 0xFF72, 0xFF72, 0xFF72,
    0xFF72, 0xFF72, 0xFF72, 0xFF72, 0xFF72, 0xFF72, 0xFF72, 0xFF72,
    0xFF72, 0xFF72, 0xFF72, 0xFF72, 0xFF72, 0xFF72, 0xFF72, 0xFF72,
    0xFF72, 0xFF72, 0xFF72, 0xFF72, 0xFF72, 0xFF72, 0xFF72, 0xFF72,
    0xFF72, 0xFF72, 0xFF72, 0xFF72, 0xFF72, 0xFF72, 0xFF72, 0xFF72,
    0xFF72, 0xFF72, 0xFF72, 0xFF72, 0xFF72, 0xFF72, 0xFF72, 0xFF72,
    0xFF72, 0xFF72, 0xFF72, 0xFF72, 0xFF72, 0xFF72, 0xFF72, 0xFF72,
    0xFF72, 0xFF72, 0xFF72, 0xFF72, 0xFF72, 0xFF72, 0xFF72, 0xFF72,
    0xFF72, 0xFF72, 0xFF72, 0xF710, 0x3940, 0x3940, 0x3940, 0x3940,
    0x3940, 0x3121, 0x10A4, 0x10A4, 0x10A4, 0x10A4, 0x10A4, 0x20E3,
    0x3940, 0x3940, 0x3940, 0x3940, 0x3940, 0x49C1, 0xFF52, 0xFF72,
    0xFF72, 0xFF72, 0xFF72, 0xFF72, 0xFF72, 0xFF72, 0xFF72, 0xFF72,
    0xFF72, 0xFF31, 0x3940, 0x3940, 0x3940, 0x3940, 0x3940, 0x3940,
    0x18C3, 0x10A4, 0x10A4, 0x10A4, 0x10A4, 0x10A4, 0x10A4, 0x10A4,
    0x10A4, 0x10A4, 0x10A4, 0x10A4, 0x10A4, 0x10A4, 0x10A4, 0x10A4,
    0x10A4, 0x10A4, 0x10A4, 0x10A4, 0x10A4, 0x10A4, 0x3940, 0x3940,
    0x3940, 0x3940, 0x3940, 0x3940, 0xFF72, 0xFF72, 0xFF72, 0xFF72,
    0xFF72, 0xFF72, 0xFF72, 0xFF72, 0xFF72, 0xFF72, 0xFF72, 0x5A43,
    0x3940, 0x3940, 0x3940, 0x3940, 0x3940, 0x10C4, 0x10A4, 0x10A4,
    0x10A4, 0x10A4, 0x10A4, 0x10A4, 0x10A4, 0x10A4, 0x10A4, 0x10A4,
    0x10A4, 0x10A4, 0x10A4, 0x10A4, 0x10A4, 0x10A4, 0x10A4, 0x10A4,
    0x10A4, 0x10A4, 0x10A4, 0x10A4, 0x10A4, 0x10A4, 0x10A4, 0x10A4,
    0x10A4, 0x10A4, 0x10A4, 0x10A4, 0x10A4, 0x10A4, 0x10A4, 0x10A4,
    0x10A4, 0x10A4, 0x10A4, 0x10A4, 0x10A4, 0x10A4, 0x10A4, 0x10A4,
    0x10C4, 0x10C4, 0x10C4, 0x10C4, 0x10C4, 0x10C4, 0x10C4, 0x10C4,
    0x10C4, 0x10C4, 0x10C4, 0x10C4, 0x10C4, 0x10C4, 0x10C4, 0x10C4,
    0x10C4, 0x10C4, 0x10C4, 0x10C4, 0x3121, 0x3940, 0x3940, 0x3940,
    0x3940, 0x3940, 0x4161, 0xF710, 0xFF72, 0xFF72, 0xFF72, 0xFF72,
    0xFF72, 0xFF72, 0xFF72, 0xFF72, 0xFF72, 0xFF72, 0xFF72, 0xFF72,
    0xFF72, 0xFF10, 0x6AA3, 0x3940, 0x3940, 0x3940, 0x3940, 0x3940,
    0xFF72, 0xFF72, 0xFF72, 0xFF72, 0xFF72, 0xFF72, 0xFF72, 0xFF72,
    0xFF72, 0xFF72, 0xFF72, 0xFF72, 0xFF72, 0xFF72, 0xFF72, 0xFF72,
    0xFF72, 0xFF72, 0xFF72, 0xFF72, 0xFF72, 0xFF72, 0xFF72, 0xFF72,
    0xFF72, 0xFF72, 0xFF72, 0xFF72, 0xFF72, 0xFF72, 0xFF72, 0xFF72,
    0xFF72, 0xFF72, 0xFF72, 0xFF72, 0xFF72, 0xFF72, 0xFF72, 0xFF72,
    0xFF72, 0xFF72, 0xFF72, 0xFF72, 0xFF72, 0xFF72, 0xFF72, 0xFF72,
    0xFF72, 0xFF72, 0xFF72, 0xFF72, 0xFF72, 0xFF72, 0xFF72, 0xFF72,
    0xFF72, 0xFF72, 0xFF72, 0xFF72, 0xFF72, 0xFF72, 0xFF72, 0xFF72,
    0xFF72, 0xFF72, 0xFF72, 0xF710, 0x3940, 0x3940, 0x3940, 0x3940,
    0x3940, 0x3121, 0x10C4, 0x10C4, 0x10C4, 0x10C4, 0x10C4, 0x10C4,
    0x3920, 0x3940, 0x3940, 0x3940, 0x3940, 0x3940, 0xEEAF, 0xFF72,
    0xFF72, 0xFF72, 0xFF72, 0xFF72, 0xFF72, 0xFF72, 0xFF72, 0xFF72,
    0xFF72, 0xFF72, 0x8365, 0x3940, 0x3940, 0x3940, 0x3940, 0x3940,
    0x2902, 0x10C4, 0x10C4, 0x10C4, 0x10C4, 0x10C4, 0x10C4, 0x10C4,
    0x10C4, 0x10C4, 0x10C4, 0x10C4, 0x10C4, 0x10C4, 0x10C4, 0x10C4,
    0x10C4, 0x10C4, 0x10C4, 0x10C4, 0x10C4, 0x10C4, 0x3940, 0x3940,
    0x3940, 0x3940, 0x3940, 0x3940, 0xFF72, 0xFF72, 0xFF72, 0xFF72,
    0xFF72, 0xFF72, 0xFF72, 0xFF72, 0xFF72, 0xFF72, 0xFF72, 0x5A43,
    0x3940, 0x3940, 0x3940, 0x3940, 0x3940, 0x10C4, 0x10C4, 0x10C4,
    0x10C4, 0x10C4, 0x10C4, 0x10C4, 0x10C4, 0x10C4, 0x10C4, 0x10C4,
    0x10C4, 0x10C4, 0x10C4, 0x10C4, 0x10C4, 0x10C4, 0x10C4, 0x10C4,
    0x10C4, 0x10C4, 0x10C4, 0x10C4, 0x10C4, 0x10C4, 0x10C4, 0x10C4,
    0x10C4, 0x10C4, 0x10C4, 0x10C4, 0x10C4, 0x10C4, 0x10C4, 0x10C4,
    0x10C4, 0x10C4, 0x10C4, 0x10C4, 0x10C4, 0x10C4, 0x10C4, 0x10C4,
    0x10C4, 0x10C4, 0x10C4, 0x10C4, 0x10C4, 0x10C4, 0x10C4, 0x10C4,
    0x10C4, 0x10C4, 0x10C4, 0x10C4, 0x10C4, 0x10C4, 0x10C4, 0x10C4,
    0x10C4, 0x10C4, 0x10C4, 0x18E3, 0x3940, 0x3940, 0x3940, 0x3940,
    0x3940, 0x3940, 0xD5EC, 0xFF72, 0xFF72, 0xFF72, 0xFF72, 0xFF72,
    0xFF72, 0xFF72, 0xFF72, 0xFF72, 0xFF72, 0xFF72, 0xFF72, 0xFF72,
    0xFF72, 0xFF72, 0xFF52, 0xA448, 0x3940, 0x3940, 0x3940, 0x3940,
    0xFF72, 0xFF72, 0xFF72, 0xFF72, 0xFF72, 0xFF72, 0xFF72, 0xFF72,
    0xFF72, 0xFF72, 0xFF72, 0xFF72, 0xFF72, 0xFF72, 0xFF72, 0xFF72,
    0xFF72, 0xFF72, 0xFF72, 0xFF72, 0xFF72, 0xFF72, 0xFF72, 0xFF72,
    0xFF72, 0xFF72, 0xFF72, 0xFF72, 0xFF72, 0xFF72, 0xFF72, 0xFF72,
    0xFF72, 0xFF72, 0xFF72, 0xFF72, 0xFF72, 0xFF72, 0xFF72, 0xFF72,
    0xFF72, 0xFF72, 0xFF72, 0xFF72, 0xFF72, 0xFF72, 0xFF72, 0xFF72,
    0xFF72, 0xFF72, 0xFF72, 0xFF72, 0xFF72, 0xFF72, 0xFF72, 0xFF72,
    0xFF72, 0xFF72, 0xFF72, 0xFF72, 0xFF72, 0xFF72, 0xFF72, 0xFF72,
    0xFF72, 0xFF72, 0xFF72, 0xF710, 0x3940, 0x3940, 0x3940, 0x3940,
    0x3940, 0x3121, 0x10C4, 0x10C4, 0x10C4, 0x10C4, 0x10C4, 0x10C4,
    0x2901, 0x3940, 0x3940, 0x3940, 0x3940, 0x3940, 0xB4C9, 0xFF72,
    0xFF72, 0xFF72, 0xFF72, 0xFF72, 0xFF72, 0xFF72, 0xFF72, 0xFF72,
    0xFF72, 0xFF72, 0xD5EC, 0x3940, 0x3940, 0x3940, 0x3940, 0x3940,
    0x3121, 0x10C4, 0x10C4, 0x10C4, 0x18C3, 0x2902, 0x3121, 0x3920,
    0x3920, 0x3920, 0x3920, 0x3920, 0x3920, 0x3920, 0x3920, 0x3920,
    0x3920, 0x3920, 0x3920, 0x3920, 0x3920, 0x3920, 0x3940, 0x3940,
    0x3940, 0x3940, 0x3940, 0x3940, 0xFF72, 0xFF72, 0xFF72, 0xFF72,
    0xFF72, 0xFF72, 0xFF72, 0xFF72, 0xFF72, 0xFF72, 0xFF72, 0x5A43,
    0x3940, 0x3940, 0x3940, 0x3940, 0x3940, 0x3920, 0x3920, 0x3920,
    0x3920, 0x3920, 0x3920, 0x3920, 0x3920, 0x3920, 0x3920, 0x3920,
    0x3920, 0x3920, 0x3920, 0x3920, 0x3920, 0x3121, 0x2902, 0x18E3,
    0x10C4, 0x10C4, 0x10C4, 0x10C4, 0x10C4, 0x10C4, 0x10C4, 0x10C4,
    0x10C4, 0x10C4, 0x10C4, 0x10C4, 0x10C4, 0x10C4, 0x10C4, 0x10C4,
    0x10C4, 0x10C4, 0x10C4, 0x10C4, 0x10C4, 0x10C4, 0x10C4, 0x10C4,
    0x10C4, 0x10C4, 0x10C4, 0x10C4, 0x10C4, 0x10C4, 0x10C4, 0x10C4,
    0x10C4, 0x10C4, 0x10C4, 0x10C4, 0x10C4, 0x10C4, 0x10C4, 0x10C4,
    0x10C4, 0x10C4, 0x10C4, 0x18E3, 0x3940, 0x3940, 0x3940, 0x3940,
    0x3940, 0x7B05, 0xFF72, 0xFF72, 0xFF72, 0xFF72, 0xFF72, 0xFF72,
    0xFF72, 0xFF72, 0xFF72, 0xFF72, 0xFF72, 0xFF72, 0xFF72, 0xFF72,
    0xFF72, 0xFF72, 0xFF72, 0xFF72, 0xD5CC, 0x4160, 0x3940, 0x3940,
    0xFF72, 0xFF72, 0xFF72, 0xFF72, 0xFF72, 0xFF72, 0xFF72, 0xFF72,
    0xFF72, 0xFF72, 0xFF72, 0xFF72, 0xFF72, 0xFF72, 0xFF72, 0xFF72,
    0xFF72, 0xFF72, 0xFF72, 0xFF72, 0xFF72, 0xFF72, 0xFF72, 0xFF72,
    0xFF72, 0xFF72, 0xFF72, 0xFF72, 0xFF72, 0xFF72, 0xFF72, 0xFF72,
    0xFF72, 0xFF72, 0xFF72, 0xFF72, 0xFF72, 0xFF72, 0xFF72, 0xFF72,
    0xFF72, 0xFF72, 0xFF72, 0xFF72, 0xFF72, 0xFF72, 0xFF72, 0xFF72,
    0xFF72, 0xFF72, 0xFF72, 0xFF72, 0xFF72, 0xFF72, 0xFF72, 0xFF72,
    0xFF72, 0xFF72, 0xFF72, 0xFF72, 0xFF72, 0xFF72, 0xFF72, 0xFF72,
    0xFF72, 0xFF72, 0xFF72, 0xF710, 0x3940, 0x3940, 0x3940, 0x3940,
    0x3940, 0x3121, 0x10C4, 0x10C4, 0x10C4, 0x10C4, 0x10C4, 0x10C4,
    0x20E3, 0x3940, 0x3940, 0x3940, 0x3940, 0x3940, 0x51E2, 0xFF72,
    0xFF72, 0xFF72, 0xFF72, 0xFF72, 0xFF72, 0xFF72, 0xFF72, 0xFF72,
    0xFF72, 0xFF72, 0xFF31, 0x3940, 0x3940, 0x3940, 0x3940, 0x3940,
    0x3940, 0x10C4, 0x10C4, 0x20E2, 0x3920, 0x3940, 0x3940, 0x3940,
    0x3940, 0x3940, 0x3940, 0x3940, 0x3940, 0x3940, 0x3940, 0x3940,
    0x3940, 0x3940, 0x3940, 0x3940, 0x3940, 0x3940, 0x3940, 0x3940,
    0x3940, 0x3940, 0x3940, 0x3940, 0xFF72, 0xFF72, 0xFF72, 0xFF72,
    0xFF72, 0xFF72, 0xFF72, 0xFF72, 0xFF72, 0xFF72, 0xFF72, 0x5A43,
    0x3940, 0x3940, 0x3940, 0x3940, 0x3940, 0x3940, 0x3940, 0x3940,
    0x3940, 0x3940, 0x3940, 0x3940, 0x3940, 0x3940, 0x3940, 0x3940,
    0x3940, 0x3940, 0x3940, 0x3940, 0x3940, 0x3940, 0x3940, 0x3940,
    0x2901, 0x10C4, 0x10C4, 0x10C4, 0x10C4, 0x10C4, 0x10C4, 0x10C4,
    0x10C4, 0x10C4, 0x10C4, 0x10C4, 0x10C4, 0x10C4, 0x10C4, 0x10C4,
    0x10C4, 0x10C4, 0x10C4, 0x10C4, 0x10C4, 0x10C4, 0x10C4, 0x10C4,
    0x10C4, 0x10C4, 0x10C4, 0x10C4, 0x10C4, 0x10C4, 0x10C4, 0x10C4,
    0x10C4, 0x10C4, 0x10C4, 0x10C4, 0x10C4, 0x10C4, 0x10C4, 0x10C4,
    0x10C4, 0x10C4, 0x10C4, 0x18E3, 0x3940, 0x3940, 0x3940, 0x3940,
    0x3940, 0x3940, 0xBD0A, 0xFF52, 0xFF72, 0xFF72, 0xFF72, 0xFF72,
    0xFF72, 0xFF72, 0xFF72, 0xFF72, 0xFF72, 0xFF72, 0xFF72, 0xFF72,
    0xFF72, 0xFF72, 0xFF72, 0xFF72, 0xFF72, 0xF6CF, 0x5A02, 0x3940,
    0xFF72, 0xFF72, 0xFF72, 0xFF72, 0xFF72, 0xFF72, 0xFF72, 0xFF72,
    0xFF72, 0xFF72, 0xFF72, 0xFF72, 0xFF72, 0xFF72, 0xFF72, 0xFF72,
    0xFF72, 0xFF72, 0xFF72, 0xFF72, 0xFF72, 0xFF72, 0xFF72, 0xFF72,
    0xFF72, 0xFF72, 0xFF72, 0xFF72, 0xFF72, 0xFF72, 0xFF72, 0xFF72,
    0xFF72, 0xFF72, 0xFF72, 0xFF72, 0xFF72, 0xFF72, 0xFF72, 0xFF72,
    0xFF72, 0xFF72, 0xFF72, 0xFF72, 0xFF72, 0xFF72, 0xFF72, 0xFF72,
    0xFF72, 0xFF72, 0xFF72, 0xFF72, 0xFF72, 0xFF72, 0xFF72, 0xFF72,
    0xFF72, 0xFF72, 0xFF72, 0xFF72, 0xFF72, 0xFF72, 0xFF72, 0xFF72,
    0xFF72, 0xFF72, 0xFF72, 0xF710, 0x3940, 0x3940, 0x3940, 0x3940,
    0x3940, 0x3121, 0x10C4, 0x10C4, 0x18E3, 0x20E2, 0x2902, 0x2902,
    0x2902, 0x3940, 0x3940, 0x3940, 0x3940, 0x3940, 0x3940, 0xF6CF,
    0xFF72, 0xFF72, 0xFF72, 0xFF72, 0xFF72, 0xFF72, 0xFF72, 0xFF72,
    0xFF72, 0xFF72, 0xFF72, 0x72C4, 0x3940, 0x3940, 0x3940, 0x3940,
    0x3940, 0x3920, 0x3121, 0x3940, 0x3940, 0x3940, 0x3940, 0x3940,
    0x3940, 0x3940, 0x3940, 0x3940, 0x3940, 0x3940, 0x3940, 0x3940,
    0x3940, 0x3940, 0x3940, 0x3940, 0x3940, 0x3940, 0x3940, 0x3940,
    0x3940, 0x3940, 0x3940, 0x3940, 0xFF72, 0xFF72, 0xFF72, 0xFF72,
    0xFF72, 0xFF72, 0xFF72, 0xFF72, 0xFF72, 0xFF72, 0xFF72, 0x5A43,
    0x3940, 0x3940, 0x3940, 0x3940, 0x3940, 0x3940, 0x3940, 0x3940,
    0x3940, 0x3940, 0x3940, 0x3940, 0x3940, 0x3940, 0x3940, 0x3940,
    0x3940, 0x3940, 0x3940, 0x3940, 0x3940, 0x3940, 0x3940, 0x3940,
    0x3940, 0x2901, 0x10C4, 0x10C4, 0x10C4, 0x10C4, 0x10C4, 0x10C4,
    0x10C4, 0x10C4, 0x10C4, 0x10C4, 0x10C4, 0x10C4, 0x10C4, 0x10C4,
    0x10C4, 0x10C4, 0x10C4, 0x10C4, 0x10C4, 0x10C4, 0x10C4, 0x10C4,
    0x10C4, 0x10C4, 0x10C4, 0x10C4, 0x10C4, 0x10C4, 0x10C4, 0x10C4,
    0x10C4, 0x10C4, 0x10C4, 0x10C4, 0x10C4, 0x10C4, 0x10C4, 0x10C4,
    0x10C4, 0x10C4, 0x10C4, 0x10C4, 0x3920, 0x3940, 0x3940, 0x3940,
    0x3940, 0x3940, 0x3940, 0x8365, 0xFF31, 0xFF72, 0xFF72, 0xFF72,
    0xFF72, 0xFF72, 0xFF72, 0xFF72, 0xFF72, 0xFF72, 0xFF72, 0xFF72,
    0xFF72, 0xFF72, 0xFF72, 0xFF72, 0xFF72, 0xFF72, 0xFF31, 0x8365,
    0xFF72, 0xFF72, 0xFF72, 0xFF72, 0xFF72, 0xFF72, 0xFF72, 0xFF72,
    0xFF72, 0xFF72, 0xFF72, 0xFF72, 0xFF72, 0xFF72, 0xFF72, 0xFF72,
    0xFF72, 0xFF72, 0xFF72, 0xFF72, 0xFF72, 0xFF72, 0xFF72, 0xFF72,
    0xFF72, 0xFF72, 0xFF72, 0xFF72, 0xFF72, 0xFF72, 0xFF72, 0xFF72,
    0xFF72, 0xFF72, 0xFF72, 0xFF72, 0xFF72, 0xFF72, 0xFF72, 0xFF72,
    0xFF72, 0xFF72, 0xFF72, 0xFF72, 0xFF72, 0xFF72, 0xFF72, 0xFF72,
    0xFF72, 0xFF72, 0xFF72, 0xFF72, 0xFF72, 0xFF72, 0xFF72, 0xFF72,
    0xFF72, 0xFF72, 0xFF72, 0xFF72, 0xFF72, 0xFF72, 0xFF72, 0xFF72,
    0xFF72, 0xFF72, 0xFF72, 0xF710, 0x3940, 0x3940, 0x3940, 0x3940,
    0x3940, 0x3121, 0x20E3, 0x3920, 0x3940, 0x3940, 0x3940, 0x3940,
    0x3940, 0x3940, 0x3940, 0x3940, 0x3940, 0x3940, 0x3940, 0xBD2A,
    0xFF72, 0xFF72, 0xFF72, 0xFF72, 0xFF72, 0xFF72, 0xFF72, 0xFF72,
    0xFF72, 0xFF72, 0xFF72, 0xC52A, 0x3940, 0x3940, 0x3940, 0x3940,
    0x3940, 0x3940, 0x3940, 0x3940, 0x3940, 0x3940, 0x3940, 0x3940,
    0x3940, 0x3940, 0x3940, 0x3940, 0x3940, 0x3940, 0x3940, 0x3940,
    0x3940, 0x3940, 0x3940, 0x3940, 0x3940, 0x3940, 0x3940, 0x3940,
    0x3940, 0x3940, 0x3940, 0x3940, 0xFF72, 0xFF72, 0xFF72, 0xFF72,
    0xFF72, 0xFF72, 0xFF72, 0xFF72, 0xFF72, 0xFF72, 0xFF72, 0x5A43,
    0x3940, 0x3940, 0x3940, 0x3940, 0x3940, 0x3940, 0x3940, 0x3940,
    0x3940, 0x3940, 0x3940, 0x3940, 0x3940, 0x3940, 0x3940, 0x3940,
    0x3940, 0x3940, 0x3940, 0x3940, 0x3940, 0x3940, 0x3940, 0x3940,
    0x3940, 0x3940, 0x20E3, 0x10C4, 0x10C4, 0x10C4, 0x10C4, 0x10C4,
    0x10C4, 0x10C4, 0x10C4, 0x10C4, 0x10C4, 0x10C4, 0x10C4, 0x10C4,
    0x10C4, 0x10C4, 0x10C4, 0x10C4, 0x10C4, 0x10C4, 0x10C4, 0x10C4,
    0x10C4, 0x10C4, 0x10C4, 0x10C4, 0x10C4, 0x10C4, 0x10C4, 0x10C4,
    0x10C4, 0x10C4, 0x10C4, 0x10C4, 0x10C4, 0x10C4, 0x10C4, 0x10C4,
    0x10C4, 0x10C4, 0x10C4, 0x10C4, 0x2901, 0x3940, 0x3940, 0x3940,
    0x3940, 0x3940, 0x3940, 0x3940, 0x5A22, 0xF6EF, 0xFF72, 0xFF72,
    0xFF72, 0xFF72, 0xFF72, 0xFF72, 0xFF72, 0xFF72, 0xFF72, 0xFF72,
    0xFF72, 0xFF72, 0xFF72, 0xFF72, 0xFF72, 0xFF72, 0xFF72, 0xFF52,
    0xFF72, 0xFF72, 0xFF72, 0xFF72, 0xFF72, 0xFF72, 0xFF72, 0xFF72,
    0xFF72, 0xFF72, 0xFF72, 0xFF72, 0xFF72, 0xFF72, 0xFF72, 0xFF72,
    0xFF72, 0xFF72, 0xFF72, 0xFF72, 0xFF72, 0xFF72, 0xFF72, 0xFF72,
    0xFF72, 0xFF72, 0xFF72, 0xFF72, 0xFF72, 0xFF72, 0xFF72, 0xFF72,
    0xFF72, 0xFF72, 0xFF72, 0xFF72, 0xFF72, 0xFF72, 0xFF72, 0xFF72,
    0xFF72, 0xFF72, 0xFF72, 0xFF72, 0xFF72, 0xFF72, 0xFF72, 0xFF72,
    0xFF72, 0xFF72, 0xFF72, 0xFF72, 0xFF72, 0xFF72, 0xFF72, 0xFF72,
    0xFF72, 0xFF72, 0xFF72, 0xFF72, 0xFF72, 0xFF72, 0xFF72, 0xFF72,
    0xFF72, 0xFF72, 0xFF72, 0xF710, 0x3940, 0x3940, 0x3940, 0x3940,
    0x3940, 0x3920, 0x3940, 0x3940, 0x3940, 0x3940, 0x3940, 0x3940,
    0x3940, 0x3940, 0x3940, 0x3940, 0x3940, 0x3940, 0x3940, 0x6283,
    0xFF72, 0xFF72, 0xFF72, 0xFF72, 0xFF72, 0xFF72, 0xFF72, 0xFF72,
    0xFF72, 0xFF72, 0xFF72, 0xF6CF, 0x3940, 0x3940, 0x3940, 0x3940,
    0x3940, 0x3940, 0x3940, 0x3940, 0x3940, 0x3940, 0x3940, 0x3940,
    0x3940, 0x3940, 0x3940, 0x3940, 0x3940, 0x3940, 0x3940, 0x3940,
    0x3940, 0x3940, 0x3940, 0x3940, 0x3940, 0x3940, 0x3940, 0x3940,
    0x3940, 0x3940, 0x3940, 0x3940, 0xFF72, 0xFF72, 0xFF72, 0xFF72,
    0xFF72, 0xFF72, 0xFF72, 0xFF72, 0xFF72, 0xFF72, 0xFF72, 0x5A43,
    0x3940, 0x3940, 0x3940, 0x3940, 0x3940, 0x3940, 0x3940, 0x3940,
    0x3940, 0x3940, 0x3940, 0x3940, 0x3940, 0x3940, 0x3940, 0x3940,
    0x3940, 0x3940, 0x3940, 0x3940, 0x3940, 0x3940, 0x3940, 0x3940,
    0x3940, 0x3940, 0x2901, 0x10C4, 0x10C4, 0x10C4, 0x10C4, 0x10C4,
    0x10C4, 0x10C4, 0x10C4, 0x10C4, 0x10C4, 0x10C4, 0x10C4, 0x10C4,
    0x10C4, 0x10C4, 0x10C4, 0x10C4, 0x10C4, 0x10C4, 0x10C4, 0x10C4,
    0x10C4, 0x10C4, 0x10C4, 0x10C4, 0x10C4, 0x10C4, 0x10C4, 0x10C4,
    0x10C4, 0x10C4, 0x10C4, 0x10C4, 0x10C4, 0x10C4, 0x10C4, 0x10C4,
    0x10C4, 0x10C4, 0x10C4, 0x10C4, 0x10C4, 0x3121, 0x3940, 0x3940,
    0x3940, 0x3940, 0x3940, 0x3940, 0x3940, 0x4160, 0xDE0D, 0xFF72,
    0xFF72, 0xFF72, 0xFF72, 0xFF72, 0xFF72, 0xFF72, 0xFF72, 0xFF72,
    0xFF72, 0xFF72, 0xFF72, 0xFF72, 0xFF72, 0xFF72, 0xFF72, 0xFF72,
    0xFF72, 0xFF72, 0xFF72, 0xFF72, 0xFF72, 0xFF72, 0xFF72, 0xFF72,
    0xFF72, 0xFF72, 0xFF72, 0xFF72, 0xFF72, 0xFF72, 0xFF72, 0xFF72,
    0xFF72, 0xFF72, 0xFF72, 0xFF72, 0xFF72, 0xFF72, 0xFF72, 0xFF72,
    0xFF72, 0xFF72, 0xFF72, 0xFF72, 0xFF72, 0xFF72, 0xFF72, 0xFF72,
    0xFF72, 0xFF72, 0xFF72, 0xFF72, 0xFF72, 0xFF72, 0xFF72, 0xFF72,
    0xFF72, 0xFF72, 0xFF72, 0xFF72, 0xFF72, 0xFF72, 0xFF72, 0xFF72,
    0xFF72, 0xFF72, 0xFF72, 0xFF72, 0xFF72, 0xFF72, 0xFF72, 0xFF72,
    0xFF72, 0xFF72, 0xFF72, 0xFF72, 0xFF72, 0xFF72, 0xFF72, 0xFF72,
    0xFF72, 0xFF72, 0xFF72, 0xF710, 0x3940, 0x3940, 0x3940, 0x3940,
    0x3940, 0x3940, 0x3940, 0x3940, 0x3940, 0x3940, 0x3940, 0x3940,
    0x3940, 0x3940, 0x3940, 0x3940, 0x3940, 0x3940, 0x3940, 0x3940,
    0xFF10, 0xFF72, 0xFF72, 0xFF72, 0xFF72, 0xFF72, 0xFF72, 0xFF72,
    0xFF72, 0xFF72, 0xFF72, 0xFF52, 0x49A1, 0x3940, 0x3940, 0x3940,
    0x3940, 0x3940, 0x3940, 0x3940, 0x3940, 0x3940, 0x3940, 0x3940,
    0x3940, 0x3940, 0x3940, 0x3940, 0x3940, 0x3940, 0x3940, 0x3940,
    0x3940, 0x3940, 0x3940, 0x3940, 0x3940, 0x3940, 0x3940, 0x3940,
    0x3940, 0x3940, 0x3940, 0x3940, 0xFF72, 0xFF72, 0xFF72, 0xFF72,
    0xFF72, 0xFF72, 0xFF72, 0xFF72, 0xFF72, 0xFF72, 0xFF72, 0x5A43,
    0x3940, 0x3940, 0x3940, 0x3940, 0x3940, 0x3940, 0x3940, 0x3940,
    0x3940, 0x3940, 0x3940, 0x3940, 0x3940, 0x3940, 0x3940, 0x3940,
    0x3940, 0x3940, 0x3940, 0x3940, 0x3940, 0x3940, 0x3940, 0x3940,
    0x3940, 0x3940, 0x3121, 0x10C4, 0x10C4, 0x10C4, 0x10C4, 0x10C4,
    0x10C4, 0x10C4, 0x10C4, 0x10C4, 0x10C4, 0x10C4, 0x10C4, 0x10C4,
    0x10C4, 0x10C4, 0x10C4, 0x10C4, 0x10C4, 0x10C4, 0x10C4, 0x10C4,
    0x10C4, 0x10C4, 0x10C4, 0x10C4, 0x10C4, 0x10C4, 0x10C4, 0x10C4,
    0x10C4, 0x10C4, 0x10C4, 0x10C4, 0x10C4, 0x10C4, 0x10C4, 0x10C4,
    0x10C4, 0x10C4, 0x10C4, 0x10C4, 0x10C4, 0x18C4, 0x3121, 0x3940,
    0x3940, 0x3940, 0x3940, 0x3940, 0x3940, 0x3940, 0x3940, 0xB4E9,
    0xFF52, 0xFF72, 0xFF72, 0xFF72, 0xFF72, 0xFF72, 0xFF72, 0xFF72,
    0xFF72, 0xFF72, 0xFF72, 0xFF72, 0xFF72, 0xFF72, 0xFF72, 0xD5AB,
    0xFF72, 0xFF72, 0xFF72, 0xFF72, 0xFF72, 0xFF72, 0xFF72, 0xFF72,
    0xFF72, 0xFF72, 0xFF72, 0xFF72, 0xFF72, 0xFF72, 0xFF72, 0xFF72,
    0xFF72, 0xFF72, 0xFF72, 0xFF72, 0xFF72, 0xFF72, 0xFF72, 0xFF72,
    0xFF72, 0xFF72, 0xFF72, 0xFF72, 0xFF72, 0xFF72, 0xFF72, 0xFF72,
    0xFF72, 0xFF72, 0xFF72, 0xFF72, 0xFF72, 0xFF72, 0xFF72, 0xFF72,
    0xFF72, 0xFF72, 0xFF72, 0xFF72, 0xFF72, 0xFF72, 0xFF72, 0xFF72,
    0xFF72, 0xFF72, 0xFF72, 0xFF72, 0xFF72, 0xFF72, 0xFF72, 0xFF72,
    0xFF72, 0xFF72, 0xFF72, 0xFF72, 0xFF72, 0xFF72, 0xFF72, 0xFF72,
    0xFF72, 0xFF72, 0xFF72, 0xF710, 0x3940, 0x3940, 0x3940, 0x3940,
    0x3940, 0x3940, 0x3940, 0x3940, 0x3940, 0x3940, 0x3940, 0x3940,
    0x3940, 0x3940, 0x3940, 0x3940, 0x3940, 0x3940, 0x3940, 0x3940,
    0xD5AC, 0xFF72, 0xFF72, 0xFF72, 0xFF72, 0xFF72, 0xFF72, 0xFF72,
    0xFF72, 0xFF72, 0xFF72, 0xFF72, 0xA447, 0x3940, 0x3940, 0x3940,
    0x3940, 0x3940, 0x3940, 0x3940, 0x3940, 0x3940, 0x3940, 0xE66E,
    0xFF51, 0xFF51, 0xFF51, 0xFF51, 0xFF51, 0xFF51, 0xFF51, 0xFF51,
    0xFF51, 0xFF51, 0xFF51, 0xFF51, 0xFF51, 0xFF51, 0xFF51, 0xFF51,
    0xFF51, 0xFF51, 0xFF51, 0xFF51, 0xFF72, 0xFF72, 0xFF72, 0xFF72,
    0xFF72, 0xFF72, 0xFF72, 0xFF72, 0xFF72, 0xFF72, 0xFF72, 0xFF51,
    0xFF51, 0xFF51, 0xFF51, 0xFF51, 0xFF51, 0xFF51, 0xFF51, 0xFF51,
    0xFF51, 0xFF51, 0xFF51, 0xFF51, 0xFF51, 0xFF51, 0xFF51, 0xFF51,
    0xFF51, 0xFF51, 0xFF51, 0xFF51, 0xFF51, 0x3940, 0x3940, 0x3940,
    0x3940, 0x3940, 0x3940, 0x10C4, 0x10C4, 0x10C4, 0x10C4, 0x10C4,
    0x10C4, 0x10C4, 0x10C4, 0x10C4, 0x10C4, 0x10C4, 0x10C4, 0x10C4,
    0x10C4, 0x10C4, 0x10C4, 0x10C4, 0x10C4, 0x10C4, 0x10C4, 0x10C4,
    0x10C4, 0x10C4, 0x10C4, 0x10C4, 0x10C4, 0x10C4, 0x10C4, 0x10C4,
    0x10C4, 0x10C4, 0x10C4, 0x10C4, 0x10C4, 0x10C4, 0x10C4, 0x10C4,
    0x10C4, 0x10C4, 0x10C4, 0x10C4, 0x10C4, 0x10C4, 0x10C4, 0x2901,
    0x3940, 0x3940, 0x3940, 0x3940, 0x3940, 0x3940, 0x3940, 0x3940,
    0x8B86, 0xFF51, 0xFF72, 0xFF72, 0xFF72, 0xFF72, 0xFF72, 0xFF72,
    0xFF72, 0xFF72, 0xFF72, 0xFF72, 0xFF72, 0xFF72, 0xF6F0, 0x4160,
    0x3940, 0x3940, 0x3940, 0x3940, 0x3940, 0x3940, 0x3940, 0x3940,
    0x3940, 0x3940, 0x3940, 0x3940, 0x3940, 0x3940, 0x3940, 0x3940,
    0x3940, 0x3940, 0x3940, 0xBD0A, 0xFF72, 0xFF72, 0xFF72, 0xFF72,
    0xFF72, 0xFF72, 0xFF72, 0xFF72, 0xFF72, 0xFF51, 0x3940, 0x3940,
    0x3940, 0x3940, 0x3940, 0x3940, 0x6263, 0xFF72, 0xFF72, 0xFF72,
    0xFF72, 0xFF72, 0xFF72, 0xFF72, 0xFF72, 0xFF72, 0xFF72, 0x5A43,
    0x3940, 0x3940, 0x3940, 0x3940, 0x3940, 0x3940, 0x3940, 0x3940,
    0x3940, 0x3940, 0x3940, 0x3940, 0x3940, 0x3940, 0x3940, 0x3940,
    0x3940, 0x3940, 0x3940, 0x3940, 0x3940, 0x3940, 0x3940, 0x3940,
    0x3940, 0x3940, 0x3940, 0x3940, 0x3940, 0x3940, 0x3940, 0x3940,
    0x3940, 0x3940, 0x3940, 0x3940, 0x3940, 0x3940, 0x3940, 0x3940,
    0x8365, 0xFF72, 0xFF72, 0xFF72, 0xFF72, 0xFF72, 0xFF72, 0xFF72,
    0xFF72, 0xFF72, 0xFF72, 0xFF72, 0xE62D, 0x3940, 0x3940, 0x3940,
    0x3940, 0x3940, 0x3940, 0x3940, 0x3940, 0x3940, 0x3940, 0xEEAF,
    0xFF72, 0xFF72, 0xFF72, 0xFF72, 0xFF72, 0xFF72, 0xFF72, 0xFF72,
    0xFF72, 0xFF72, 0xFF72, 0xFF72, 0xFF72, 0xFF72, 0xFF72, 0xFF72,
    0xFF72, 0xFF72, 0xFF72, 0xFF72, 0xFF72, 0xFF72, 0xFF72, 0xFF72,
    0xFF72, 0xFF72, 0xFF72, 0xFF72, 0xFF72, 0xFF72, 0xFF72, 0xFF72,
    0xFF72, 0xFF72, 0xFF72, 0xFF72, 0xFF72, 0xFF72, 0xFF72, 0xFF72,
    0xFF72, 0xFF72, 0xFF72, 0xFF72, 0xFF72, 0xFF72, 0xFF72, 0xFF72,
    0xFF72, 0xFF72, 0xFF72, 0xFF72, 0xFF72, 0x3940, 0x3940, 0x3940,
    0x3940, 0x3940, 0x3940, 0x10C4, 0x10C4, 0x10C4, 0x10C4, 0x10C4,
    0x10C4, 0x10C4, 0x10C4, 0x10C4, 0x10C4, 0x10C4, 0x10C4, 0x10C4,
    0x10C4, 0x10C4, 0x10C4, 0x10C4, 0x10C4, 0x10C4, 0x10C4, 0x10C4,
    0x10C4, 0x10C4, 0x10C4, 0x10C4, 0x10C4, 0x10C4, 0x10C4, 0x10C4,
    0x10C4, 0x10C4, 0x10C4, 0x10C4, 0x10C4, 0x10C4, 0x10C4, 0x10C4,
    0x10C4, 0x10C4, 0x10C4, 0x10C4, 0x10C4, 0x10C4, 0x10C4, 0x10C4,
    0x20E2, 0x3940, 0x3940, 0x3940, 0x3940, 0x3940, 0x3940, 0x3940,
    0x3940, 0x6263, 0xFF10, 0xFF72, 0xFF72, 0xFF72, 0xFF72, 0xFF72,
    0xFF72, 0xFF72, 0xFF72, 0xFF72, 0xFF72, 0xFF52, 0x72C4, 0x3940,
    0x3940, 0x3940, 0x3940, 0x3940, 0x3940, 0x3940, 0x3940, 0x3940,
    0x3940, 0x3940, 0x3940, 0x3940, 0x3940, 0x3940, 0x3940, 0x3940,
    0x3940, 0x3940, 0x3940, 0xBD0A, 0xFF72, 0xFF72, 0xFF72, 0xFF72,
    0xFF72, 0xFF72, 0xFF72, 0xFF72, 0xFF72, 0xFF51, 0x3940, 0x3940,
    0x3940, 0x3940, 0x3940, 0x3940, 0x6263, 0xFF72, 0xFF72, 0xFF72,
    0xFF72, 0xFF72, 0xFF72, 0xFF72, 0xFF72, 0xFF72, 0xFF72, 0x5A43,
    0x3940, 0x3940, 0x3940, 0x3940, 0x3940, 0x3940, 0x3940, 0x3940,
    0x3940, 0x3940, 0x3940, 0x3940, 0x3940, 0x3940, 0x3940, 0x3940,
    0x3940, 0x3940, 0x3940, 0x3940, 0x3940, 0x3940, 0x3940, 0x3940,
    0x3940, 0x3940, 0x3940, 0x3940, 0x3940, 0x6243, 0xCDAB, 0xCDAB,
    0xCDAB, 0xCDAB, 0xCDAB, 0xCDAB, 0xCDAB, 0xCDAB, 0xCDAB, 0xCDAB,
    0xD5AB, 0xFF72, 0xFF72, 0xFF72, 0xFF72, 0xFF72, 0xFF72, 0xFF72,
    0xFF72, 0xFF72, 0xFF72, 0xFF72, 0xFF51, 0xCDAB, 0xCDAB, 0xCDAB,
    0xCDAB, 0xCDAB, 0xCDAB, 0x49C1, 0x3940, 0x3940, 0x3940, 0xEEAF,
    0xFF72, 0xFF72, 0xFF72, 0xFF72, 0xFF72, 0xFF72, 0xFF72, 0xFF72,
    0xFF72, 0xFF72, 0xFF72, 0xFF72, 0xFF72, 0xFF72, 0xFF72, 0xFF72,
    0xFF72, 0xFF72, 0xFF72, 0xFF72, 0xFF72, 0xFF72, 0xFF72, 0xFF72,
    0xFF72, 0xFF72, 0xFF72, 0xFF72, 0xFF72, 0xFF72, 0xFF72, 0xFF72,
    0xFF72, 0xFF72, 0xFF72, 0xFF72, 0xFF72, 0xFF72, 0xFF72, 0xFF72,
    0xFF72, 0xFF72, 0xFF72, 0xFF72, 0xFF72, 0xFF72, 0xFF72, 0xFF72,
    0xFF72, 0xFF72, 0xFF72, 0xFF72, 0xFF72, 0x3940, 0x3940, 0x3940,
    0x3940, 0x3940, 0x3940, 0x10C4, 0x10C4, 0x10C4, 0x10C4, 0x10C4,
    0x10C4, 0x10C4, 0x10C4, 0x10C4, 0x10C4, 0x10C4, 0x10C4, 0x10C4,
    0x10C4, 0x10C4, 0x10C4, 0x10C4, 0x10C4, 0x10C4, 0x10C4, 0x10C4,
    0x10C4, 0x10C4, 0x10C4, 0x10C4, 0x10C4, 0x10C4, 0x10C4, 0x10C4,
    0x10C4, 0x10C4, 0x10C4, 0x10C4, 0x10C4, 0x10C4, 0x10C4, 0x10C4,
    0x10C4, 0x10C4, 0x10C4, 0x10C4, 0x10C4, 0x10C4, 0x10C4, 0x10C4,
    0x10C4, 0x18E3, 0x3940, 0x3940, 0x3940, 0x3940, 0x3940, 0x3940,
    0x3940, 0x3940, 0x49A1, 0xEE8E, 0xFF72, 0xFF72, 0xFF72, 0xFF72,
    0xFF72, 0xFF72, 0xFF72, 0xFF72, 0xFF72, 0xBCE9, 0x3940, 0x3940,
    0x3940, 0x3940, 0x3940, 0x3940, 0x3940, 0x3940, 0x3940, 0x3940,
    0x3940, 0x3940, 0x3940, 0x3940, 0x3940, 0x3940, 0x3940, 0x3940,
    0x3940, 0x3940, 0x3940, 0xBD0A, 0xFF72, 0xFF72, 0xFF72, 0xFF72,
    0xFF72, 0xFF72, 0xFF72, 0xFF72, 0xFF72, 0xFF51, 0x3920, 0x18C4,
    0x18C4, 0x18C4, 0x18C4, 0x18C3, 0x6263, 0xFF72, 0xFF72, 0xFF72,
    0xFF72, 0xFF72, 0xFF72, 0xFF72, 0xFF72, 0xFF72, 0xFF72, 0x5A43,
    0x3940, 0x3940, 0x3940, 0x3940, 0x3940, 0x3940, 0x3940, 0x3940,
    0x3940, 0x3940, 0x3940, 0x3940, 0x3940, 0x3940, 0x3940, 0x3940,
    0x3940, 0x3940, 0x3940, 0x3940, 0x3940, 0x3940, 0x3940, 0x3940,
    0x3940, 0x3940, 0x3940, 0x3940, 0x3940, 0x8365, 0xFF72, 0xFF72,
    0xFF72, 0xFF72, 0xFF72, 0xFF72, 0xFF72, 0xFF72, 0xFF72, 0xFF72,
    0xFF72, 0xFF72, 0xFF72, 0xFF72, 0xFF72, 0xFF72, 0xFF72, 0xFF72,
    0xFF72, 0xFF72, 0xFF72, 0xFF72, 0xFF72, 0xFF72, 0xFF72, 0xFF72,
    0xFF72, 0xFF72, 0xFF72, 0x5A43, 0x3940, 0x3940, 0x3940, 0xEEAF,
    0xFF72, 0xFF72, 0xFF72, 0xFF72, 0xFF72, 0xFF72, 0xFF72, 0xFF72,
    0xFF72, 0xFF72, 0xFF72, 0xFF72, 0xFF72, 0xFF72, 0xFF72, 0xFF72,
    0xFF72, 0xFF72, 0xFF72, 0xFF72, 0xFF72, 0xFF72, 0xFF72, 0xFF72,
    0xFF72, 0xFF72, 0xFF72, 0xFF72, 0xFF72, 0xFF72, 0xFF72, 0xFF72,
    0xFF72, 0xFF72, 0xFF72, 0xFF72, 0xFF72, 0xFF72, 0xFF72, 0xFF72,
    0xFF72, 0xFF72, 0xFF72, 0xFF72, 0xFF72, 0xFF72, 0xFF72, 0xFF72,
    0xFF72, 0xFF72, 0xFF72, 0xFF72, 0xFF72, 0x3940, 0x3940, 0x3940,
    0x3940, 0x3940, 0x3940, 0x10C4, 0x10C4, 0x10C4, 0x10C4, 0x10C4,
    0x10C4, 0x10C4, 0x10C4, 0x10C4, 0x10C4, 0x10C4, 0x10C4, 0x10C4,
    0x10C4, 0x10C4, 0x10C4, 0x10C4, 0x10C4, 0x10C4, 0x10C4, 0x10C4,
    0x10C4, 0x10C4, 0x10C4, 0x10C4, 0x10C4, 0x10C4, 0x10C4, 0x10C4,
    0x10C4, 0x10C4, 0x10C4, 0x10C4, 0x10C4, 0x10C4, 0x10C4, 0x10C4,
    0x10C4, 0x10C4, 0x10C4, 0x10C4, 0x10C4, 0x10C4, 0x10C4, 0x10C4,
    0x10C4, 0x18E3, 0x3940, 0x3940, 0x3940, 0x3940, 0x3940, 0x3940,
    0x3940, 0x3940, 0x3940, 0x3940, 0xCD8B, 0xFF72, 0xFF72, 0xFF72,
    0xFF72, 0xFF72, 0xFF72, 0xFF72, 0xEEAF, 0x3940, 0x3940, 0x3940,
    0x3940, 0x3940, 0x3940, 0x3940, 0x3940, 0x3940, 0x3940, 0x3940,
    0x3940, 0x3940, 0x3940, 0x3940, 0x3940, 0x3940, 0x3940, 0x3940,
    0x3940, 0x3940, 0x3940, 0xBD0A, 0xFF72, 0xFF72, 0xFF72, 0xFF72,
    0xFF72, 0xFF72, 0xFF72, 0xFF72, 0xFF72, 0xFF51, 0x3920, 0x10C4,
    0x10C4, 0x10C4, 0x10C4, 0x18C4, 0x6263, 0xFF72, 0xFF72, 0xFF72,
    0xFF72, 0xFF72, 0xFF72, 0xFF72, 0xFF72, 0xFF72, 0xFF72, 0x5A43,
    0x3940, 0x3940, 0x3940, 0x3940, 0x3940, 0x3940, 0x3940, 0x3940,
    0x3940, 0x3940, 0x3940, 0x3940, 0x3940, 0x3940, 0x3940, 0x3940,
    0x3940, 0x3940, 0x3940, 0x3940, 0x3940, 0x3940, 0x3940, 0x3940,
    0x3940, 0x3940, 0x3940, 0x3940, 0x3940, 0x8365, 0xFF72, 0xFF72,
    0xFF72, 0xFF72, 0xFF72, 0xFF72, 0xFF72, 0xFF72, 0xFF72, 0xFF72,
    0xFF72, 0xFF72, 0xFF72, 0xFF72, 0xFF72, 0xFF72, 0xFF72, 0xFF72,
    0xFF72, 0xFF72, 0xFF72, 0xFF72, 0xFF72, 0xFF72, 0xFF72, 0xFF72,
    0xFF72, 0xFF72, 0xFF72, 0x5A43, 0x3940, 0x3940, 0x3940, 0xEEAF,
    0xFF72, 0xFF72, 0xFF72, 0xFF72, 0xFF72, 0xFF72, 0xFF72, 0xFF72,
    0xFF72, 0xFF72, 0xFF72, 0xFF72, 0xFF72, 0xFF72, 0xFF72, 0xFF72,
    0xFF72, 0xFF72, 0xFF72, 0xFF72, 0xFF72, 0xFF72, 0xFF72, 0xFF72,
    0xFF72, 0xFF72, 0xFF72, 0xFF72, 0xFF72, 0xFF72, 0xFF72, 0xFF72,
    0xFF72, 0xFF72, 0xFF72, 0xFF72, 0xFF72, 0xFF72, 0xFF72, 0xFF72,
    0xFF72, 0xFF72, 0xFF72, 0xFF72, 0xFF72, 0xFF72, 0xFF72, 0xFF72,
    0xFF72, 0xFF72, 0xFF72, 0xFF72, 0xFF72, 0x3940, 0x3940, 0x3940,
    0x3940, 0x3940, 0x3940, 0x10C4, 0x10C4, 0x10C4, 0x10C4, 0x10C4,
    0x10C4, 0x10C4, 0x10C4, 0x10C4, 0x10C4, 0x10C4, 0x10C4, 0x10C4,
    0x10C4, 0x10C4, 0x10C4, 0x10C4, 0x10C4, 0x10C4, 0x10C4, 0x10C4,
    0x10C4, 0x10C4, 0x10C4, 0x10C4, 0x10C4, 0x10C4, 0x10C4, 0x10C4,
    0x10C4, 0x10C4, 0x10C4, 0x10C4, 0x10C4, 0x10C4, 0x10C4, 0x10C4,
    0x10C4, 0x10C4, 0x10C4, 0x10C4, 0x10C4, 0x10C4, 0x10C4, 0x10C4,
    0x18E3, 0x3940, 0x3940, 0x3940, 0x3940, 0x3940, 0x3940, 0x3940,
    0x3940, 0x3940, 0x3940, 0x3940, 0x3940, 0xA468, 0xFF52, 0xFF72,
    0xFF72, 0xFF72, 0xFF72, 0xFF51, 0x5A22, 0x3940, 0x3940, 0x3940,
    0x3940, 0x3940, 0x3940, 0x3940, 0x3940, 0x3940, 0x3940, 0x3940,
    0x3940, 0x3940, 0x3940, 0x3940, 0x3940, 0x3940, 0x3940, 0x3940,
    0x3940, 0x3940, 0x3940, 0xBD0A, 0xFF72, 0xFF72, 0xFF72, 0xFF72,
    0xFF72, 0xFF72, 0xFF72, 0xFF72, 0xFF72, 0xFF51, 0x3920, 0x10C4,
    0x10C4, 0x10C4, 0x10C4, 0x18C4, 0x6263, 0xFF72, 0xFF72, 0xFF72,
    0xFF72, 0xFF72, 0xFF72, 0xFF72, 0xFF72, 0xFF72, 0xFF72, 0x5A43,
    0x3940, 0x3940, 0x3940, 0x3940, 0x3940, 0x3940, 0x3940, 0x3940,
    0x3940, 0x3940, 0x3940, 0x3940, 0x3940, 0x3940, 0x3940, 0x3940,
    0x3940, 0x3940, 0x3940, 0x3940, 0x3940, 0x3940, 0x3940, 0x2901,
    0x3940, 0x3940, 0x3940, 0x3940, 0x3940, 0x8365, 0xFF72, 0xFF72,
    0xFF72, 0xFF72, 0xFF72, 0xFF72, 0xFF72, 0xFF72, 0xFF72, 0xFF72,
    0xFF72, 0xFF72, 0xFF72, 0xFF72, 0xFF72, 0xFF72, 0xFF72, 0xFF72,
    0xFF72, 0xFF72, 0xFF72, 0xFF72, 0xFF72, 0xFF72, 0xFF72, 0xFF72,
    0xFF72, 0xFF72, 0xFF72, 0x5A43, 0x3940, 0x3940, 0x3940, 0xEEAF,
    0xFF72, 0xFF72, 0xFF72, 0xFF72, 0xFF72, 0xFF72, 0xFF72, 0xFF72,
    0xFF72, 0xFF72, 0xFF72, 0xFF72, 0xFF72, 0xFF72, 0xFF72, 0xFF72,
    0xFF72, 0xFF72, 0xFF72, 0xFF72, 0xFF72, 0xFF72, 0xFF72, 0xFF72,
    0xFF72, 0xFF72, 0xFF72, 0xFF72, 0xFF72, 0xFF72, 0xFF72, 0xFF72,
    0xFF72, 0xFF72, 0xFF72, 0xFF72, 0xFF72, 0xFF72, 0xFF72, 0xFF72,
    0xFF72, 0xFF72, 0xFF72, 0xFF72, 0xFF72, 0xFF72, 0xFF72, 0xFF72,
    0xFF72, 0xFF72, 0xFF72, 0xFF72, 0xFF72, 0x3940, 0x3940, 0x3940,
    0x3940, 0x3940, 0x3940, 0x10C4, 0x10C4, 0x10C4, 0x10C4, 0x10C4,
    0x10C4, 0x10C4, 0x10C4, 0x10C4, 0x10C4, 0x10C4, 0x10C4, 0x10C4,
    0x10C4, 0x10C4, 0x10C4, 0x10C4, 0x10C4, 0x10C4, 0x10C4, 0x10C4,
    0x10C4, 0x10C4, 0x10C4, 0x10C4, 0x10C4, 0x10C4, 0x10C4, 0x10C4,
    0x10C4, 0x10C4, 0x10C4, 0x10C4, 0x10C4, 0x10C4, 0x10C4, 0x10C4,
    0x10C4, 0x10C4, 0x10C4, 0x10C4, 0x10C4, 0x10C4, 0x10C4, 0x18C4,
    0x3920, 0x3940, 0x3940, 0x3940, 0x3940, 0x3940, 0x3940, 0x3940,
    0x3940, 0x3940, 0x3940, 0x3940, 0x3940, 0x3940, 0x7B25, 0xFF31,
    0xFF72, 0xFF72, 0xFF72, 0x9C27, 0x3940, 0x3940, 0x3940, 0x3940,
    0x3940, 0x3940, 0x3940, 0x3940, 0x3940, 0x3940, 0x3940, 0x3940,
    0x3940, 0x3940, 0x3940, 0x3940, 0x3940, 0x3940, 0x3940, 0x3940,
    0x3940, 0x3940, 0x3940, 0xBD0A, 0xFF72, 0xFF72, 0xFF72, 0xFF72,
    0xFF72, 0xFF72, 0xFF72, 0xFF72, 0xFF72, 0xFF51, 0x3920, 0x10C4,
    0x10C4, 0x10C4, 0x10C4, 0x18C4, 0x6263, 0xFF72, 0xFF72, 0xFF72,
    0xFF72, 0xFF72, 0xFF72, 0xFF72, 0xFF72, 0xFF72, 0xFF72, 0x5A43,
    0x3940, 0x3940, 0x3940, 0x3940, 0x3940, 0x3940, 0x3940, 0x3940,
    0x3940, 0x3940, 0x3940, 0x3940, 0x3940, 0x3940, 0x3940, 0x3940,
    0x3940, 0x3940, 0x3940, 0x3940, 0x3940, 0x3940, 0x3101, 0x18C3,
    0x3940, 0x3940, 0x3940, 0x3940, 0x3940, 0x8365, 0xFF72, 0xFF72,
    0xFF72, 0xFF72, 0xFF72, 0xFF72, 0xFF72, 0xFF72, 0xFF72, 0xFF72,
    0xFF72, 0xFF72, 0xFF72, 0xFF72, 0xFF72, 0xFF72, 0xFF72, 0xFF72,
    0xFF72, 0xFF72, 0xFF72, 0xFF72, 0xFF72, 0xFF72, 0xFF72, 0xFF72,
    0xFF72, 0xFF72, 0xFF72, 0x5A43, 0x3940, 0x3940, 0x3940, 0xEEAF,
    0xFF72, 0xFF72, 0xFF72, 0xFF72, 0xFF72, 0xFF72, 0xFF72, 0xFF72,
    0xFF72, 0xFF72, 0xFF72, 0xFF72, 0xFF72, 0xFF72, 0xFF72, 0xFF72,
    0xFF72, 0xFF72, 0xFF72, 0xFF72, 0xFF72, 0xFF72, 0xFF72, 0xFF72,
    0xFF72, 0xFF72, 0xFF72, 0xFF72, 0xFF72, 0xFF72, 0xFF72, 0xFF72,
    0xFF72, 0xFF72, 0xFF72, 0xFF72, 0xFF72, 0xFF72, 0xFF72, 0xFF72,
    0xFF72, 0xFF72, 0xFF72, 0xFF72, 0xFF72, 0xFF72, 0xFF72, 0xFF72,
    0xFF72, 0xFF72, 0xFF72, 0xFF72, 0xFF72, 0x3940, 0x3940, 0x3940,
    0x3940, 0x3940, 0x3940, 0x10C4, 0x10C4, 0x10C4, 0x10C4, 0x10C4,
    0x10C4, 0x10C4, 0x10C4, 0x10C4, 0x10C4, 0x10C4, 0x10C4, 0x10C4,
    0x10C4, 0x10C4, 0x10C4, 0x10C4, 0x10C4, 0x10C4, 0x10C4, 0x10C4,
    0x10C4, 0x10C4, 0x10C4, 0x10C4, 0x10C4, 0x10C4, 0x10C4, 0x10C4,
    0x10C4, 0x10C4, 0x10C4, 0x10C4, 0x10C4, 0x10C4, 0x10C4, 0x10C4,
    0x10C4, 0x10C4, 0x10C4, 0x10C4, 0x10C4, 0x10C4, 0x10C4, 0x3121,
    0x3940, 0x3940, 0x3940, 0x3940, 0x3940, 0x3940, 0x3940, 0x3940,
    0x3940, 0x3940, 0x3940, 0x3940, 0x3940, 0x3940, 0x3940, 0x5A43,
    0xF6F0, 0xFF72, 0xDE2D, 0x3940, 0x3940, 0x3940, 0x3940, 0x3940,
    0x3940, 0x3940, 0x3940, 0x3940, 0x3940, 0x3940, 0x3940, 0x3940,
    0x3940, 0x3940, 0x3940, 0x3940, 0x3940, 0x3940, 0x3940, 0x3940,
    0x3940, 0x3940, 0x3940, 0xBD0A, 0xFF72, 0xFF72, 0xFF72, 0xFF72,
    0xFF72, 0xFF72, 0xFF72, 0xFF72, 0xFF72, 0xFF51, 0x3940, 0x3940,
    0x3940, 0x3940, 0x3940, 0x3940, 0x6263, 0xFF72, 0xFF72, 0xFF72,
    0xFF72, 0xFF72, 0xFF72, 0xFF72, 0xFF72, 0xFF72, 0xFF72, 0x5A43,
    0x3940, 0x3940, 0x3940, 0x3940, 0x3940, 0x3940, 0x3940, 0x3940,
    0x3940, 0x3940, 0x3940, 0x3940, 0x3940, 0x3940, 0x3940, 0x3940,
    0x3940, 0x3940, 0x3940, 0x3940, 0x3940, 0x3940, 0x3121, 0x18C3,
    0x3940, 0x3940, 0x3940, 0x3940, 0x3940, 0x8365, 0xFF72, 0xFF72,
    0xFF72, 0xFF72, 0xFF72, 0xFF72, 0xFF72, 0xFF72, 0xFF72, 0xFF72,
    0xFF72, 0xFF72, 0xFF72, 0xFF72, 0xFF72, 0xFF72, 0xFF72, 0xFF72,
    0xFF72, 0xFF72, 0xFF72, 0xFF72, 0xFF72, 0xFF72, 0xFF72, 0xFF72,
    0xFF72, 0xFF72, 0xFF72, 0x5A43, 0x3940, 0x3940, 0x3940, 0xEEAF,
    0xFF72, 0xFF72, 0xFF72, 0xFF72, 0xFF72, 0xFF72, 0xFF72, 0xFF72,
    0xFF72, 0xFF72, 0xFF72, 0xFF72, 0xFF72, 0xFF72, 0xFF72, 0xFF72,
    0xFF72, 0xFF72, 0xFF72, 0xFF72, 0xFF72, 0xFF72, 0xFF72, 0xFF72,
    0xFF72, 0xFF72, 0xFF72, 0xFF72, 0xFF72, 0xFF72, 0xFF72, 0xFF72,
    0xFF72, 0xFF72, 0xFF72, 0xFF72, 0xFF72, 0xFF72, 0xFF72, 0xFF72,
    0xFF72, 0xFF72, 0xFF72, 0xFF72, 0xFF72, 0xFF72, 0xFF72, 0xFF72,
    0xFF72, 0xFF72, 0xFF72, 0xFF72, 0xFF72, 0x3940, 0x3940, 0x3940,
    0x3940, 0x3940, 0x3940, 0x10C4, 0x10C4, 0x10C4, 0x10C4, 0x10C4,
    0x10C4, 0x10C4, 0x10C4, 0x10C4, 0x10C4, 0x10C4, 0x10C4, 0x10C4,
    0x10C4, 0x10C4, 0x10C4, 0x10C4, 0x10C4, 0x10C4, 0x10C4, 0x10C4,
    0x10C4, 0x10C4, 0x10C4, 0x10C4, 0x10C4, 0x10C4, 0x10C4, 0x10C4,
    0x10C4, 0x10C4, 0x10C4, 0x10C4, 0x10C4, 0x10C4, 0x10C4, 0x10C4,
    0x10C4, 0x10C4, 0x10C4, 0x10C4, 0x10C4, 0x10C4, 0x2902, 0x3940,
    0x3940, 0x3940, 0x3940, 0x3940, 0x3940, 0x4140, 0x3940, 0x3940,
    0x3940, 0x3940, 0x3940, 0x3940, 0x3940, 0x3940, 0x3940, 0x3940,
    0x4181, 0xD5CC, 0x49A1, 0x3940, 0x3940, 0x3940, 0x3940, 0x3940,
    0x3940, 0x3940, 0x3940, 0x3940, 0x3940, 0x3940, 0x3940, 0x3940,
    0x3940, 0x3940, 0x3940, 0x3940, 0x3940, 0x3940, 0x3940, 0x3940,
    0x3940, 0x3940, 0x3940, 0xBD0A, 0xFF72, 0xFF72, 0xFF72, 0xFF72,
    0xFF72, 0xFF72, 0xFF72, 0xFF72, 0xFF72, 0xFF51, 0x3940, 0x3940,
    0x3940, 0x3940, 0x3940, 0x3940, 0x6263, 0xFF72, 0xFF72, 0xFF72,
    0xFF72, 0xFF72, 0xFF72, 0xFF72, 0xFF72, 0xFF72, 0xFF72, 0x5A43,
    0x3940, 0x3940, 0x3940, 0x3940, 0x3940, 0x3940, 0x3940, 0x3940,
    0x3940, 0x3940, 0x3940, 0x3940, 0x3940, 0x3940, 0x3940, 0x3940,
    0x3940, 0x3940, 0x3940, 0x3940, 0x3940, 0x3940, 0x3920, 0x18C3,
    0x3940, 0x3940, 0x3940, 0x3940, 0x3940, 0x8365, 0xFF72, 0xFF72,
    0xFF72, 0xFF72, 0xFF72, 0xFF72, 0xFF72, 0xFF72, 0xFF72, 0xFF72,
    0xFF72, 0xFF72, 0xFF72, 0xFF72, 0xFF72, 0xFF72, 0xFF72, 0xFF72,
    0xFF72, 0xFF72, 0xFF72, 0xFF72, 0xFF72, 0xFF72, 0xFF72, 0xFF72,
    0xFF72, 0xFF72, 0xFF72, 0x5A43, 0x3940, 0x3940, 0x3940, 0xEEAF,
    0xFF72, 0xFF72, 0xFF72, 0xFF72, 0xFF72, 0xFF72, 0xFF72, 0xFF72,
    0xFF72, 0xFF72, 0xFF72, 0xFF72, 0xFF72, 0xFF72, 0xFF72, 0xFF72,
    0xFF72, 0xFF72, 0xFF72, 0xFF72, 0xFF72, 0xFF72, 0xFF72, 0xFF72,
    0xFF72, 0xFF72, 0xFF72, 0xFF72, 0xFF72, 0xFF72, 0xFF72, 0xFF72,
    0xFF72, 0xFF72, 0xFF72, 0xFF72, 0xFF72, 0xFF72, 0xFF72, 0xFF72,
    0xFF72, 0xFF72, 0xFF72, 0xFF72, 0xFF72, 0xFF72, 0xFF72, 0xFF72,
    0xFF72, 0xFF72, 0xFF72, 0xFF72, 0xFF72, 0x3940, 0x3940, 0x3940,
    0x3940, 0x3940, 0x3940, 0x10C4, 0x10C4, 0x10C4, 0x10C4, 0x10C4,
    0x10C4, 0x10C4, 0x10C4, 0x10C4, 0x10C4, 0x10C4, 0x10C4, 0x10C4,
    0x10C4, 0x10C4, 0x10C4, 0x10C4, 0x10C4, 0x10C4, 0x10C4, 0x10C4,
    0x10C4, 0x10C4, 0x10C4, 0x10C4, 0x10C4, 0x10C4, 0x10C4, 0x10C4,
    0x10C4, 0x10C4, 0x10C4, 0x10C4, 0x10C4, 0x10C4, 0x10C4, 0x10C4,
    0x10C4, 0x10C4, 0x10C4, 0x10C4, 0x10C4, 0x20E3, 0x3940, 0x3940,
    0x3940, 0x3940, 0x3940, 0x3940, 0x4160, 0xF6CF, 0xCD8B, 0x4140,
    0x3940, 0x3940, 0x3940, 0x3940, 0x3940, 0x3940, 0x3940, 0x3940,
    0x3940, 0x3940, 0x3940, 0x3940, 0x3940, 0x3940, 0x3940, 0x3940,
    0x3940, 0x3940, 0xEEAF, 0xFF31, 0xFF31, 0xFF31, 0xFF31, 0xFF31,
    0xFF31, 0xFF31, 0xFF31, 0xFF31, 0xFF31, 0xFF31, 0xFF31, 0xFF31,
    0xFF31, 0xFF31, 0xFF31, 0xFF52, 0xFF72, 0xFF72, 0xFF72, 0xFF72,
    0xFF72, 0xFF72, 0xFF72, 0xFF72, 0xFF72, 0xFF72, 0xFF31, 0xFF31,
    0xFF31, 0xFF31, 0xFF31, 0xFF31, 0xFF51, 0xFF72, 0xFF72, 0xFF72,
    0xFF72, 0xFF72, 0xFF72, 0xFF72, 0xFF72, 0xFF72, 0xFF72, 0xFF51,
    0xFF31, 0xFF31, 0xFF31, 0xFF31, 0xFF31, 0xFF31, 0xFF31, 0xFF31,
    0xFF31, 0xFF31, 0xFF31, 0xFF31, 0xFF31, 0xFF31, 0xFF31, 0xFF31,
    0xFF31, 0x5A22, 0x3940, 0x3940, 0x3940, 0x3940, 0x3940, 0x18E3,
    0x3940, 0x3940, 0x3940, 0x3940, 0x3940, 0x8365, 0xFF72, 0xFF72,
    0xFF72, 0xFF72, 0xFF72, 0xFF72, 0xFF72, 0xFF72, 0xFF72, 0xFF72,
    0xFF72, 0xFF72, 0xFF72, 0xFF72, 0xFF72, 0xFF72, 0xFF72, 0xFF72,
    0xFF72, 0xFF72, 0xFF72, 0xFF72, 0xFF72, 0xFF72, 0xFF72, 0xFF72,
    0xFF72, 0xFF72, 0xFF72, 0x5A43, 0x3940, 0x3940, 0x3940, 0xEEAF,
    0xFF72, 0xFF72, 0xFF72, 0xFF72, 0xFF72, 0xFF72, 0xFF72, 0xFF72,
    0xFF72, 0xFF72, 0xFF72, 0xFF72, 0xFF72, 0xFF72, 0xFF72, 0xFF72,
    0xFF72, 0xFF72, 0xFF72, 0xFF72, 0xFF72, 0xFF72, 0xFF72, 0xFF72,
    0xFF72, 0xFF72, 0xFF72, 0xFF72, 0xFF72, 0xFF72, 0xFF72, 0xFF72,
    0xFF72, 0xFF72, 0xFF72, 0xFF72, 0xFF72, 0xFF72, 0xFF72, 0xFF72,
    0xFF72, 0xFF72, 0xFF72, 0xFF72, 0xFF72, 0xFF72, 0xFF72, 0xFF72,
    0xFF72, 0xFF72, 0xFF72, 0xFF72, 0xFF72, 0x3940, 0x3940, 0x3940,
    0x3940, 0x3940, 0x3940, 0x10C4, 0x10C4, 0x10C4, 0x10C4, 0x10C4,
    0x10C4, 0x10C4, 0x10C4, 0x10C4, 0x10C4, 0x10C4, 0x10C4, 0x10C4,
    0x10C4, 0x10C4, 0x10C4, 0x10C4, 0x10C4, 0x10C4, 0x10C4, 0x10C4,
    0x10C4, 0x10C4, 0x10C4, 0x10C4, 0x10C4, 0x10C4, 0x10C4, 0x10C4,
    0x10C4, 0x10C4, 0x10C4, 0x10C4, 0x10C4, 0x10C4, 0x10C4, 0x10C4,
    0x10C4, 0x10C4, 0x10C4, 0x10C4, 0x18C4, 0x3920, 0x3940, 0x3940,
    0x3940, 0x3940, 0x3940, 0x3940, 0xD5EC, 0xFF72, 0xFF72, 0xF6CF,
    0x5A22, 0x3940, 0x3940, 0x3940, 0x3940, 0x3940, 0x3940, 0x3940,
    0x3940, 0x3940, 0x3940, 0x3940, 0x3940, 0x3940, 0x3940, 0x3940,
    0x3940, 0x3940, 0xF710, 0xFF72, 0xFF72, 0xFF72, 0xFF72, 0xFF72,
    0xFF72, 0xFF72, 0xFF72, 0xFF72, 0xFF72, 0xFF72, 0xFF72, 0xFF72,
    0xFF72, 0xFF72, 0xFF72, 0xFF72, 0xFF72, 0xFF72, 0xFF72, 0xFF72,
    0xFF72, 0xFF72, 0xFF72, 0xFF72, 0xFF72, 0xFF72, 0xFF72, 0xFF72,
    0xFF72, 0xFF72, 0xFF72, 0xFF72, 0xFF72, 0xFF72, 0xFF72, 0xFF72,
    0xFF72, 0xFF72, 0xFF72, 0xFF72, 0xFF72, 0xFF72, 0xFF72, 0xFF72,
    0xFF72, 0xFF72, 0xFF72, 0xFF72, 0xFF72, 0xFF72, 0xFF72, 0xFF72,
    0xFF72, 0xFF72, 0xFF72, 0xFF72, 0xFF72, 0xFF72, 0xFF72, 0xFF72,
    0xFF72, 0x5A43, 0x3940, 0x3940, 0x3940, 0x3940, 0x3940, 0x18E3,
    0x3940, 0x3940, 0x3940, 0x3940, 0x3940, 0x8365, 0xFF72, 0xFF72,
    0xFF72, 0xFF72, 0xFF72, 0xFF72, 0xFF72, 0xFF72, 0xFF72, 0xFF72,
    0xFF72, 0xFF72, 0xFF72, 0xFF72, 0xFF72, 0xFF72, 0xFF72, 0xFF72,
    0xFF72, 0xFF72, 0xFF72, 0xFF72, 0xFF72, 0xFF72, 0xFF72, 0xFF72,
    0xFF72, 0xFF72, 0xFF72, 0x5A43, 0x3940, 0x3940, 0x3940, 0xEEAF,
    0xFF72, 0xFF72, 0xFF72, 0xFF72, 0xFF72, 0xFF72, 0xFF72, 0xFF72,
    0xFF72, 0xFF72, 0xFF72, 0xFF72, 0xFF72, 0xFF72, 0xFF72, 0xFF72,
    0xFF72, 0xFF72, 0xFF72, 0xFF72, 0xFF72, 0xFF72, 0xFF72, 0xFF72,
    0xFF72, 0xFF72, 0xFF72, 0xFF72, 0xFF72, 0xFF72, 0xFF72, 0xFF72,
    0xFF72, 0xFF72, 0xFF72, 0xFF72, 0xFF72, 0xFF72, 0xFF72, 0xFF72,
    0xFF72, 0xFF72, 0xFF72, 0xFF72, 0xFF72, 0xFF72, 0xFF72, 0xFF72,
    0xFF72, 0xFF72, 0xFF72, 0xFF72, 0xFF72, 0x3940, 0x3940, 0x3940,
    0x3940, 0x3940, 0x3940, 0x10C4, 0x10C4, 0x10C4, 0x10C4, 0x10C4,
    0x10C4, 0x10C4, 0x10C4, 0x10C4, 0x10C4, 0x10C4, 0x10C4, 0x10C4,
    0x10C4, 0x10C4, 0x10C4, 0x10C4, 0x10C4, 0x10C4, 0x10C4, 0x10C4,
    0x10C4, 0x10C4, 0x10C4, 0x10C4, 0x10C4, 0x10C4, 0x10C4, 0x10C4,
    0x10C4, 0x10C4, 0x10C4, 0x10C4, 0x10C4, 0x10C4, 0x10C4, 0x10C4,
    0x10C4, 0x10C4, 0x10C4, 0x10C4, 0x3121, 0x3940, 0x3940, 0x3940,
    0x3940, 0x3940, 0x3940, 0xA448, 0xFF72, 0xFF72, 0xFF72, 0xFF72,
    0xFF31, 0x8B86, 0x3940, 0x3940, 0x3940, 0x3940, 0x3940, 0x3940,
    0x3940, 0x3940, 0x3940, 0x3940, 0x3940, 0x3940, 0x3940, 0x3940,
    0x3940, 0x3940, 0xF710, 0xFF72, 0xFF72, 0xFF72, 0xFF72, 0xFF72,
    0xFF72, 0xFF72, 0xFF72, 0xFF72, 0xFF72, 0xFF72, 0xFF72, 0xFF72,
    0xFF72, 0xFF72, 0xFF72, 0xFF72, 0xFF72, 0xFF72, 0xFF72, 0xFF72,
    0xFF72, 0xFF72, 0xFF72, 0xFF72, 0xFF72, 0xFF72, 0xFF72, 0xFF72,
    0xFF72, 0xFF72, 0xFF72, 0xFF72, 0xFF72, 0xFF72, 0xFF72, 0xFF72,
    0xFF72, 0xFF72, 0xFF72, 0xFF72, 0xFF72, 0xFF72, 0xFF72, 0xFF72,
    0xFF72, 0xFF72, 0xFF72, 0xFF72, 0xFF72, 0xFF72, 0xFF72, 0xFF72,
    0xFF72, 0xFF72, 0xFF72, 0xFF72, 0xFF72, 0xFF72, 0xFF72, 0xFF72,
    0xFF72, 0x5A43, 0x3940, 0x3940, 0x3940, 0x3940, 0x3940, 0x18E3,
    0x3940, 0x3940, 0x3940, 0x3940, 0x3940, 0x8365, 0xFF72, 0xFF72,
    0xFF72, 0xFF72, 0xFF72, 0xFF72, 0xFF72, 0xFF72, 0xFF72, 0xFF72,
    0xFF72, 0xFF72, 0xFF72, 0xFF72, 0xFF72, 0xFF72, 0xFF72, 0xFF72,
    0xFF72, 0xFF72, 0xFF72, 0xFF72, 0xFF72, 0xFF72, 0xFF72, 0xFF72,
    0xFF72, 0xFF72, 0xFF72, 0x5A43, 0x3940, 0x3940, 0x3940, 0xEEAF,
    0xFF72, 0xFF72, 0xFF72, 0xFF72, 0xFF72, 0xFF72, 0xFF72, 0xFF72,
    0xFF72, 0xFF72, 0x9C27, 0x9C27, 0x9C27, 0x9C27, 0x9C27, 0x9C27,
    0x9C27, 0x9C27, 0x9C27, 0x9C27, 0xFF72, 0xFF72, 0xFF72, 0xFF72,
    0xFF72, 0xFF72, 0xFF72, 0xFF72, 0xFF72, 0xFF72, 0xFF72, 0xACA9,
    0x9C27, 0x9C27, 0x9C27, 0x9C27, 0x9C27, 0x9C27, 0x9C27, 0x9C27,
    0x9C27, 0x9C27, 0xF6CF, 0xFF72, 0xFF72, 0xFF72, 0xFF72, 0xFF72,
    0xFF72, 0xFF72, 0xFF72, 0xFF72, 0xFF72, 0x3940, 0x3940, 0x3940,
    0x3940, 0x3940, 0x3940, 0x10C4, 0x10C4, 0x10C4, 0x10C4, 0x10C4,
    0x10C4, 0x10C4, 0x10C4, 0x10C4, 0x10C4, 0x10C4, 0x10C4, 0x10C4,
    0x10C4, 0x10C4, 0x10C4, 0x10C4, 0x10C4, 0x10C4, 0x10C4, 0x10C4,
    0x10C4, 0x10C4, 0x10C4, 0x10C4, 0x10C4, 0x10C4, 0x10C4, 0x10C4,
    0x10C4, 0x10C4, 0x10C4, 0x10C4, 0x10C4, 0x10C4, 0x10C4, 0x10C4,
    0x10C4, 0x10C4, 0x10C4, 0x2902, 0x3940, 0x3940, 0x3940, 0x3940,
    0x3940, 0x3940, 0x72C4, 0xFF52, 0xFF72, 0xFF72, 0xFF72, 0xFF72,
    0xFF72, 0xFF72, 0xC52A, 0x3940, 0x3940, 0x3940, 0x3940, 0x3940,
    0x3940, 0x3940, 0x3940, 0x3940, 0x3940, 0x3940, 0x3940, 0x3940,
    0x3940, 0x3940, 0xF710, 0xFF72, 0xFF72, 0xFF72, 0xFF72, 0xFF72,
    0xFF72, 0xFF72, 0xFF72, 0xFF72, 0xFF72, 0xFF72, 0xFF72, 0xFF72,
    0xFF72, 0xFF72, 0xFF72, 0xFF72, 0xFF72, 0xFF72, 0xFF72, 0xFF72,
    0xFF72, 0xFF72, 0xFF72, 0xFF72, 0xFF72, 0xFF72, 0xFF72, 0xFF72,
    0xFF72, 0xFF72, 0xFF72, 0xFF72, 0xFF72, 0xFF72, 0xFF72, 0xFF72,
    0xFF72, 0xFF72, 0xFF72, 0xFF72, 0xFF72, 0xFF72, 0xFF72, 0xFF72,
    0xFF72, 0xFF72, 0xFF72, 0xFF72, 0xFF72, 0xFF72, 0xFF72, 0xFF72,
    0xFF72, 0xFF72, 0xFF72, 0xFF72, 0xFF72, 0xFF72, 0xFF72, 0xFF72,
    0xFF72, 0x5A43, 0x3940, 0x3940, 0x3940, 0x3940, 0x3940, 0x18E3,
    0x3940, 0x3940, 0x3940, 0x3940, 0x3940, 0x8365, 0xFF72, 0xFF72,
    0xFF72, 0xFF72, 0xFF72, 0xFF72, 0xFF72, 0xFF72, 0xFF72, 0xFF72,
    0xFF72, 0xFF72, 0xFF72, 0xFF72, 0xFF72, 0xFF72, 0xFF72, 0xFF72,
    0xFF72, 0xFF72, 0xFF72, 0xFF72, 0xFF72, 0xFF72, 0xFF72, 0xFF72,
    0xFF72, 0xFF72, 0xFF72, 0x5A43, 0x3940, 0x3940, 0x3940, 0xEEAF,
    0xFF72, 0xFF72, 0xFF72, 0xFF72, 0xFF72, 0xFF72, 0xFF72, 0xFF72,
    0xFF72, 0xFF72, 0x3940, 0x3940, 0x3940, 0x3940, 0x3940, 0x3940,
    0x3940, 0x3940, 0x3940, 0x3940, 0xFF72, 0xFF72, 0xFF72, 0xFF72,
    0xFF72, 0xFF72, 0xFF72, 0xFF72, 0xFF72, 0xFF72, 0xFF72, 0x5A43,
    0x3940, 0x3940, 0x3940, 0x3940, 0x3940, 0x3940, 0x3940, 0x3940,
    0x3940, 0x3940, 0xE64D, 0xFF72, 0xFF72, 0xFF72, 0xFF72, 0xFF72,
    0xFF72, 0xFF72, 0xFF72, 0xFF72, 0xFF72, 0x3940, 0x3940, 0x3940,
    0x3940, 0x3940, 0x3940, 0x10C4, 0x10C4, 0x10C4, 0x10C4, 0x10C4,
    0x10C4, 0x10C4, 0x10C4, 0x10C4, 0x10C4, 0x10C4, 0x10C4, 0x10C4,
    0x10C4, 0x10C4, 0x10C4, 0x10C4, 0x10C4, 0x10C4, 0x10C4, 0x10C4,
    0x10C4, 0x10C4, 0x10C4, 0x10C4, 0x10C4, 0x10C4, 0x10C4, 0x10C4,
    0x10C4, 0x10C4, 0x10C4, 0x10C4, 0x10C4, 0x10C4, 0x10C4, 0x10C4,
    0x10C4, 0x10C4, 0x20E3, 0x3940, 0x3940, 0x3940, 0x3940, 0x3940,
    0x3940, 0x49A1, 0xFF10, 0xFF72, 0xFF72, 0xFF72, 0xFF72, 0xFF72,
    0xFF72, 0xFF72, 0xFF72, 0xE66E, 0x49A1, 0x3940, 0x3940, 0x3940,
    0x3940, 0x3940, 0x3940, 0x3940, 0x3940, 0x3940, 0x3940, 0x3940,
    0x3940, 0x3940, 0xF710, 0xFF72, 0xFF72, 0xFF72, 0xFF72, 0xFF72,
    0xFF72, 0xFF72, 0xFF72, 0xFF72, 0xFF72, 0xFF72, 0xFF72, 0xFF72,
    0xFF72, 0xFF72, 0xFF72, 0xFF72, 0xFF72, 0xFF72, 0xFF72, 0xFF72,
    0xFF72, 0xFF72, 0xFF72, 0xFF72, 0xFF72, 0xFF72, 0xFF72, 0xFF72,
    0xFF72, 0xFF72, 0xFF72, 0xFF72, 0xFF72, 0xFF72, 0xFF72, 0xFF72,
    0xFF72, 0xFF72, 0xFF72, 0xFF72, 0xFF72, 0xFF72, 0xFF72, 0xFF72,
    0xFF72, 0xFF72, 0xFF72, 0xFF72, 0xFF72, 0xFF72, 0xFF72, 0xFF72,
    0xFF72, 0xFF72, 0xFF72, 0xFF72, 0xFF72, 0xFF72, 0xFF72, 0xFF72,
    0xFF72, 0x5A43, 0x3940, 0x3940, 0x3940, 0x3940, 0x3940, 0x18E3,
    0x3940, 0x3940, 0x3940, 0x3940, 0x3940, 0x7B25, 0xFF51, 0xFF51,
    0xFF51, 0xFF51, 0xFF51, 0xFF51, 0xFF51, 0xFF51, 0xFF51, 0xFF51,
    0xFF51, 0xFF51, 0xFF51, 0xFF51, 0xFF51, 0xFF51, 0xFF72, 0xFF72,
    0xFF72, 0xFF72, 0xFF72, 0xFF72, 0xFF72, 0xFF72, 0xFF72, 0xFF72,
    0xFF72, 0xFF72, 0xFF72, 0x5A22, 0x3940, 0x3940, 0x3940, 0xEEAF,
    0xFF72, 0xFF72, 0xFF72, 0xFF72, 0xFF72, 0xFF72, 0xFF72, 0xFF72,
    0xFF72, 0xFF72, 0x3940, 0x3940, 0x3940, 0x3940, 0x3940, 0x3940,
    0x3940, 0x3940, 0x3940, 0x3940, 0xFF72, 0xFF72, 0xFF72, 0xFF72,
    0xFF72, 0xFF72, 0xFF72, 0xFF72, 0xFF72, 0xFF72, 0xFF72, 0x5A43,
    0x3940, 0x3940, 0x3940, 0x3940, 0x3940, 0x3940, 0x3940, 0x3940,
    0x3940, 0x3940, 0xE64D, 0xFF72, 0xFF72, 0xFF72, 0xFF72, 0xFF72,
    0xFF72, 0xFF72, 0xFF72, 0xFF72, 0xFF72, 0x3940, 0x3940, 0x3940,
    0x3940, 0x3940, 0x3940, 0x10C4, 0x10C4, 0x10C4, 0x10C4, 0x10C4,
    0x10C4, 0x10C4, 0x10C4, 0x10C4, 0x10C4, 0x10C4, 0x10C4, 0x10C4,
    0x10C4, 0x10C4, 0x10C4, 0x10C4, 0x10C4, 0x10C4, 0x10C4, 0x10C4,
    0x10C4, 0x10C4, 0x10C4, 0x10C4, 0x10C4, 0x10C4, 0x10C4, 0x10C4,
    0x10C4, 0x10C4, 0x10C4, 0x10C4, 0x10C4, 0x10C4, 0x10C4, 0x10C4,
    0x10C4, 0x18E4, 0x3940, 0x3940, 0x3940, 0x3940, 0x3940, 0x3940,
    0x3940, 0xE64E, 0xFF72, 0xFF72, 0xFF72, 0xFF72, 0xFF72, 0xFF72,
    0xFF72, 0xFF72, 0xFF72, 0xFF72, 0xFF10, 0x6AA3, 0x3940, 0x3940,
    0x3940, 0x3940, 0x3940, 0x3940, 0x3940, 0x3940, 0x3940, 0x3940,
    0x3940, 0x3940, 0xF710, 0xFF72, 0xFF72, 0xFF72, 0xFF72, 0xFF72,
    0xFF72, 0xFF72, 0xFF72, 0xFF72, 0xFF72, 0xFF72, 0xFF72, 0xFF72,
    0xFF72, 0xFF72, 0xFF72, 0xFF72, 0xFF72, 0xFF72, 0xFF72, 0xFF72,
    0xFF72, 0xFF72, 0xFF72, 0xFF72, 0xFF72, 0xFF72, 0xFF72, 0xFF72,
    0xFF72, 0xFF72, 0xFF72, 0xFF72, 0xFF72, 0xFF72, 0xFF72, 0xFF72,
    0xFF72, 0xFF72, 0xFF72, 0xFF72, 0xFF72, 0xFF72, 0xFF72, 0xFF72,
    0xFF72, 0xFF72, 0xFF72, 0xFF72, 0xFF72, 0xFF72, 0xFF72, 0xFF72,
    0xFF72, 0xFF72, 0xFF72, 0xFF72, 0xFF72, 0xFF72, 0xFF72, 0xFF72,
    0xFF72, 0x5A43, 0x3940, 0x3940, 0x3940, 0x3940, 0x3940, 0x18E4,
    0x3940, 0x3940, 0x3940, 0x3940, 0x3940, 0x3940, 0x3940, 0x3940,
    0x3940, 0x3940, 0x3940, 0x3940, 0x3940, 0x3940, 0x3940, 0x3940,
    0x3940, 0x3940, 0x3940, 0x3940, 0x3940, 0x8345, 0xFF72, 0xFF72,
    0xFF72, 0xFF72, 0xFF72, 0xFF72, 0xFF72, 0xFF72, 0xFF72, 0xFF72,
    0xFF72, 0xFF72, 0xF6EF, 0x3940, 0x3940, 0x3940, 0x3940, 0xEEAF,
    0xFF72, 0xFF72, 0xFF72, 0xFF72, 0xFF72, 0xFF72, 0xFF72, 0xFF72,
    0xFF72, 0xFF72, 0x3940, 0x3940, 0x3940, 0x3940, 0x3940, 0x3940,
    0x3940, 0x3940, 0x3940, 0x3940, 0xFF72, 0xFF72, 0xFF72, 0xFF72,
    0xFF72, 0xFF72, 0xFF72, 0xFF72, 0xFF72, 0xFF72, 0xFF72, 0x5A43,
    0x3940, 0x3940, 0x3940, 0x3940, 0x3940, 0x3940, 0x3940, 0x3940,
    0x3940, 0x3940, 0xE64D, 0xFF72, 0xFF72, 0xFF72, 0xFF72, 0xFF72,
    0xFF72, 0xFF72, 0xFF72, 0xFF72, 0xFF72, 0x3940, 0x3940, 0x3940,
    0x3940, 0x3940, 0x3940, 0x10C4, 0x10C4, 0x10C4, 0x10C4, 0x10C4,
    0x10C4, 0x10C4, 0x10C4, 0x10C4, 0x10C4, 0x10C4, 0x10C4, 0x10C4,
    0x10C4, 0x10C4, 0x10C4, 0x10C4, 0x10C4, 0x10C4, 0x10C4, 0x10C4,
    0x10C4, 0x10C4, 0x10C4, 0x10C4, 0x10C4, 0x10C4, 0x10C4, 0x10C4,
    0x10C4, 0x10C4, 0x10C4, 0x10C4, 0x10C4, 0x10C4, 0x10C4, 0x10C4,
    0x10C4, 0x2901, 0x3940, 0x3940, 0x3940, 0x3940, 0x3940, 0x3940,
    0xBCE9, 0xFF72, 0xFF72, 0xFF72, 0xFF72, 0xFF72, 0xFF72, 0xFF72,
    0xFF72, 0xFF72, 0xFF72, 0xFF72, 0xFF72, 0xFF52, 0x9C07, 0x3940,
    0x3940, 0x3940, 0x3940, 0x3940, 0x3940, 0x3940, 0x3940, 0x3940,
    0x3940, 0x3940, 0xF710, 0xFF72, 0xFF72, 0xFF72, 0xFF72, 0xFF72,
    0xFF72, 0xFF72, 0xFF72, 0xFF72, 0xFF72, 0xFF72, 0xFF72, 0xFF72,
    0xFF72, 0xFF72, 0xFF72, 0xFF72, 0xFF72, 0xFF72, 0xFF72, 0xFF72,
    0xFF72, 0xFF72, 0xFF72, 0xFF72, 0xFF72, 0xFF72, 0xFF72, 0xFF72,
    0xFF72, 0xFF72, 0xFF72, 0xFF72, 0xFF72, 0xFF72, 0xFF72, 0xFF72,
    0xFF72, 0xFF72, 0xFF72, 0xFF72, 0xFF72, 0xFF72, 0xFF72, 0xFF72,
    0xFF72, 0xFF72, 0xFF72, 0xFF72, 0xFF72, 0xFF72, 0xFF72, 0xFF72,
    0xFF72, 0xFF72, 0xFF72, 0xFF72, 0xFF72, 0xFF72, 0xFF72, 0xFF72,
    0xFF72, 0x5A43, 0x3940, 0x3940, 0x3940, 0x3940, 0x3940, 0x18C4,
    0x3121, 0x3940, 0x3940, 0x3940, 0x3940, 0x3940, 0x3940, 0x3940,
    0x3940, 0x3940, 0x3940, 0x3940, 0x3940, 0x3940, 0x3940, 0x3940,
    0x3940, 0x3940, 0x3940, 0x3940, 0x3940, 0xEE8E, 0xFF72, 0xFF72,
    0xFF72, 0xFF72, 0xFF72, 0xFF72, 0xFF72, 0xFF72, 0xFF72, 0xFF72,
    0xFF72, 0xFF72, 0x93E7, 0x3940, 0x3940, 0x3940, 0x3940, 0xEEAF,
    0xFF72, 0xFF72, 0xFF72, 0xFF72, 0xFF72, 0xFF72, 0xFF72, 0xFF72,
    0xFF72, 0xFF72, 0x3940, 0x3940, 0x3940, 0x3940, 0x3940, 0x3940,
    0x3940, 0x3940, 0x3940, 0x3940, 0xFF72, 0xFF72, 0xFF72, 0xFF72,
    0xFF72, 0xFF72, 0xFF72, 0xFF72, 0xFF72, 0xFF72, 0xFF72, 0x5A43,
    0x3940, 0x3940, 0x3940, 0x3940, 0x3940, 0x3940, 0x3940, 0x3940,
    0x3940, 0x3940, 0xE64D, 0xFF72, 0xFF72, 0xFF72, 0xFF72, 0xFF72,
    0xFF72, 0xFF72, 0xFF72, 0xFF72, 0xFF72, 0x3940, 0x3940, 0x3940,
    0x3940, 0x3940, 0x3940, 0x10C4, 0x10C4, 0x10C4, 0x10C4, 0x10C4,
    0x10C4, 0x10C4, 0x10C4, 0x10C4, 0x10C4, 0x10C4, 0x10C4, 0x10C4,
    0x10C4, 0x10C4, 0x10C4, 0x10C4, 0x10C4, 0x10C4, 0x10C4, 0x10C4,
    0x10C4, 0x10C4, 0x10C4, 0x10C4, 0x10C4, 0x10C4, 0x10C4, 0x10C4,
    0x10C4, 0x10C4, 0x10C4, 0x10C4, 0x10C4, 0x10C4, 0x10C4, 0x10C4,
    0x18C4, 0x3940, 0x3940, 0x3940, 0x3940, 0x3940, 0x3940, 0x8345,
    0xFF52, 0xFF72, 0xFF72, 0xFF72, 0xFF72, 0xFF72, 0xFF72, 0xFF72,
    0xFF72, 0xFF72, 0xFF72, 0xFF72, 0xFF72, 0xFF72, 0xFF72, 0xC56B,
    0x3940, 0x3940, 0x3940, 0x3940, 0x3940, 0x3940, 0x3940, 0x3940,
    0x3940, 0x3940, 0xF710, 0xFF72, 0xFF72, 0xFF72, 0xFF72, 0xFF72,
    0xFF72, 0xFF72, 0xFF72, 0xFF72, 0xFF72, 0xFF72, 0xFF72, 0xFF72,
    0xFF72, 0xFF72, 0xFF72, 0xFF72, 0xFF72, 0xFF72, 0xFF72, 0xFF72,
    0xFF72, 0xFF72, 0xFF72, 0xFF72, 0xFF72, 0xFF72, 0xFF72, 0xFF72,
    0xFF72, 0xFF72, 0xFF72, 0xFF72, 0xFF72, 0xFF72, 0xFF72, 0xFF72,
    0xFF72, 0xFF72, 0xFF72, 0xFF72, 0xFF72, 0xFF72, 0xFF72, 0xFF72,
    0xFF72, 0xFF72, 0xFF72, 0xFF72, 0xFF72, 0xFF72, 0xFF72, 0xFF72,
    0xFF72, 0xFF72, 0xFF72, 0xFF72, 0xFF72, 0xFF72, 0xFF72, 0xFF72,
    0xFF72, 0x5A43, 0x3940, 0x3940, 0x3940, 0x3940, 0x3940, 0x18C4,
    0x2902, 0x3940, 0x3940, 0x3940, 0x3940, 0x3940, 0x3940, 0x3940,
    0x3940, 0x3940, 0x3940, 0x3940, 0x3940, 0x3940, 0x3940, 0x3940,
    0x3940, 0x3940, 0x3940, 0x3940, 0x7B05, 0xFF72, 0xFF72, 0xFF72,
    0xFF72, 0xFF72, 0xFF72, 0xFF72, 0xFF72, 0xFF72, 0xFF72, 0xFF72,
    0xFF72, 0xF6F0, 0x3940, 0x3940, 0x3940, 0x3940, 0x3940, 0xEEAF,
    0xFF72, 0xFF72, 0xFF72, 0xFF72, 0xFF72, 0xFF72, 0xFF72, 0xFF72,
    0xFF72, 0xFF72, 0x3940, 0x3940, 0x3940, 0x3940, 0x3940, 0x3940,
    0x3940, 0x3940, 0x3940, 0x3940, 0xFF72, 0xFF72, 0xFF72, 0xFF72,
    0xFF72, 0xFF72, 0xFF72, 0xFF72, 0xFF72, 0xFF72, 0xFF72, 0x5A43,
    0x3940, 0x3940, 0x3940, 0x3940, 0x3940, 0x3940, 0x3940, 0x3940,
    0x3940, 0x3940, 0xE64D, 0xFF72, 0xFF72, 0xFF72, 0xFF72, 0xFF72,
    0xFF72, 0xFF72, 0xFF72, 0xFF72, 0xFF72, 0x3940, 0x3940, 0x3940,
    0x3940, 0x3940, 0x3940, 0x10C4, 0x10C4, 0x10C4, 0x10C4, 0x10C4,
    0x10C4, 0x10C4, 0x10C4, 0x10C4, 0x10C4, 0x10C4, 0x10C4, 0x10C4,
    0x10C4, 0x10C4, 0x10C4, 0x10C4, 0x10C4, 0x10C4, 0x10C4, 0x10C4,
    0x10C4, 0x10C4, 0x10C4, 0x10C4, 0x10C4, 0x10C4, 0x10C4, 0x10C4,
    0x10C4, 0x10C4, 0x10C4, 0x10C4, 0x10C4, 0x10C4, 0x10C4, 0x10C4,
    0x18E3, 0x3940, 0x3940, 0x3940, 0x3940, 0x3940, 0x51E2, 0xFF31,
    0xFF72, 0xFF72, 0xFF72, 0xFF72, 0xFF72, 0xFF72, 0xFF72, 0xFF72,
    0xFF72, 0xFF72, 0xFF72, 0xFF72, 0xFF72, 0xFF72, 0xFF72, 0xFF72,
    0xE66E, 0x49A1, 0x3940, 0x3940, 0x3940, 0x3940, 0x3940, 0x3940,
    0x3940, 0x3940, 0xF710, 0xFF72, 0xFF72, 0xFF72, 0xFF72, 0xFF72,
    0xFF72, 0xFF72, 0xFF72, 0xFF72, 0xFF72, 0xFF72, 0xFF72, 0xFF72,
    0xFF72, 0xFF72, 0xFF72, 0xFF72, 0xFF72, 0xFF72, 0xFF72, 0xFF72,
    0xFF72, 0xFF72, 0xFF72, 0xFF72, 0xFF72, 0xFF72, 0xFF72, 0xFF72,
    0xFF72, 0xFF72, 0xFF72, 0xFF72, 0xFF72, 0xFF72, 0xFF72, 0xFF72,
    0xFF72, 0xFF72, 0xFF72, 0xFF72, 0xFF72, 0xFF72, 0xFF72, 0xFF72,
    0xFF72, 0xFF72, 0xFF72, 0xFF72, 0xFF72, 0xFF72, 0xFF72, 0xFF72,
    0xFF72, 0xFF72, 0xFF72, 0xFF72, 0xFF72, 0xFF72, 0xFF72, 0xFF72,
    0xFF72, 0x5A43, 0x3940, 0x3940, 0x3940, 0x3940, 0x3940, 0x18C4,
    0x10C4, 0x3121, 0x3940, 0x3940, 0x3940, 0x3940, 0x3940, 0x3940,
    0x3940, 0x3940, 0x3940, 0x3940, 0x3940, 0x3940, 0x3940, 0x3940,
    0x3940, 0x3940, 0x3940, 0x3940, 0xEE8E, 0xFF72, 0xFF72, 0xFF72,
    0xFF72, 0xFF72, 0xFF72, 0xFF72, 0xFF72, 0xFF72, 0xFF72, 0xFF72,
    0xFF72, 0x9C07, 0x3940, 0x3940, 0x3940, 0x3940, 0x3940, 0xEEAF,
    0xFF72, 0xFF72, 0xFF72, 0xFF72, 0xFF72, 0xFF72, 0xFF72, 0xFF72,
    0xFF72, 0xFF72, 0x3940, 0x3940, 0x3940, 0x3940, 0x3920, 0x3920,
    0x3940, 0x3940, 0x3940, 0x3940, 0xFF72, 0xFF72, 0xFF72, 0xFF72,
    0xFF72, 0xFF72, 0xFF72, 0xFF72, 0xFF72, 0xFF72, 0xFF72, 0x5A43,
    0x3940, 0x3940, 0x3940, 0x3940, 0x3920, 0x3940, 0x3940, 0x3940,
    0x3940, 0x3940, 0xE64D, 0xFF72, 0xFF72, 0xFF72, 0xFF72, 0xFF72,
    0xFF72, 0xFF72, 0xFF72, 0xFF72, 0xFF72, 0x3940, 0x3940, 0x3940,
    0x3940, 0x3940, 0x3940, 0x10C4, 0x10C4, 0x10C4, 0x10C4, 0x10C4,
    0x10C4, 0x10C4, 0x10C4, 0x10C4, 0x10C4, 0x10C4, 0x10C4, 0x10C4,
    0x10C4, 0x10C4, 0x10C4, 0x10C4, 0x10C4, 0x10C4, 0x10C4, 0x10C4,
    0x10C4, 0x10C4, 0x10C4, 0x10C4, 0x10C4, 0x10C4, 0x10C4, 0x10C4,
    0x10C4, 0x10C4, 0x10C4, 0x10C4, 0x10C4, 0x10C4, 0x10C4, 0x10C4,
    0x20E3, 0x3940, 0x3940, 0x3940, 0x3940, 0x3940, 0x6263, 0xFF10,
    0xFF72, 0xFF72, 0xFF72, 0xFF72, 0xFF72, 0xFF72, 0xFF72, 0xFF72,
    0xFF72, 0xFF72, 0xFF72, 0xFF72, 0xFF72, 0xFF72, 0xFF72, 0xFF72,
    0xFF72, 0xFF10, 0x6263, 0x3940, 0x3940, 0x3940, 0x3940, 0x3940,
    0x3940, 0x3940, 0xF710, 0xFF72, 0xFF72, 0xFF72, 0xFF72, 0xFF72,
    0xFF72, 0xFF72, 0xFF72, 0xFF72, 0xFF72, 0xFF72, 0xFF72, 0xFF72,
    0xFF72, 0xFF72, 0xFF72, 0xFF72, 0xFF72, 0xFF72, 0xFF72, 0xFF72,
    0xFF72, 0xFF72, 0xFF72, 0xFF72, 0xFF72, 0xFF72, 0xFF72, 0xFF72,
    0xFF72, 0xFF72, 0xFF72, 0xFF72, 0xFF72, 0xFF72, 0xFF72, 0xFF72,
    0xFF72, 0xFF72, 0xFF72, 0xFF72, 0xFF72, 0xFF72, 0xFF72, 0xFF72,
    0xFF72, 0xFF72, 0xFF72, 0xFF72, 0xFF72, 0xFF72, 0xFF72, 0xFF72,
    0xFF72, 0xFF72, 0xFF72, 0xFF72, 0xFF72, 0xFF72, 0xFF72, 0xFF72,
    0xFF72, 0x5A43, 0x3940, 0x3940, 0x3940, 0x3940, 0x3940, 0x18C4,
    0x10C4, 0x18C4, 0x3121, 0x3940, 0x3940, 0x3940, 0x3940, 0x3940,
    0x3940, 0x3940, 0x3940, 0x3940, 0x3940, 0x3940, 0x3940, 0x3940,
    0x3940, 0x3940, 0x3940, 0x7B25, 0xFF72, 0xFF72, 0xFF72, 0xFF72,
    0xFF72, 0xFF72, 0xFF72, 0xFF72, 0xFF72, 0xFF72, 0xFF72, 0xFF72,
    0xF6F0, 0x3940, 0x3940, 0x3940, 0x3940, 0x3940, 0x3940, 0xEEAF,
    0xFF72, 0xFF72, 0xFF72, 0xFF72, 0xFF72, 0xFF72, 0xFF72, 0xFF72,
    0xFF72, 0xFF72, 0x3940, 0x3940, 0x3940, 0x3940, 0x3940, 0x3940,
    0x3940, 0x3940, 0x3940, 0x3940, 0xFF72, 0xFF72, 0xFF72, 0xFF72,
    0xFF72, 0xFF72, 0xFF72, 0xFF72, 0xFF72, 0xFF72, 0xFF72, 0x5A43,
    0x3940, 0x3940, 0x3940, 0x3940, 0x3940, 0x3940, 0x3940, 0x3940,
    0x3940, 0x3940, 0xE64D, 0xFF72, 0xFF72, 0xFF72, 0xFF72, 0xFF72,
    0xFF72, 0xFF72, 0xFF72, 0xFF72, 0xFF72, 0x3940, 0x3940, 0x3940,
    0x3940, 0x3940, 0x3940, 0x10C4, 0x10C4, 0x10C4, 0x10C4, 0x10C4,
    0x10C4, 0x10C4, 0x10C4, 0x10C4, 0x10C4, 0x10C4, 0x10C4, 0x10C4,
    0x10C4, 0x10C4, 0x10C4, 0x10C4, 0x10C4, 0x10C4, 0x10C4, 0x10C4,
    0x10C4, 0x10C4, 0x10C4, 0x10C4, 0x10C4, 0x10C4, 0x10C4, 0x10C4,
    0x10C4, 0x10C4, 0x10C4, 0x10C4, 0x10C4, 0x10C4, 0x10C4, 0x10C4,
    0x18C4, 0x3940, 0x3940, 0x3940, 0x3940, 0x3940, 0x3940, 0x49C1,
    0xEEAF, 0xFF72, 0xFF72, 0xFF72, 0xFF72, 0xFF72, 0xFF72, 0xFF72,
    0xFF72, 0xFF72, 0xFF72, 0xFF72, 0xFF72, 0xFF72, 0xFF72, 0xFF72,
    0xFF72, 0xFF72, 0xFF51, 0x8B86, 0x3940, 0x3940, 0x3940, 0x3940,
    0x3940, 0x3940, 0xF710, 0xFF72, 0xFF72, 0xFF72, 0xFF72, 0xFF72,
    0xFF72, 0xFF72, 0xFF72, 0xFF72, 0xFF72, 0xFF72, 0xFF72, 0xFF72,
    0xFF72, 0xFF72, 0xFF72, 0xFF72, 0xFF72, 0xFF72, 0xFF72, 0xFF72,
    0xFF72, 0xFF72, 0xFF72, 0xFF72, 0xFF72, 0xFF72, 0xFF72, 0xFF72,
    0xFF72, 0xFF72, 0xFF72, 0xFF72, 0xFF72, 0xFF72, 0xFF72, 0xFF72,
    0xFF72, 0xFF72, 0xFF72, 0xFF72, 0xFF72, 0xFF72, 0xFF72, 0xFF72,
    0xFF72, 0xFF72, 0xFF72, 0xFF72, 0xFF72, 0xFF72, 0xFF72, 0xFF72,
    0xFF72, 0xFF72, 0xFF72, 0xFF72, 0xFF72, 0xFF72, 0xFF72, 0xFF72,
    0xFF72, 0x5A43, 0x3940, 0x3940, 0x3940, 0x3940, 0x3940, 0x18C4,
    0x10C4, 0x10C4, 0x10C4, 0x20E3, 0x2902, 0x3121, 0x3920, 0x3920,
    0x3920, 0x3920, 0x3920, 0x3920, 0x3940, 0x3940, 0x3940, 0x3940,
    0x3940, 0x3940, 0x3940, 0xF6CF, 0xFF72, 0xFF72, 0xFF72, 0xFF72,
    0xFF72, 0xFF72, 0xFF72, 0xFF72, 0xFF72, 0xFF72, 0xFF72, 0xFF72,
    0x93E7, 0x3940, 0x3940, 0x3940, 0x3940, 0x3940, 0x3940, 0xEEAF,
    0xFF72, 0xFF72, 0xFF72, 0xFF72, 0xFF72, 0xFF72, 0xFF72, 0xFF72,
    0xFF72, 0xFF72, 0x3940, 0x3940, 0x3940, 0x3940, 0x3940, 0x3940,
    0x3940, 0x3940, 0x3940, 0x3940, 0xFF72, 0xFF72, 0xFF72, 0xFF72,
    0xFF72, 0xFF72, 0xFF72, 0xFF72, 0xFF72, 0xFF72, 0xFF72, 0x5A43,
    0x3940, 0x3940, 0x3940, 0x3940, 0x3940, 0x3940, 0x3940, 0x3940,
    0x3940, 0x3940, 0xE64D, 0xFF72, 0xFF72, 0xFF72, 0xFF72, 0xFF72,
    0xFF72, 0xFF72, 0xFF72, 0xFF72, 0xFF72, 0x3940, 0x3940, 0x3940,
    0x3940, 0x3940, 0x3940, 0x10C4, 0x10C4, 0x10C4, 0x10C4, 0x10C4,
    0x10C4, 0x10C4, 0x10C4, 0x10C4, 0x10C4, 0x10C4, 0x10C4, 0x10C4,
    0x10C4, 0x10C4, 0x10C4, 0x10C4, 0x10C4, 0x10C4, 0x10C4, 0x10C4,
    0x10C4, 0x10C4, 0x10C4, 0x10C4, 0x10C4, 0x10C4, 0x10C4, 0x10C4,
    0x10C4, 0x10C4, 0x10C4, 0x10C4, 0x10C4, 0x10C4, 0x10C4, 0x10C4,
    0x10C4, 0x3121, 0x3940, 0x3940, 0x3940, 0x3940, 0x3940, 0x3940,
    0x3940, 0xD5CC, 0xFF72, 0xFF72, 0xFF72, 0xFF72, 0xFF72, 0xFF72,
    0xFF72, 0xFF72, 0xFF72, 0xFF72, 0xFF72, 0xFF72, 0xFF72, 0xFF72,
    0xFF72, 0xFF72, 0xFF72, 0xFF52, 0xB4A9, 0x3940, 0x3940, 0x3940,
    0x3940, 0x3940, 0xF710, 0xFF72, 0xFF72, 0xFF72, 0xFF72, 0xFF72,
    0xFF72, 0xFF72, 0xFF72, 0xFF72, 0xF710, 0x3940, 0x3940, 0x3940,
    0x3940, 0x3940, 0x3940, 0xBD2A, 0xFF72, 0xFF72, 0xFF72, 0xFF72,
    0xFF72, 0xFF72, 0xFF72, 0xFF72, 0xFF72, 0xFF31, 0x3940, 0x3940,
    0x3940, 0x3940, 0x3940, 0x3940, 0x6263, 0xFF72, 0xFF72, 0xFF72,
    0xFF72, 0xFF72, 0xFF72, 0xFF72, 0xFF72, 0xFF72, 0xFF72, 0x5A43,
    0x3940, 0x3940, 0x3940, 0x3940, 0x3940, 0x3940, 0xEEAF, 0xFF72,
    0xFF72, 0xFF72, 0xFF72, 0xFF72, 0xFF72, 0xFF72, 0xFF72, 0xFF72,
    0xFF72, 0x5A43, 0x3940, 0x3940, 0x3940, 0x3940, 0x3940, 0x18C4,
    0x10C4, 0x10C4, 0x10C4, 0x10C4, 0x10C4, 0x10C4, 0x10C4, 0x10C4,
    0x10C4, 0x10C4, 0x10C4, 0x18E3, 0x3940, 0x3940, 0x3940, 0x3940,
    0x3940, 0x3940, 0x93E7, 0xFF72, 0xFF72, 0xFF72, 0xFF72, 0xFF72,
    0xFF72, 0xFF72, 0xFF72, 0xFF72, 0xFF72, 0xFF72, 0xFF72, 0xF6F0,
    0x3940, 0x3940, 0x3940, 0x3940, 0x3940, 0x3940, 0x3940, 0xEEAF,
    0xFF72, 0xFF72, 0xFF72, 0xFF72, 0xFF72, 0xFF72, 0xFF72, 0xFF72,
    0xFF72, 0xFF72, 0x3940, 0x3940, 0x3940, 0x3940, 0x3940, 0x3940,
    0x3940, 0x3940, 0x3940, 0x3940, 0xFF72, 0xFF72, 0xFF72, 0xFF72,
    0xFF72, 0xFF72, 0xFF72, 0xFF72, 0xFF72, 0xFF72, 0xFF72, 0x5A43,
    0x3940, 0x3940, 0x3940, 0x3940, 0x3940, 0x3940, 0x3940, 0x3940,
    0x3940, 0x3940, 0xE64D, 0xFF72, 0xFF72, 0xFF72, 0xFF72, 0xFF72,
    0xFF72, 0xFF72, 0xFF72, 0xFF72, 0xFF72, 0x3940, 0x3940, 0x3940,
    0x3940, 0x3940, 0x3940, 0x10C4, 0x10C4, 0x10C4, 0x10C4, 0x10C4,
    0x10C4, 0x10C4, 0x10C4, 0x10C4, 0x10C4, 0x10C4, 0x10C4, 0x10C4,
    0x10C4, 0x10C4, 0x10C4, 0x10C4, 0x10C4, 0x10C4, 0x10C4, 0x10C4,
    0x10C4, 0x10C4, 0x10C4, 0x10C4, 0x10C4, 0x10C4, 0x10C4, 0x10C4,
    0x10C4, 0x10C4, 0x10C4, 0x10C4, 0x10C4, 0x10C4, 0x10C4, 0x10C4,
    0x10C4, 0x18E3, 0x3940, 0x3940, 0x3940, 0x3940, 0x3940, 0x3940,
    0x3940, 0x3940, 0xACA9, 0xFF52, 0xFF72, 0xFF72, 0xFF72, 0xFF72,
    0xFF72, 0xFF72, 0xFF72, 0xFF72, 0xFF72, 0xFF72, 0xFF72, 0xFF72,
    0xFF72, 0xFF72, 0xFF72, 0xFF72, 0xFF72, 0xD5CC, 0x3940, 0x3940,
    0x3940, 0x3940, 0xF710, 0xFF72, 0xFF72, 0xFF72, 0xFF72, 0xFF72,
    0xFF72, 0xFF72, 0xFF72, 0xFF72, 0xF710, 0x3940, 0x3940, 0x3940,
    0x3940, 0x3940, 0x3940, 0xC56B, 0xFF72, 0xFF72, 0xFF72, 0xFF72,
    0xFF72, 0xFF72, 0xFF72, 0xFF72, 0xFF72, 0xFF11, 0x3940, 0x3940,
    0x3940, 0x3940, 0x3940, 0x3940, 0x6263, 0xFF72, 0xFF72, 0xFF72,
    0xFF72, 0xFF72, 0xFF72, 0xFF72, 0xFF72, 0xFF72, 0xFF72, 0x5A43,
    0x3940, 0x3940, 0x3940, 0x3940, 0x3940, 0x3940, 0xEEAF, 0xFF72,
    0xFF72, 0xFF72, 0xFF72, 0xFF72, 0xFF72, 0xFF72, 0xFF72, 0xFF72,
    0xFF72, 0x5A43, 0x3940, 0x3940, 0x3940, 0x3940, 0x3940, 0x18C4,
    0x10C4, 0x10C4, 0x10C4, 0x10C4, 0x10C4, 0x10C4, 0x10C4, 0x10C4,
    0x10C4, 0x10C4, 0x10C4, 0x3121, 0x3940, 0x3940, 0x3940, 0x3940,
    0x3940, 0x4140, 0xFF10, 0xFF72, 0xFF72, 0xFF72, 0xFF72, 0xFF72,
    0xFF72, 0xFF72, 0xFF72, 0xFF72, 0xFF72, 0xFF72, 0xFF72, 0x8BA6,
    0x3940, 0x3940, 0x3940, 0x3940, 0x3940, 0x3940, 0x3940, 0xEEAF,
    0xFF72, 0xFF72, 0xFF72, 0xFF72, 0xFF72, 0xFF72, 0xFF72, 0xFF72,
    0xFF72, 0xFF72, 0x3940, 0x3940, 0x3940, 0x3940, 0x3940, 0x3940,
    0x3940, 0x3940, 0x3940, 0x3940, 0xFF72, 0xFF72, 0xFF72, 0xFF72,
    0xFF72, 0xFF72, 0xFF72, 0xFF72, 0xFF72, 0xFF72, 0xFF72, 0x5A43,
    0x3940, 0x3940, 0x3940, 0x3940, 0x3940, 0x3940, 0x3940, 0x3940,
    0x3940, 0x3940, 0xE64D, 0xFF72, 0xFF72, 0xFF72, 0xFF72, 0xFF72,
    0xFF72, 0xFF72, 0xFF72, 0xFF72, 0xFF72, 0x3940, 0x3940, 0x3940,
    0x3940, 0x3940, 0x3940, 0x10C4, 0x10C4, 0x10C4, 0x10C4, 0x10C4,
    0x10C4, 0x10C4, 0x10C4, 0x10C4, 0x10C4, 0x10C4, 0x10C4, 0x10C4,
    0x10C4, 0x10C4, 0x10C4, 0x10C4, 0x10C4, 0x10C4, 0x10C4, 0x10C4,
    0x10C4, 0x10C4, 0x10C4, 0x10C4, 0x10C4, 0x10C4, 0x10C4, 0x10C4,
    0x10C4, 0x10C4, 0x10C4, 0x10C4, 0x10C4, 0x10C4, 0x10C4, 0x10C4,
    0x10C4, 0x10C4, 0x20E3, 0x3940, 0x3940, 0x3940, 0x3940, 0x3940,
    0x3940, 0x3940, 0x3940, 0x8B86, 0xFF51, 0xFF72, 0xFF72, 0xFF72,
    0xFF72, 0xFF72, 0xFF72, 0xFF72, 0xFF72, 0xFF72, 0xFF72, 0xFF72,
    0xFF72, 0xFF72, 0xFF72, 0xFF72, 0xFF72, 0xFF72, 0xEE8E, 0x4140,
    0x3940, 0x3940, 0xF710, 0xFF72, 0xFF72, 0xFF72, 0xFF72, 0xFF72,
    0xFF72, 0xFF72, 0xFF72, 0xFF72, 0xF710, 0x3940, 0x3940, 0x3940,
    0x3940, 0x3940, 0x3940, 0xCDAB, 0xFF72, 0xFF72, 0xFF72, 0xFF72,
    0xFF72, 0xFF72, 0xFF72, 0xFF72, 0xFF72, 0xF710, 0x3940, 0x3940,
    0x3940, 0x3940, 0x3940, 0x3940, 0x6263, 0xFF72, 0xFF72, 0xFF72,
    0xFF72, 0xFF72, 0xFF72, 0xFF72, 0xFF72, 0xFF72, 0xFF72, 0x5A43,
    0x3940, 0x3940, 0x3940, 0x3940, 0x3940, 0x3940, 0xEEAF, 0xFF72,
    0xFF72, 0xFF72, 0xFF72, 0xFF72, 0xFF72, 0xFF72, 0xFF72, 0xFF72,
    0xFF72, 0x5A43, 0x3940, 0x3940, 0x3940, 0x3940, 0x3940, 0x18C4,
    0x10C4, 0x10C4, 0x10C4, 0x10C4, 0x10C4, 0x10C4, 0x10C4, 0x10C4,
    0x10C4, 0x10C4, 0x2902, 0x3940, 0x3940, 0x3940, 0x3940, 0x3940,
    0x3940, 0xBD0A, 0xFF72, 0xFF72, 0xFF72, 0xFF72, 0xFF72, 0xFF72,
    0xFF72, 0xFF72, 0xFF72, 0xFF72, 0xFF72, 0xFF72, 0xEEAF, 0x3940,
    0x3940, 0x3940, 0x3940, 0x3940, 0x3940, 0x3940, 0x3940, 0xEEAF,
    0xFF72, 0xFF72, 0xFF72, 0xFF72, 0xFF72, 0xFF72, 0xFF72, 0xFF72,
    0xFF72, 0xFF72, 0x3940, 0x3940, 0x3940, 0x3940, 0x3940, 0x3940,
    0x3940, 0x3940, 0x3940, 0x3940, 0xFF72, 0xFF72, 0xFF72, 0xFF72,
    0xFF72, 0xFF72, 0xFF72, 0xFF72, 0xFF72, 0xFF72, 0xFF72, 0x5A43,
    0x3940, 0x3940, 0x3940, 0x3940, 0x3940, 0x3940, 0x3940, 0x3940,
    0x3940, 0x3940, 0xE64D, 0xFF72, 0xFF72, 0xFF72, 0xFF72, 0xFF72,
    0xFF72, 0xFF72, 0xFF72, 0xFF72, 0xFF72, 0x3940, 0x3940, 0x3940,
    0x3940, 0x3940, 0x3940, 0x10C4, 0x10C4, 0x10C4, 0x10C4, 0x10C4,
    0x10C4, 0x10C4, 0x10C4, 0x10C4, 0x10C4, 0x10C4, 0x10C4, 0x10C4,
    0x10C4, 0x10C4, 0x10C4, 0x10C4, 0x10C4, 0x10C4, 0x10C4, 0x10C4,
    0x10C4, 0x10C4, 0x10C4, 0x10C4, 0x10C4, 0x10C4, 0x10C4, 0x10C4,
    0x10C4, 0x10C4, 0x10C4, 0x10C4, 0x10C4, 0x10C4, 0x10C4, 0x10C4,
    0x10C4, 0x10C4, 0x10C4, 0x20E3, 0x3940, 0x3940, 0x3940, 0x3940,
    0x3940, 0x3940, 0x3940, 0x3940, 0x6AA3, 0xFF11, 0xFF72, 0xFF72,
    0xFF72, 0xFF72, 0xFF72, 0xFF72, 0xFF72, 0xFF72, 0xFF72, 0xFF72,
    0xFF72, 0xFF72, 0xFF72, 0xFF72, 0xFF72, 0xFF72, 0xE62D, 0x3940,
    0x3940, 0x3940, 0xF710, 0xFF72, 0xFF72, 0xFF72, 0xFF72, 0xFF72,
    0xFF72, 0xFF72, 0xFF72, 0xFF72, 0xF710, 0x3940, 0x3940, 0x3940,
    0x3940, 0x3940, 0x3940, 0xDE0D, 0xFF72, 0xFF72, 0xFF72, 0xFF72,
    0xFF72, 0xFF72, 0xFF72, 0xFF72, 0xFF72, 0xF6CF, 0x3940, 0x3940,
    0x3940, 0x3940, 0x3940, 0x3940, 0x6263, 0xFF72, 0xFF72, 0xFF72,
    0xFF72, 0xFF72, 0xFF72, 0xFF72, 0xFF72, 0xFF72, 0xFF72, 0x5A43,
    0x3940, 0x3940, 0x3940, 0x3940, 0x3940, 0x3940, 0xEEAF, 0xFF72,
    0xFF72, 0xFF72, 0xFF72, 0xFF72, 0xFF72, 0xFF72, 0xFF72, 0xFF72,
    0xFF72, 0x5A43, 0x3940, 0x3940, 0x3940, 0x3940, 0x3940, 0x18C4,
    0x10C4, 0x10C4, 0x10C4, 0x10C4, 0x10C4, 0x10C4, 0x10C4, 0x10C4,
    0x10C4, 0x18E4, 0x3940, 0x3940, 0x3940, 0x3940, 0x3940, 0x3940,
    0x5A22, 0xFF52, 0xFF72, 0xFF72, 0xFF72, 0xFF72, 0xFF72, 0xFF72,
    0xFF72, 0xFF72, 0xFF72, 0xFF72, 0xFF72, 0xFF72, 0x7B25, 0x3940,
    0x3940, 0x3940, 0x3940, 0x3940, 0x3940, 0x3940, 0x3940, 0xEEAF,
    0xFF72, 0xFF72, 0xFF72, 0xFF72, 0xFF72, 0xFF72, 0xFF72, 0xFF72,
    0xFF72, 0xFF72, 0xF710, 0xF710, 0xF710, 0xF710, 0xF710, 0xF710,
    0xF710, 0xF710, 0xF710, 0xF710, 0xFF72, 0xFF72, 0xFF72, 0xFF72,
    0xFF72, 0xFF72, 0xFF72, 0xFF72, 0xFF72, 0xFF72, 0xFF72, 0xFF10,
    0xF710, 0xF710, 0xF710, 0xF710, 0xF710, 0xF710, 0xF710, 0xF710,
    0xF710, 0xF710, 0xFF52, 0xFF72, 0xFF72, 0xFF72, 0xFF72, 0xFF72,
    0xFF72, 0xFF72, 0xFF72, 0xFF72, 0xFF72, 0x3940, 0x3940, 0x3940,
    0x3940, 0x3940, 0x3940, 0x10C4, 0x10C4, 0x10C4, 0x10C4, 0x10C4,
    0x10C4, 0x10C4, 0x10C4, 0x10C4, 0x10C4, 0x10C4, 0x10C4, 0x10C4,
    0x10C4, 0x10C4, 0x10C4, 0x10C4, 0x10C4, 0x10C4, 0x10C4, 0x10C4,
    0x10C4, 0x10C4, 0x10C4, 0x10C4, 0x10C4, 0x10C4, 0x10C4, 0x10C4,
    0x10C4, 0x10C4, 0x10C4, 0x10C4, 0x10C4, 0x10C4, 0x10C4, 0x10C4,
    0x10C4, 0x10C4, 0x10C4, 0x10C4, 0x18E3, 0x3920, 0x3940, 0x3940,
    0x3940, 0x3940, 0x3940, 0x3940, 0x3940, 0x51E2, 0xF6CF, 0xFF72,
    0xFF72, 0xFF72, 0xFF72, 0xFF72, 0xFF72, 0xFF72, 0xFF72, 0xFF72,
    0xFF72, 0xFF72, 0xFF72, 0xFF72, 0xFF72, 0xFF10, 0x49A1, 0x3940,
    0x3940, 0x3940, 0xF710, 0xFF72, 0xFF72, 0xFF72, 0xFF72, 0xFF72,
    0xFF72, 0xFF72, 0xFF72, 0xFF72, 0xF710, 0x3940, 0x3940, 0x3940,
    0x3940, 0x3940, 0x3940, 0xE66E, 0xFF72, 0xFF72, 0xFF72, 0xFF72,
    0xFF72, 0xFF72, 0xFF72, 0xFF72, 0xFF72, 0xEE8E, 0x3940, 0x3940,
    0x3940, 0x3940, 0x3940, 0x3940, 0x6263, 0xFF72, 0xFF72, 0xFF72,
    0xFF72, 0xFF72, 0xFF72, 0xFF72, 0xFF72, 0xFF72, 0xFF72, 0x5A43,
    0x3940, 0x3940, 0x3940, 0x3940, 0x3940, 0x3940, 0xEEAF, 0xFF72,
    0xFF72, 0xFF72, 0xFF72, 0xFF72, 0xFF72, 0xFF72, 0xFF72, 0xFF72,
    0xFF72, 0x5A43, 0x3940, 0x3940, 0x3940, 0x3940, 0x3940, 0x18C4,
    0x10C4, 0x10C4, 0x10C4, 0x10C4, 0x10C4, 0x10C4, 0x10C4, 0x10C4,
    0x10C4, 0x3121, 0x3940, 0x3940, 0x3940, 0x3940, 0x3940, 0x3940,
    0xE64E, 0xFF72, 0xFF72, 0xFF72, 0xFF72, 0xFF72, 0xFF72, 0xFF72,
    0xFF72, 0xFF72, 0xFF72, 0xFF72, 0xFF72, 0xE64D, 0x3940, 0x3940,
    0x3940, 0x3940, 0x3940, 0x3940, 0x3940, 0x3940, 0x3940, 0xEEAF,
    0xFF72, 0xFF72, 0xFF72, 0xFF72, 0xFF72, 0xFF72, 0xFF72, 0xFF72,
    0xFF72, 0xFF72, 0xFF72, 0xFF72, 0xFF72, 0xFF72, 0xFF72, 0xFF72,
    0xFF72, 0xFF72, 0xFF72, 0xFF72, 0xFF72, 0xFF72, 0xFF72, 0xFF72,
    0xFF72, 0xFF72, 0xFF72, 0xFF72, 0xFF72, 0xFF72, 0xFF72, 0xFF72,
    0xFF72, 0xFF72, 0xFF72, 0xFF72, 0xFF72, 0xFF72, 0xFF72, 0xFF72,
    0xFF72, 0xFF72, 0xFF72, 0xFF72, 0xFF72, 0xFF72, 0xFF72, 0xFF72,
    0xFF72, 0xFF72, 0xFF72, 0xFF72, 0xFF72, 0x3940, 0x3940, 0x3940,
    0x3940, 0x3940, 0x3940, 0x10C4, 0x10C4, 0x10C4, 0x10C4, 0x10C4,
    0x10C4, 0x10C4, 0x10C4, 0x10C4, 0x10C4, 0x10C4, 0x10C4, 0x10C4,
    0x10C4, 0x10C4, 0x10C4, 0x10C4, 0x10C4, 0x10C4, 0x10C4, 0x10C4,
    0x10C4, 0x10C4, 0x10C4, 0x10C4, 0x10C4, 0x10C4, 0x10C4, 0x10C4,
    0x10C4, 0x10C4, 0x10C4, 0x10C4, 0x10C4, 0x10C4, 0x10C4, 0x10C4,
    0x10C4, 0x10C4, 0x10C4, 0x10C4, 0x10C4, 0x18C4, 0x3121, 0x3940,
    0x3940, 0x3940, 0x3940, 0x3940, 0x3940, 0x3940, 0x4160, 0xE62D,
    0xFF72, 0xFF72, 0xFF72, 0xFF72, 0xFF72, 0xFF72, 0xFF72, 0xFF72,
    0xFF72, 0xFF72, 0xFF72, 0xFF72, 0xFF52, 0x7304, 0x3940, 0x3940,
    0x3940, 0x3940, 0xF710, 0xFF72, 0xFF72, 0xFF72, 0xFF72, 0xFF72,
    0xFF72, 0xFF72, 0xFF72, 0xFF72, 0xF710, 0x3940, 0x3940, 0x3940,
    0x3940, 0x3940, 0x3940, 0xF6CF, 0xFF72, 0xFF72, 0xFF72, 0xFF72,
    0xFF72, 0xFF72, 0xFF72, 0xFF72, 0xFF72, 0xDE2D, 0x3940, 0x3940,
    0x3940, 0x3940, 0x3940, 0x3940, 0x6263, 0xFF72, 0xFF72, 0xFF72,
    0xFF72, 0xFF72, 0xFF72, 0xFF72, 0xFF72, 0xFF72, 0xFF72, 0x5A43,
    0x3940, 0x3940, 0x3940, 0x3940, 0x3940, 0x3940, 0xEEAF, 0xFF72,
    0xFF72, 0xFF72, 0xFF72, 0xFF72, 0xFF72, 0xFF72, 0xFF72, 0xFF72,
    0xFF72, 0x5A43, 0x3940, 0x3940, 0x3940, 0x3940, 0x3940, 0x18C4,
    0x10C4, 0x10C4, 0x10C4, 0x10C4, 0x10C4, 0x10C4, 0x10C4, 0x10C4,
    0x2902, 0x3940, 0x3940, 0x3940, 0x3940, 0x3940, 0x3940, 0x93E7,
    0xFF72, 0xFF72, 0xFF72, 0xFF72, 0xFF72, 0xFF72, 0xFF72, 0xFF72,
    0xFF72, 0xFF72, 0xFF72, 0xFF72, 0xFF72, 0x6263, 0x3940, 0x3940,
    0x3940, 0x3940, 0x3940, 0x3940, 0x3940, 0x3940, 0x3940, 0xEEAF,
    0xFF72, 0xFF72, 0xFF72, 0xFF72, 0xFF72, 0xFF72, 0xFF72, 0xFF72,
    0xFF72, 0xFF72, 0xFF72, 0xFF72, 0xFF72, 0xFF72, 0xFF72, 0xFF72,
    0xFF72, 0xFF72, 0xFF72, 0xFF72, 0xFF72, 0xFF72, 0xFF72, 0xFF72,
    0xFF72, 0xFF72, 0xFF72, 0xFF72, 0xFF72, 0xFF72, 0xFF72, 0xFF72,
    0xFF72, 0xFF72, 0xFF72, 0xFF72, 0xFF72, 0xFF72, 0xFF72, 0xFF72,
    0xFF72, 0xFF72, 0xFF72, 0xFF72, 0xFF72, 0xFF72, 0xFF72, 0xFF72,
    0xFF72, 0xFF72, 0xFF72, 0xFF72, 0xFF72, 0x3940, 0x3940, 0x3940,
    0x3940, 0x3940, 0x3940, 0x10C4, 0x10C4, 0x10C4, 0x10C4, 0x10C4,
    0x10C4, 0x10C4, 0x10C4, 0x10C4, 0x10C4, 0x10C4, 0x10C4, 0x10C4,
    0x10C4, 0x10C4, 0x10C4, 0x10C4, 0x10C4, 0x10C4, 0x10C4, 0x10C4,
    0x10C4, 0x10C4, 0x10C4, 0x10C4, 0x10C4, 0x10C4, 0x10C4, 0x10C4,
    0x10C4, 0x10C4, 0x10C4, 0x10C4, 0x10C4, 0x10C4, 0x10C4, 0x10C4,
    0x10C4, 0x10C4, 0x10C4, 0x10C4, 0x10C4, 0x10C4, 0x10C4, 0x2902,
    0x3940, 0x3940, 0x3940, 0x3940, 0x3940, 0x3940, 0x3940, 0x3940,
    0xCD8B, 0xFF72, 0xFF72, 0xFF72, 0xFF72, 0xFF72, 0xFF72, 0xFF72,
    0xFF72, 0xFF72, 0xFF72, 0xFF72, 0xB4E9, 0x3940, 0x3940, 0x3940,
    0x3940, 0x3940, 0xF710, 0xFF72, 0xFF72, 0xFF72, 0xFF72, 0xFF72,
    0xFF72, 0xFF72, 0xFF72, 0xFF72, 0xF710, 0x3940, 0x3940, 0x3940,
    0x3940, 0x3940, 0x3940, 0xFF31, 0xFF72, 0xFF72, 0xFF72, 0xFF72,
    0xFF72, 0xFF72, 0xFF72, 0xFF72, 0xFF72, 0xD5AB, 0x3940, 0x3940,
    0x3940, 0x3940, 0x3940, 0x3940, 0x6263, 0xFF72, 0xFF72, 0xFF72,
    0xFF72, 0xFF72, 0xFF72, 0xFF72, 0xFF72, 0xFF72, 0xFF72, 0x5A43,
    0x3940, 0x3940, 0x3940, 0x3940, 0x3940, 0x3940, 0xEEAF, 0xFF72,
    0xFF72, 0xFF72, 0xFF72, 0xFF72, 0xFF72, 0xFF72, 0xFF72, 0xFF72,
    0xFF72, 0x5A43, 0x3940, 0x3940, 0x3940, 0x3940, 0x3940, 0x18C4,
    0x10C4, 0x10C4, 0x10C4, 0x10C4, 0x10C4, 0x10C4, 0x10C4, 0x20E3,
    0x3940, 0x3940, 0x3940, 0x3940, 0x3940, 0x3940, 0x51C2, 0xFF31,
    0xFF72, 0xFF72, 0xFF72, 0xFF72, 0xFF72, 0xFF72, 0xFF72, 0xFF72,
    0xFF72, 0xFF72, 0xFF72, 0xFF72, 0xFF72, 0xEEAF, 0x5202, 0x3940,
    0x3940, 0x3940, 0x3940, 0x3940, 0x3940, 0x3940, 0x3940, 0xEEAF,
    0xFF72, 0xFF72, 0xFF72, 0xFF72, 0xFF72, 0xFF72, 0xFF72, 0xFF72,
    0xFF72, 0xFF72, 0xFF72, 0xFF72, 0xFF72, 0xFF72, 0xFF72, 0xFF72,
    0xFF72, 0xFF72, 0xFF72, 0xFF72, 0xFF72, 0xFF72, 0xFF72, 0xFF72,
    0xFF72, 0xFF72, 0xFF72, 0xFF72, 0xFF72, 0xFF72, 0xFF72, 0xFF72,
    0xFF72, 0xFF72, 0xFF72, 0xFF72, 0xFF72, 0xFF72, 0xFF72, 0xFF72,
    0xFF72, 0xFF72, 0xFF72, 0xFF72, 0xFF72, 0xFF72, 0xFF72, 0xFF72,
    0xFF72, 0xFF72, 0xFF72, 0xFF72, 0xFF72, 0x3940, 0x3940, 0x3940,
    0x3940, 0x3940, 0x3940, 0x10C4, 0x10C4, 0x10C4, 0x10C4, 0x10C4,
    0x10C4, 0x10C4, 0x10C4, 0x10C4, 0x10C4, 0x10C4, 0x10C4, 0x10C4,
    0x10C4, 0x10C4, 0x10C4, 0x10C4, 0x10C4, 0x10C4, 0x10C4, 0x10C4,
    0x10C4, 0x10C4, 0x10C4, 0x10C4, 0x10C4, 0x10C4, 0x10C4, 0x10C4,
    0x10C4, 0x10C4, 0x10C4, 0x10C4, 0x10C4, 0x10C4, 0x10C4, 0x10C4,
    0x10C4, 0x10C4, 0x10C4, 0x10C4, 0x10C4, 0x10C4, 0x10C4, 0x10C4,
    0x2902, 0x3940, 0x3940, 0x3940, 0x3940, 0x3940, 0x3940, 0x3940,
    0x3940, 0xACA9, 0xFF52, 0xFF72, 0xFF72, 0xFF72, 0xFF72, 0xFF72,
    0xFF72, 0xFF72, 0xFF72, 0xEE6E, 0x3940, 0x3940, 0x3940, 0x3940,
    0x3940, 0x3940, 0xF710, 0xFF72, 0xFF72, 0xFF72, 0xFF72, 0xFF72,
    0xFF72, 0xFF72, 0xFF72, 0xFF72, 0xF710, 0x3940, 0x3940, 0x3940,
    0x3940, 0x3940, 0x51C2, 0xFF72, 0xFF72, 0xFF72, 0xFF72, 0xFF72,
    0xFF72, 0xFF72, 0xFF72, 0xFF72, 0xFF72, 0xB4C9, 0x3940, 0x3940,
    0x3940, 0x3940, 0x3940, 0x3940, 0x6263, 0xFF72, 0xFF72, 0xFF72,
    0xFF72, 0xFF72, 0xFF72, 0xFF72, 0xFF72, 0xFF72, 0xFF72, 0x5A43,
    0x3940, 0x3940, 0x3940, 0x3940, 0x3940, 0x3940, 0xEEAF, 0xFF72,
    0xFF72, 0xFF72, 0xFF72, 0xFF72, 0xFF72, 0xFF72, 0xFF72, 0xFF72,
    0xFF72, 0x5A43, 0x3940, 0x3940, 0x3940, 0x3940, 0x3940, 0x18C4,
    0x10C4, 0x10C4, 0x10C4, 0x10C4, 0x10C4, 0x10C4, 0x18E4, 0x3920,
    0x3940, 0x3940, 0x3940, 0x3940, 0x3940, 0x3940, 0xE64D, 0xFF72,
    0xFF72, 0xFF72, 0xFF72, 0xFF72, 0xFF72, 0xFF72, 0xFF72, 0xFF72,
    0xFF72, 0xFF72, 0xFF72, 0xFF72, 0xFF72, 0xFF72, 0xFF31, 0x8345,
    0x3940, 0x3940, 0x3940, 0x3940, 0x3940, 0x3940, 0x3940, 0xEEAF,
    0xFF72, 0xFF72, 0xFF72, 0xFF72, 0xFF72, 0xFF72, 0xFF72, 0xFF72,
    0xFF72, 0xFF72, 0xFF72, 0xFF72, 0xFF72, 0xFF72, 0xFF72, 0xFF72,
    0xFF72, 0xFF72, 0xFF72, 0xFF72, 0xFF72, 0xFF72, 0xFF72, 0xFF72,
    0xFF72, 0xFF72, 0xFF72, 0xFF72, 0xFF72, 0xFF72, 0xFF72, 0xFF72,
    0xFF72, 0xFF72, 0xFF72, 0xFF72, 0xFF72, 0xFF72, 0xFF72, 0xFF72,
    0xFF72, 0xFF72, 0xFF72, 0xFF72, 0xFF72, 0xFF72, 0xFF72, 0xFF72,
    0xFF72, 0xFF72, 0xFF72, 0xFF72, 0xFF72, 0x3940, 0x3940, 0x3940,
    0x3940, 0x3940, 0x3940, 0x10C4, 0x10C4, 0x10C4, 0x10C4, 0x10C4,
    0x10C4, 0x10C4, 0x10C4, 0x10C4, 0x10C4, 0x10C4, 0x10C4, 0x10C4,
    0x10C4, 0x10C4, 0x10C4, 0x10C4, 0x10C4, 0x10C4, 0x10C4, 0x10C4,
    0x10C4, 0x10C4, 0x10C4, 0x10C4, 0x10C4, 0x10C4, 0x10C4, 0x10C4,
    0x10C4, 0x10C4, 0x10C4, 0x10C4, 0x10C4, 0x10C4, 0x10C4, 0x10C4,
    0x10C4, 0x10C4, 0x10C4, 0x10C4, 0x10C4, 0x10C4, 0x10C4, 0x10C4,
    0x10C4, 0x20E3, 0x3940, 0x3940, 0x3940, 0x3940, 0x3940, 0x3940,
    0x3940, 0x3940, 0x93C6, 0xFF52, 0xFF72, 0xFF72, 0xFF72, 0xFF72,
    0xFF72, 0xFF72, 0xFF31, 0x51C2, 0x3940, 0x3940, 0x3940, 0x3940,
    0x3940, 0x3940, 0xF710, 0xFF72, 0xFF72, 0xFF72, 0xFF72, 0xFF72,
    0xFF72, 0xFF72, 0xFF72, 0xFF72, 0xF710, 0x3940, 0x3940, 0x3940,
    0x3940, 0x3940, 0xA468, 0xFF72, 0xFF72, 0xFF72, 0xFF72, 0xFF72,
    0xFF72, 0xFF72, 0xFF72, 0xFF72, 0xFF72, 0x93C6, 0x3940, 0x3940,
    0x3940, 0x3940, 0x3940, 0x3940, 0x6263, 0xFF72, 0xFF72, 0xFF72,
    0xFF72, 0xFF72, 0xFF72, 0xFF72, 0xFF72, 0xFF72, 0xFF72, 0x6AA3,
    0x3940, 0x3940, 0x3940, 0x3940, 0x3940, 0x3940, 0xEEAF, 0xFF72,
    0xFF72, 0xFF72, 0xFF72, 0xFF72, 0xFF72, 0xFF72, 0xFF72, 0xFF72,
    0xFF72, 0x5A43, 0x3940, 0x3940, 0x3940, 0x3940, 0x3940, 0x18C4,
    0x10C4, 0x10C4, 0x10C4, 0x10C4, 0x10C4, 0x18C4, 0x3121, 0x3940,
    0x3940, 0x3940, 0x3940, 0x3940, 0x3940, 0xA468, 0xFF72, 0xFF72,
    0xFF72, 0xFF72, 0xFF72, 0xFF72, 0xFF72, 0xFF72, 0xFF72, 0xFF72,
    0xFF72, 0xFF72, 0xFF72, 0xFF72, 0xFF72, 0xFF72, 0xFF72, 0xFF52,
    0xB4C9, 0x3940, 0x3940, 0x3940, 0x3940, 0x3940, 0x3940, 0xEEAF,
    0xFF72, 0xFF72, 0xFF72, 0xFF72, 0xFF72, 0xFF72, 0xFF72, 0xFF72,
    0xFF72, 0xFF72, 0xFF72, 0xFF72, 0xFF72, 0xFF72, 0xFF72, 0xFF72,
    0xFF72, 0xFF72, 0xFF72, 0xFF72, 0xFF72, 0xFF72, 0xFF72, 0xFF72,
    0xFF72, 0xFF72, 0xFF72, 0xFF72, 0xFF72, 0xFF72, 0xFF72, 0xFF72,
    0xFF72, 0xFF72, 0xFF72, 0xFF72, 0xFF72, 0xFF72, 0xFF72, 0xFF72,
    0xFF72, 0xFF72, 0xFF72, 0xFF72, 0xFF72, 0xFF72, 0xFF72, 0xFF72,
    0xFF72, 0xFF72, 0xFF72, 0xFF72, 0xFF72, 0x3940, 0x3940, 0x3940,
    0x3940, 0x3940, 0x3940, 0x10C4, 0x10C4, 0x10C4, 0x10C4, 0x10C4,
    0x10C4, 0x10C4, 0x10C4, 0x10C4, 0x10C4, 0x10C4, 0x10C4, 0x10C4,
    0x10C4, 0x10C4, 0x10C4, 0x10C4, 0x10C4, 0x10C4, 0x10C4, 0x10C4,
    0x10C4, 0x10C4, 0x10C4, 0x10C4, 0x10C4, 0x10C4, 0x10C4, 0x10C4,
    0x10C4, 0x10C4, 0x10C4, 0x10C4, 0x10C4, 0x10C4, 0x10C4, 0x10C4,
    0x10C4, 0x10C4, 0x10C4, 0x10C4, 0x10C4, 0x10C4, 0x10C4, 0x10C4,
    0x10C4, 0x10C4, 0x18E3, 0x3920, 0x3940, 0x3940, 0x3940, 0x3940,
    0x3940, 0x3940, 0x3940, 0x7B04, 0xFF31, 0xFF72, 0xFF72, 0xFF72,
    0xFF72, 0xFF52, 0x8365, 0x3940, 0x3940, 0x3940, 0x3940, 0x3940,
    0x3940, 0x3940, 0xF710, 0xFF72, 0xFF72, 0xFF72, 0xFF72, 0xFF72,
    0xFF72, 0xFF72, 0xFF72, 0xFF72, 0xF710, 0x3940, 0x3940, 0x3940,
    0x3940, 0x3940, 0xE64D, 0xFF72, 0xFF72, 0xFF72, 0xFF72, 0xFF72,
    0xFF72, 0xFF72, 0xFF72, 0xFF72, 0xFF72, 0x6263, 0x3940, 0x3940,
    0x3940, 0x3940, 0x3940, 0x3940, 0x6263, 0xFF72, 0xFF72, 0xFF72,
    0xFF72, 0xFF72, 0xFF72, 0xFF72, 0xFF72, 0xFF72, 0xFF72, 0x93C6,
    0x3940, 0x3940, 0x3940, 0x3940, 0x3940, 0x3940, 0xEEAF, 0xFF72,
    0xFF72, 0xFF72, 0xFF72, 0xFF72, 0xFF72, 0xFF72, 0xFF72, 0xFF72,
    0xFF72, 0x5A43, 0x3940, 0x3940, 0x3940, 0x3940, 0x3940, 0x18C4,
    0x10C4, 0x10C4, 0x10C4, 0x10C4, 0x10C4, 0x3121, 0x3940, 0x3940,
    0x3940, 0x3940, 0x3940, 0x3940, 0x6AA3, 0xFF52, 0xFF72, 0xFF72,
    0xFF72, 0xFF72, 0xFF72, 0xFF72, 0xFF72, 0xFF72, 0xFF72, 0xFF72,
    0xFF72, 0xFF72, 0xFF72, 0xFF72, 0xFF72, 0xFF72, 0xFF72, 0xFF72,
    0xFF72, 0xDE0D, 0x4160, 0x3940, 0x3940, 0x3940, 0x3940, 0xEEAF,
    0xFF72, 0xFF72, 0xFF72, 0xFF72, 0xFF72, 0xFF72, 0xFF72, 0xFF72,
    0xFF72, 0xFF72, 0xFF72, 0xFF72, 0xFF72, 0xFF72, 0xFF72, 0xFF72,
    0xFF72, 0xFF72, 0xFF72, 0xFF72, 0xFF72, 0xFF72, 0xFF72, 0xFF72,
    0xFF72, 0xFF72, 0xFF72, 0xFF72, 0xFF72, 0xFF72, 0xFF72, 0xFF72,
    0xFF72, 0xFF72, 0xFF72, 0xFF72, 0xFF72, 0xFF72, 0xFF72, 0xFF72,
    0xFF72, 0xFF72, 0xFF72, 0xFF72, 0xFF72, 0xFF72, 0xFF72, 0xFF72,
    0xFF72, 0xFF72, 0xFF72, 0xFF72, 0xFF72, 0x3940, 0x3940, 0x3940,
    0x3940, 0x3940, 0x3940, 0x10C4, 0x10C4, 0x10C4, 0x10C4, 0x10C4,
    0x10C4, 0x10C4, 0x10C4, 0x10C4, 0x10C4, 0x10C4, 0x10C4, 0x10C4,
    0x10C4, 0x10C4, 0x10C4, 0x10C4, 0x10C4, 0x10C4, 0x10C4, 0x10C4,
    0x10C4, 0x10C4, 0x10C4, 0x10C4, 0x10C4, 0x10C4, 0x10C4, 0x10C4,
    0x10C4, 0x10C4, 0x10C4, 0x10C4, 0x10C4, 0x10C4, 0x10C4, 0x10C4,
    0x10C4, 0x10C4, 0x10C4, 0x10C4, 0x10C4, 0x10C4, 0x10C4, 0x10C4,
    0x10C4, 0x10C4, 0x10C4, 0x18E4, 0x3121, 0x3940, 0x3940, 0x3940,
    0x3940, 0x3940, 0x3940, 0x3940, 0x6263, 0xFF11, 0xFF72, 0xFF72,
    0xFF72, 0xC54A, 0x3940, 0x3940, 0x3940, 0x3940, 0x3940, 0x3940,
    0x3940, 0x3940, 0xF710, 0xFF72, 0xFF72, 0xFF72, 0xFF72, 0xFF72,
    0xFF72, 0xFF72, 0xFF72, 0xFF72, 0xF710, 0x3940, 0x3940, 0x3940,
    0x3940, 0x49A1, 0xFF52, 0xFF72, 0xFF72, 0xFF72, 0xFF72, 0xFF72,
    0xFF72, 0xFF72, 0xFF72, 0xFF72, 0xFF52, 0x3940, 0x3940, 0x3940,
    0x3940, 0x3940, 0x3940, 0x3940, 0x6263, 0xFF72, 0xFF72, 0xFF72,
    0xFF72, 0xFF72, 0xFF72, 0xFF72, 0xFF72, 0xFF72, 0xFF72, 0xDE2D,
    0x3940, 0x3940, 0x3940, 0x3940, 0x3940, 0x3940, 0xEEAF, 0xFF72,
    0xFF72, 0xFF72, 0xFF72, 0xFF72, 0xFF72, 0xFF72, 0xFF72, 0xFF72,
    0xFF72, 0x5A43, 0x3940, 0x3940, 0x3940, 0x3940, 0x3940, 0x18C4,
    0x10C4, 0x10C4, 0x10C4, 0x10C4, 0x2902, 0x3940, 0x3940, 0x3940,
    0x3940, 0x3940, 0x3940, 0x4181, 0xFF10, 0xFF72, 0xFF72, 0xFF72,
    0xFF72, 0xFF72, 0xFF72, 0xFF72, 0xFF72, 0xFF72, 0xFF72, 0xFF72,
    0xFF72, 0xFF72, 0xFF72, 0xFF72, 0xFF72, 0xFF72, 0xFF72, 0xFF72,
    0xFF72, 0xFF72, 0xF6EF, 0x5A02, 0x3940, 0x3940, 0x3940, 0xEEAF,
    0xFF72, 0xFF72, 0xFF72, 0xFF72, 0xFF72, 0xFF72, 0xFF72, 0xFF72,
    0xFF72, 0xFF72, 0xFF72, 0xFF72, 0xFF72, 0xFF72, 0xFF72, 0xFF72,
    0xFF72, 0xFF72, 0xFF72, 0xFF72, 0xFF72, 0xFF72, 0xFF72, 0xFF72,
    0xFF72, 0xFF72, 0xFF72, 0xFF72, 0xFF72, 0xFF72, 0xFF72, 0xFF72,
    0xFF72, 0xFF72, 0xFF72, 0xFF72, 0xFF72, 0xFF72, 0xFF72, 0xFF72,
    0xFF72, 0xFF72, 0xFF72, 0xFF72, 0xFF72, 0xFF72, 0xFF72, 0xFF72,
    0xFF72, 0xFF72, 0xFF72, 0xFF72, 0xFF72, 0x3940, 0x3940, 0x3940,
    0x3940, 0x3940, 0x3940, 0x10C4, 0x10C4, 0x10C4, 0x10C4, 0x10C4,
    0x10C4, 0x10C4, 0x10C4, 0x10C4, 0x10C4, 0x10C4, 0x10C4, 0x10C4,
    0x10C4, 0x10C4, 0x10C4, 0x10C4, 0x10C4, 0x10C4, 0x10C4, 0x10C4,
    0x10C4, 0x10C4, 0x10C4, 0x10C4, 0x10C4, 0x10C4, 0x10C4, 0x10C4,
    0x10C4, 0x10C4, 0x10C4, 0x10C4, 0x10C4, 0x10C4, 0x10C4, 0x10C4,
    0x10C4, 0x10C4, 0x10C4, 0x10C4, 0x10C4, 0x10C4, 0x10C4, 0x10C4,
    0x10C4, 0x10C4, 0x10C4, 0x10C4, 0x18C4, 0x3121, 0x3940, 0x3940,
    0x3940, 0x3940, 0x3940, 0x3940, 0x3940, 0x5202, 0xF6F0, 0xFF72,
    0xEEAF, 0x3940, 0x3940, 0x3940, 0x3940, 0x3940, 0x3940, 0x3940,
    0x3940, 0x3940, 0xF710, 0xFF72, 0xFF72, 0xFF72, 0xFF72, 0xFF72,
    0xFF72, 0xFF72, 0xFF72, 0xFF72, 0xF710, 0x3940, 0x3940, 0x3940,
    0x3940, 0xCD6B, 0xFF72, 0xFF72, 0xFF72, 0xFF72, 0xFF72, 0xFF72,
    0xFF72, 0xFF72, 0xFF72, 0xFF72, 0xF6CF, 0x3940, 0x3940, 0x3940,
    0x3940, 0x3940, 0x3940, 0x3940, 0x6243, 0xFF72, 0xFF72, 0xFF72,
    0xFF72, 0xFF72, 0xFF72, 0xFF72, 0xFF72, 0xFF72, 0xFF72, 0xFF72,
    0xE64D, 0x9C27, 0x8365, 0x8365, 0x8365, 0x8365, 0xF6F0, 0xFF72,
    0xFF72, 0xFF72, 0xFF72, 0xFF72, 0xFF72, 0xFF72, 0xFF72, 0xFF72,
    0xFF72, 0x5A43, 0x3940, 0x3940, 0x3940, 0x3940, 0x3940, 0x18C4,
    0x10C4, 0x10C4, 0x10C4, 0x2902, 0x3940, 0x3940, 0x3940, 0x3940,
    0x3940, 0x3940, 0x3940, 0xE64D, 0xFF72, 0xFF72, 0xFF72, 0xFF72,
    0xFF72, 0xFF72, 0xFF72, 0xFF72, 0xFF72, 0xFF72, 0xFF72, 0xFF72,
    0xFF72, 0xFF72, 0xFF72, 0xFF72, 0xFF72, 0xFF72, 0xFF72, 0xFF72,
    0xFF72, 0xFF72, 0xFF72, 0xFF31, 0x7B04, 0x3940, 0x3940, 0xEEAF,
    0xFF72, 0xFF72, 0xFF72, 0xFF72, 0xFF72, 0xFF72, 0xFF72, 0xFF72,
    0xFF72, 0xFF72, 0xFF72, 0xFF72, 0xFF72, 0xFF72, 0xFF72, 0xFF72,
    0xFF72, 0xFF72, 0xFF72, 0xFF72, 0xFF72, 0xFF72, 0xFF72, 0xFF72,
    0xFF72, 0xFF72, 0xFF72, 0xFF72, 0xFF72, 0xFF72, 0xFF72, 0xFF72,
    0xFF72, 0xFF72, 0xFF72, 0xFF72, 0xFF72, 0xFF72, 0xFF72, 0xFF72,
    0xFF72, 0xFF72, 0xFF72, 0xFF72, 0xFF72, 0xFF72, 0xFF72, 0xFF72,
    0xFF72, 0xFF72, 0xFF72, 0xFF72, 0xFF72, 0x3940, 0x3940, 0x3940,
    0x3940, 0x3940, 0x3940, 0x10C4, 0x10C4, 0x10C4, 0x10C4, 0x10C4,
    0x10C4, 0x10C4, 0x10C4, 0x10C4, 0x10C4, 0x10C4, 0x10C4, 0x10C4,
    0x10C4, 0x10C4, 0x10C4, 0x10C4, 0x10C4, 0x10C4, 0x10C4, 0x10C4,
    0x10C4, 0x10C4, 0x10C4, 0x10C4, 0x10C4, 0x10C4, 0x10C4, 0x10C4,
    0x10C4, 0x10C4, 0x10C4, 0x10C4, 0x10C4, 0x10C4, 0x10C4, 0x10C4,
    0x10C4, 0x10C4, 0x10C4, 0x10C4, 0x10C4, 0x10C4, 0x10C4, 0x10C4,
    0x10C4, 0x10C4, 0x10C4, 0x10C4, 0x10C4, 0x10C4, 0x3121, 0x3940,
    0x3940, 0x3940, 0x3940, 0x3940, 0x3940, 0x3940, 0x49A1, 0xE64D,
    0x5A02, 0x3940, 0x3940, 0x3940, 0x3940, 0x3940, 0x3940, 0x3940,
    0x3940, 0x3940, 0xF710, 0xFF72, 0xFF72, 0xFF72, 0xFF72, 0xFF72,
    0xFF72, 0xFF72, 0xFF72, 0xFF72, 0xF710, 0x3940, 0x3940, 0x3940,
    0x5A02, 0xFF52, 0xFF72, 0xFF72, 0xFF72, 0xFF72, 0xFF72, 0xFF72,
    0xFF72, 0xFF72, 0xFF72, 0xFF72, 0xCDAB, 0x3940, 0x3940, 0x3940,
    0x3940, 0x3940, 0x3940, 0x3940, 0x5202, 0xFF72, 0xFF72, 0xFF72,
    0xFF72, 0xFF72, 0xFF72, 0xFF72, 0xFF72, 0xFF72, 0xFF72, 0xFF72,
    0xFF72, 0xFF72, 0xFF72, 0xFF72, 0xFF72, 0xFF72, 0xFF72, 0xFF72,
    0xFF72, 0xFF72, 0xFF72, 0xFF72, 0xFF72, 0xFF72, 0xFF72, 0xFF72,
    0xFF72, 0x5A43, 0x3940, 0x3940, 0x3940, 0x3940, 0x3940, 0x18C4,
    0x10C4, 0x10C4, 0x2103, 0x3940, 0x3940, 0x3940, 0x3940, 0x3940,
    0x3940, 0x3940, 0xC54A, 0xFF72, 0xFF72, 0xFF72, 0xFF72, 0xFF72,
    0xFF72, 0xFF72, 0xFF72, 0xFF72, 0xFF72, 0xFF72, 0xFF72, 0xFF72,
    0xFF72, 0xFF72, 0xFF72, 0xFF72, 0xFF72, 0xFF72, 0xFF72, 0xFF72,
    0xFF72, 0xFF72, 0xFF72, 0xFF72, 0xFF52, 0x9C07, 0x3940, 0xEEAF,
    0xFF72, 0xFF72, 0xFF72, 0xFF72, 0xFF72, 0xFF72, 0xFF72, 0xFF72,
    0xFF72, 0xFF72, 0xFF72, 0xFF72, 0xFF72, 0xFF72, 0xFF72, 0xFF72,
    0xFF72, 0xFF72, 0xFF72, 0xFF72, 0xFF72, 0xFF72, 0xFF72, 0xFF72,
    0xFF72, 0xFF72, 0xFF72, 0xFF72, 0xFF72, 0xFF72, 0xFF72, 0xFF72,
    0xFF72, 0xFF72, 0xFF72, 0xFF72, 0xFF72, 0xFF72, 0xFF72, 0xFF72,
    0xFF72, 0xFF72, 0xFF72, 0xFF72, 0xFF72, 0xFF72, 0xFF72, 0xFF72,
    0xFF72, 0xFF72, 0xFF72, 0xFF72, 0xFF72, 0x3940, 0x3940, 0x3940,
    0x3940, 0x3940, 0x3940, 0x10C4, 0x10C4, 0x10C4, 0x10C4, 0x10C4,
    0x10C4, 0x10C4, 0x10C4, 0x10C4, 0x10C4, 0x10C4, 0x10C4, 0x10C4,
    0x10C4, 0x10C4, 0x10C4, 0x10C4, 0x10C4, 0x10C4, 0x10C4, 0x10C4,
    0x10C4, 0x10C4, 0x10C4, 0x10C4, 0x10C4, 0x10C4, 0x10C4, 0x10C4,
    0x10C4, 0x10C4, 0x10C4, 0x10C4, 0x10C4, 0x10C4, 0x10C4, 0x10C4,
    0x10C4, 0x10C4, 0x10C4, 0x10C4, 0x10C4, 0x10C4, 0x10C4, 0x10C4,
    0x10C4, 0x10C4, 0x10C4, 0x10C4, 0x10C4, 0x10C4, 0x10C4, 0x3121,
    0x3940, 0x3940, 0x3940, 0x3940, 0x3940, 0x3940, 0x3940, 0x3940,
    0x3940, 0x3940, 0x3940, 0x3940, 0x3940, 0x3940, 0x3940, 0x3940,
    0x3940, 0x3940, 0xF710, 0xFF72, 0xFF72, 0xFF72, 0xFF72, 0xFF72,
    0xFF72, 0xFF72, 0xFF72, 0xFF72, 0xF710, 0x3940, 0x3940, 0x3940,
    0xEEAF, 0xFF72, 0xFF72, 0xFF72, 0xFF72, 0xFF72, 0xFF72, 0xFF72,
    0xFF72, 0xFF72, 0xFF72, 0xFF72, 0x8B86, 0x3940, 0x3940, 0x3940,
    0x3940, 0x3940, 0x3940, 0x3940, 0x4161, 0xFF72, 0xFF72, 0xFF72,
    0xFF72, 0xFF72, 0xFF72, 0xFF72, 0xFF72, 0xFF72, 0xFF72, 0xFF72,
    0xFF72, 0xFF72, 0xFF72, 0xFF72, 0xFF72, 0xFF72, 0xFF72, 0xFF72,
    0xFF72, 0xFF72, 0xFF72, 0xFF72, 0xFF72, 0xFF72, 0xFF72, 0xFF72,
    0xFF72, 0x5A43, 0x3940, 0x3940, 0x3940, 0x3940, 0x3940, 0x18C4,
    0x10C4, 0x20E3, 0x3940, 0x3940, 0x3940, 0x3940, 0x3940, 0x3940,
    0x3940, 0x9C27, 0xFF72, 0xFF72, 0xFF72, 0xFF72, 0xFF72, 0xFF72,
    0xFF72, 0xFF72, 0xFF72, 0xFF72, 0xFF72, 0xFF72, 0xFF72, 0xFF72,
    0xFF72, 0xFF72, 0xFF72, 0xFF72, 0xFF72, 0xFF72, 0xFF72, 0xFF72,
    0xFF72, 0xFF72, 0xFF72, 0xFF72, 0xFF72, 0xFF72, 0xBCE9, 0xEEAF,
    0xFF72, 0xFF72, 0xFF72, 0xFF72, 0xFF72, 0xFF72, 0xFF72, 0xFF72,
    0xFF72, 0xFF72, 0xFF72, 0xFF72, 0xFF72, 0xFF72, 0xFF72, 0xFF72,
    0xFF72, 0xFF72, 0xFF72, 0xFF72, 0xFF72, 0xFF72, 0xFF72, 0xFF72,
    0xFF72, 0xFF72, 0xFF72, 0xFF72, 0xFF72, 0xFF72, 0xFF72, 0xFF72,
    0xFF72, 0xFF72, 0xFF72, 0xFF72, 0xFF72, 0xFF72, 0xFF72, 0xFF72,
    0xFF72, 0xFF72, 0xFF72, 0xFF72, 0xFF72, 0xFF72, 0xFF72, 0xFF72,
    0xFF72, 0xFF72, 0xFF72, 0xFF72, 0xFF72, 0x3940, 0x3940, 0x3940,
    0x3940, 0x3940, 0x3940, 0x10C4, 0x10C4, 0x10C4, 0x10C4, 0x10C4,
    0x10C4, 0x10C4, 0x10C4, 0x10C4, 0x10C4, 0x10C4, 0x10C4, 0x10C4,
    0x10C4, 0x10C4, 0x10C4, 0x10C4, 0x10C4, 0x10C4, 0x10C4, 0x10C4,
    0x10C4, 0x10C4, 0x10C4, 0x10C4, 0x10C4, 0x10C4, 0x10C4, 0x10C4,
    0x10C4, 0x10C4, 0x10C4, 0x10C4, 0x10C4, 0x10C4, 0x10C4, 0x10C4,
    0x10C4, 0x10C4, 0x10C4, 0x10C4, 0x10C4, 0x10C4, 0x10C4, 0x10C4,
    0x10C4, 0x10C4, 0x10C4, 0x10C4, 0x10C4, 0x10C4, 0x2103, 0x3940,
    0x3940, 0x3940, 0x3940, 0x3940, 0x3940, 0x3940, 0x3940, 0x3940,
    0x3940, 0x3940, 0x3940, 0x3940, 0x3940, 0x3940, 0x3940, 0x3940,
    0x3940, 0x3940, 0xF710, 0xFF72, 0xFF72, 0xFF72, 0xFF72, 0xFF72,
    0xFF72, 0xFF72, 0xFF72, 0xFF72, 0xF710, 0x3940, 0x3940, 0xD5EC,
    0xFF72, 0xFF72, 0xFF72, 0xFF72, 0xFF72, 0xFF72, 0xFF72, 0xFF72,
    0xFF72, 0xFF72, 0xFF72, 0xFF31, 0x4140, 0x3940, 0x3940, 0x3940,
    0x3940, 0x3940, 0x3940, 0x3940, 0x3940, 0xFF52, 0xFF72, 0xFF72,
    0xFF72, 0xFF72, 0xFF72, 0xFF72, 0xFF72, 0xFF72, 0xFF72, 0xFF72,
    0xFF72, 0xFF72, 0xFF72, 0xFF72, 0xFF72, 0xFF72, 0xFF72, 0xFF72,
    0xFF72, 0xFF72, 0xFF72, 0xFF72, 0xFF72, 0xFF72, 0xFF72, 0xFF72,
    0xFF72, 0x5A43, 0x3940, 0x3940, 0x3940, 0x3940, 0x3940, 0x18C4,
    0x20E3, 0x3940, 0x3940, 0x3940, 0x3940, 0x3940, 0x3940, 0x3940,
    0x7B25, 0xFF52, 0xFF72, 0xFF72, 0xFF72, 0xFF72, 0xFF72, 0xFF72,
    0xFF72, 0xFF72, 0xFF72, 0xFF72, 0xFF72, 0xFF72, 0xFF72, 0xFF72,
    0xFF72, 0xFF72, 0xFF72, 0xFF72, 0xFF72, 0xFF72, 0xFF72, 0xFF72,
    0xFF72, 0xFF72, 0xFF72, 0xFF72, 0xFF72, 0xFF72, 0xFF72, 0xFF52,
    0xFF72, 0xFF72, 0xFF72, 0xFF72, 0xFF72, 0xFF72, 0xFF72, 0xFF72,
    0xFF72, 0xFF72, 0xB4E9, 0xB4E9, 0xB4E9, 0xB4E9, 0xB4E9, 0xB4E9,
    0xB4E9, 0xB4E9, 0xB4E9, 0xB4E9, 0xFF72, 0xFF72, 0xFF72, 0xFF72,
    0xFF72, 0xFF72, 0xFF72, 0xFF72, 0xFF72, 0xFF72, 0xFF72, 0xC54A,
    0xB4E9, 0xB4E9, 0xB4E9, 0xB4E9, 0xB4E9, 0xB4E9, 0xB4E9, 0xB4E9,
    0xB4E9, 0xB4E9, 0xF6F0, 0xFF72, 0xFF72, 0xFF72, 0xFF72, 0xFF72,
    0xFF72, 0xFF72, 0xFF72, 0xFF72, 0xFF72, 0x3940, 0x3940, 0x3940,
    0x3940, 0x3940, 0x3940, 0x10C4, 0x10C4, 0x10C4, 0x10C4, 0x10C4,
    0x10C4, 0x10C4, 0x10C4, 0x10C4, 0x10C4, 0x10C4, 0x10C4, 0x10C4,
    0x10C4, 0x10C4, 0x10C4, 0x10C4, 0x10C4, 0x10C4, 0x10C4, 0x10C4,
    0x10C4, 0x10C4, 0x10C4, 0x10C4, 0x10C4, 0x10C4, 0x10C4, 0x10C4,
    0x10C4, 0x10C4, 0x10C4, 0x10C4, 0x10C4, 0x10C4, 0x10C4, 0x10C4,
    0x10C4, 0x10C4, 0x10C4, 0x10C4, 0x10C4, 0x10C4, 0x10C4, 0x10C4,
    0x10C4, 0x10C4, 0x10C4, 0x10C4, 0x10C4, 0x20E3, 0x3940, 0x3940,
    0x3940, 0x3940, 0x3940, 0x3940, 0x3940, 0x3940, 0x3940, 0x3940,
    0x3940, 0x3940, 0x3940, 0x3940, 0x3940, 0x3940, 0x3940, 0x3940,
    0x3940, 0x3940, 0xF710, 0xFF72, 0xFF72, 0xFF72, 0xFF72, 0xFF72,
    0xFF72, 0xFF72, 0xFF72, 0xFF72, 0xF710, 0x3940, 0xCDAB, 0xFF72,
    0xFF72, 0xFF72, 0xFF72, 0xFF72, 0xFF72, 0xFF72, 0xFF72, 0xFF72,
    0xFF72, 0xFF72, 0xFF72, 0xD5EC, 0x3940, 0x3940, 0x3940, 0x3940,
    0x3940, 0x3940, 0x3940, 0x3940, 0x3940, 0xF6F0, 0xFF72, 0xFF72,
    0xFF72, 0xFF72, 0xFF72, 0xFF72, 0xFF72, 0xFF72, 0xFF72, 0xFF72,
    0xFF72, 0xFF72, 0xFF72, 0xFF72, 0xFF72, 0xFF72, 0xFF72, 0xFF72,
    0xFF72, 0xFF72, 0xFF72, 0xFF72, 0xFF72, 0xFF72, 0xFF72, 0xFF72,
    0xFF72, 0x5A43, 0x3940, 0x3940, 0x3940, 0x3940, 0x3940, 0x20E3,
    0x3940, 0x3940, 0x3940, 0x3940, 0x3940, 0x3940, 0x3940, 0x6AA3,
    0xFF51, 0xFF72, 0xFF72, 0xFF72, 0xFF72, 0xFF72, 0xFF72, 0xFF72,
    0xFF72, 0xFF72, 0xFF72, 0xFF72, 0xFF72, 0xFF72, 0xFF72, 0xFF72,
    0xFF72, 0xFF72, 0xFF72, 0xFF72, 0xFF72, 0xFF72, 0xFF72, 0xFF72,
    0xFF72, 0xFF72, 0xFF72, 0xFF72, 0xFF72, 0xFF72, 0xFF72, 0xFF72,
    0xFF72, 0xFF72, 0xFF72, 0xFF72, 0xFF72, 0xFF72, 0xFF72, 0xFF72,
    0xFF72, 0xFF72, 0x3940, 0x3940, 0x3940, 0x3940, 0x3940, 0x3940,
    0x3940, 0x3940, 0x3940, 0x3940, 0xFF72, 0xFF72, 0xFF72, 0xFF72,
    0xFF72, 0xFF72, 0xFF72, 0xFF72, 0xFF72, 0xFF72, 0xFF72, 0x5A43,
    0x3940, 0x3940, 0x3940, 0x3940, 0x3940, 0x3940, 0x3940, 0x3940,
    0x3940, 0x3940, 0xE64D, 0xFF72, 0xFF72, 0xFF72, 0xFF72, 0xFF72,
    0xFF72, 0xFF72, 0xFF72, 0xFF72, 0xFF72, 0x3940, 0x3940, 0x3940,
    0x3940, 0x3940, 0x3940, 0x10C4, 0x10C4, 0x10C4, 0x10C4, 0x10C4,
    0x10C4, 0x10C4, 0x10C4, 0x10C4, 0x10C4, 0x10C4, 0x10C4, 0x10C4,
    0x10C4, 0x10C4, 0x10C4, 0x10C4, 0x10C4, 0x10C4, 0x10C4, 0x10C4,
    0x10C4, 0x10C4, 0x10C4, 0x10C4, 0x10C4, 0x10C4, 0x10C4, 0x10C4,
    0x10C4, 0x10C4, 0x10C4, 0x10C4, 0x10C4, 0x10C4, 0x10C4, 0x10C4,
    0x10C4, 0x10C4, 0x10C4, 0x10C4, 0x10C4, 0x10C4, 0x10C4, 0x10C4,
    0x10C4, 0x10C4, 0x10C4, 0x10C4, 0x10C4, 0x3121, 0x3940, 0x3940,
    0x3940, 0x3940, 0x3940, 0x3940, 0x3940, 0x3940, 0x3940, 0x3940,
    0x3940, 0x3940, 0x3940, 0x3940, 0x3940, 0x3940, 0x3940, 0x3940,
    0x3940, 0x3940, 0xF710, 0xFF72, 0xFF72, 0xFF72, 0xFF72, 0xFF72,
    0xFF72, 0xFF72, 0xFF72, 0xFF72, 0xFF10, 0xD5EC, 0xFF72, 0xFF72,
    0xFF72, 0xFF72, 0xFF72, 0xFF72, 0xFF72, 0xFF72, 0xFF72, 0xFF72,
    0xFF72, 0xFF72, 0xFF72, 0x6A83, 0x3940, 0x3940, 0x3940, 0x3940,
    0x3940, 0x3940, 0x3940, 0x3940, 0x3940, 0xDE2D, 0xFF72, 0xFF72,
    0xFF72, 0xFF72, 0xFF72, 0xFF72, 0xFF72, 0xFF72, 0xFF72, 0xFF72,
    0xFF72, 0xFF72, 0xFF72, 0xFF72, 0xFF72, 0xFF72, 0xFF72, 0xFF72,
    0xFF72, 0xFF72, 0xFF72, 0xFF72, 0xFF72, 0xFF72, 0xFF72, 0xFF72,
    0xFF72, 0x5A43, 0x3940, 0x3940, 0x3940, 0x3940, 0x3940, 0x3940,
    0x3940, 0x3940, 0x3940, 0x3940, 0x3940, 0x3940, 0x5A22, 0xFF31,
    0xFF72, 0xFF72, 0xFF72, 0xFF72, 0xFF72, 0xFF72, 0xFF72, 0xFF72,
    0xFF72, 0xFF72, 0xFF72, 0xFF72, 0xFF72, 0xFF72, 0xFF72, 0xFF72,
    0xFF72, 0xFF72, 0xFF72, 0xFF72, 0xFF72, 0xFF72, 0xFF72, 0xFF72,
    0xFF72, 0xFF72, 0xFF72, 0xFF72, 0xFF72, 0xFF72, 0xFF52, 0xFF31,
    0xFF72, 0xFF72, 0xFF72, 0xFF72, 0xFF72, 0xFF72, 0xFF72, 0xFF72,
    0xFF72, 0xFF72, 0x3940, 0x3940, 0x3940, 0x3940, 0x3940, 0x3940,
    0x3940, 0x3940, 0x3940, 0x3940, 0xFF72, 0xFF72, 0xFF72, 0xFF72,
    0xFF72, 0xFF72, 0xFF72, 0xFF72, 0xFF72, 0xFF72, 0xFF72, 0x5A43,
    0x3940, 0x3940, 0x3940, 0x3940, 0x3940, 0x3940, 0x3940, 0x3940,
    0x3940, 0x3940, 0xE64D, 0xFF72, 0xFF72, 0xFF72, 0xFF72, 0xFF72,
    0xFF72, 0xFF72, 0xFF72, 0xFF72, 0xFF72, 0x3940, 0x3940, 0x3940,
    0x3940, 0x3940, 0x3940, 0x10C4, 0x10C4, 0x10C4, 0x10C4, 0x10C4,
    0x10C4, 0x10C4, 0x10C4, 0x10C4, 0x10C4, 0x10C4, 0x10C4, 0x10C4,
    0x10C4, 0x10C4, 0x10C4, 0x10C4, 0x10C4, 0x10C4, 0x10C4, 0x10C4,
    0x10C4, 0x10C4, 0x10C4, 0x10C4, 0x10C4, 0x10C4, 0x10C4, 0x10C4,
    0x10C4, 0x10C4, 0x10C4, 0x10C4, 0x10C4, 0x10C4, 0x10C4, 0x10C4,
    0x10C4, 0x10C4, 0x10C4, 0x10C4, 0x10C4, 0x10C4, 0x10C4, 0x10C4,
    0x10C4, 0x10C4, 0x10C4, 0x10C4, 0x18E3, 0x3940, 0x3940, 0x3940,
    0x3940, 0x3940, 0x3940, 0x3940, 0x3940, 0x3940, 0x3940, 0x3940,
    0x3940, 0x3940, 0x3940, 0x3940, 0x3940, 0x3940, 0x3940, 0x3940,
    0x3940, 0x3940, 0xFF72, 0xFF72, 0xFF72, 0xFF72, 0xFF72, 0xFF72,
    0xFF72, 0xFF72, 0xFF72, 0xFF72, 0xFF72, 0xFF72, 0xFF72, 0xFF72,
    0xFF72, 0xFF72, 0xFF72, 0xFF72, 0xFF72, 0xFF72, 0xFF72, 0xFF72,
    0xFF72, 0xFF72, 0xE64D, 0x3940, 0x3940, 0x3940, 0x3940, 0x3940,
    0x3940, 0x3940, 0x3940, 0x3940, 0x3940, 0x9C27, 0xFF72, 0xFF72,
    0xFF72, 0xFF72, 0xFF72, 0xFF72, 0xFF72, 0xFF72, 0xFF72, 0xFF72,
    0xFF72, 0xFF72, 0xFF72, 0xFF72, 0xFF72, 0xFF72, 0xFF72, 0xFF72,
    0xFF72, 0xFF72, 0xFF72, 0xFF72, 0xFF72, 0xFF72, 0xFF72, 0xFF72,
    0xFF72, 0x5A43, 0x3940, 0x3940, 0x3940, 0x3940, 0x3940, 0x3940,
    0x3940, 0x3940, 0x3940, 0x3940, 0x3940, 0x51E2, 0xFF10, 0xFF72,
    0xFF72, 0xFF72, 0xFF72, 0xFF72, 0xFF72, 0xFF72, 0xFF72, 0xFF72,
    0xFF72, 0xFF72, 0xFF72, 0xFF72, 0xFF72, 0xFF72, 0xFF72, 0xFF72,
    0xFF72, 0xFF72, 0xFF72, 0xFF72, 0xFF72, 0xFF72, 0xFF72, 0xFF72,
    0xFF72, 0xFF72, 0xFF72, 0xFF72, 0xFF72, 0xFF72, 0xBCE9, 0xEEAF,
    0xFF72, 0xFF72, 0xFF72, 0xFF72, 0xFF72, 0xFF72, 0xFF72, 0xFF72,
    0xFF72, 0xFF72, 0x3940, 0x3940, 0x3940, 0x3940, 0x3940, 0x3940,
    0x3940, 0x3940, 0x3940, 0x3940, 0xFF72, 0xFF72, 0xFF72, 0xFF72,
    0xFF72, 0xFF72, 0xFF72, 0xFF72, 0xFF72, 0xFF72, 0xFF72, 0x5A43,
    0x3940, 0x3940, 0x3940, 0x3940, 0x3940, 0x3940, 0x3940, 0x3940,
    0x3940, 0x3940, 0xE64D, 0xFF72, 0xFF72, 0xFF72, 0xFF72, 0xFF72,
    0xFF72, 0xFF72, 0xFF72, 0xFF72, 0xFF72, 0x3940, 0x3940, 0x3940,
    0x3940, 0x3940, 0x3940, 0x10C4, 0x10C4, 0x10C4, 0x10C4, 0x10C4,
    0x10C4, 0x10C4, 0x10C4, 0x10C4, 0x10C4, 0x10C4, 0x10C4, 0x10C4,
    0x10C4, 0x10C4, 0x10C4, 0x10C4, 0x10C4, 0x10C4, 0x10C4, 0x10C4,
    0x10C5, 0x10C5, 0x10C5, 0x10C5, 0x10C5, 0x10C5, 0x10C5, 0x10C5,
    0x10C5, 0x10C5, 0x10C5, 0x10C5, 0x10C5, 0x10C5, 0x10C5, 0x10C5,
    0x10C5, 0x10C5, 0x10C5, 0x10C5, 0x10C5, 0x10C5, 0x10C5, 0x10C5,
    0x10C5, 0x10C5, 0x10C5, 0x10C5, 0x2902, 0x3940, 0x3940, 0x3940,
    0x3940, 0x3940, 0x4161, 0x3940, 0x3940, 0x3940, 0x3940, 0x3940,
    0x3940, 0x3940, 0x3940, 0x3940, 0x3940, 0x3940, 0x3940, 0x3940,
    0x3940, 0x3940, 0xF710, 0xFF72, 0xFF72, 0xFF72, 0xFF72, 0xFF72,
    0xFF72, 0xFF72, 0xFF72, 0xFF72, 0xFF72, 0xFF72, 0xFF72, 0xFF72,
    0xFF72, 0xFF72, 0xFF72, 0xFF72, 0xFF72, 0xFF72, 0xFF72, 0xFF72,
    0xFF72, 0xFF52, 0x5A22, 0x3940, 0x3940, 0x3940, 0x3940, 0x3940,
    0x3940, 0x3940, 0x3940, 0x3940, 0x3940, 0x4160, 0xFF31, 0xFF72,
    0xFF72, 0xFF72, 0xFF72, 0xFF72, 0xFF72, 0xFF72, 0xFF72, 0xFF72,
    0xFF72, 0xFF72, 0xFF72, 0xFF72, 0xFF72, 0xFF72, 0xFF72, 0xFF72,
    0xFF72, 0xFF72, 0xFF72, 0xFF72, 0xFF72, 0xFF72, 0xFF72, 0xFF72,
    0xFF72, 0x5A43, 0x3940, 0x3940, 0x3940, 0x3940, 0x3940, 0x3940,
    0x3940, 0x3940, 0x3940, 0x3940, 0x51C2, 0xF6F0, 0xFF72, 0xFF72,
    0xFF72, 0xFF72, 0xFF72, 0xFF72, 0xFF72, 0xFF72, 0xFF72, 0xFF72,
    0xFF72, 0xFF72, 0xFF72, 0xFF72, 0xFF72, 0xFF72, 0xFF72, 0xFF72,
    0xFF72, 0xFF72, 0xFF72, 0xFF72, 0xFF72, 0xFF72, 0xFF72, 0xFF72,
    0xFF72, 0xFF72, 0xFF72, 0xFF72, 0xFF72, 0xEE6E, 0x3940, 0xEEAF,
    0xFF72, 0xFF72, 0xFF72, 0xFF72, 0xFF72, 0xFF72, 0xFF72, 0xFF72,
    0xFF72, 0xFF72, 0x3940, 0x3940, 0x3940, 0x3940, 0x3940, 0x3940,
    0x3940, 0x3940, 0x3940, 0x3940, 0xFF72, 0xFF72, 0xFF72, 0xFF72,
    0xFF72, 0xFF72, 0xFF72, 0xFF72, 0xFF72, 0xFF72, 0xFF72, 0x5A43,
    0x3940, 0x3940, 0x3940, 0x3940, 0x3940, 0x3940, 0x3940, 0x3940,
    0x3940, 0x3940, 0xE64D, 0xFF72, 0xFF72, 0xFF72, 0xFF72, 0xFF72,
    0xFF72, 0xFF72, 0xFF72, 0xFF72, 0xFF72, 0x3940, 0x3940, 0x3940,
    0x3940, 0x3940, 0x3940, 0x10C5, 0x10C5, 0x10C5, 0x10C5, 0x10C5,
    0x10C5, 0x10C5, 0x10C5, 0x10C5, 0x10C5, 0x10C5, 0x10C5, 0x10C5,
    0x10C5, 0x10C5, 0x10C5, 0x10C5, 0x10C5, 0x10C5, 0x10C5, 0x10C5,
    0x10C5, 0x10C5, 0x10C5, 0x10C5, 0x10C5, 0x10C5, 0x10C5, 0x10C5,
    0x10C5, 0x10C5, 0x10C5, 0x10C5, 0x10C5, 0x10C5, 0x10C5, 0x10C5,
    0x10C5, 0x10C5, 0x10C5, 0x10C5, 0x10C5, 0x10C5, 0x10C5, 0x10C5,
    0x10C5, 0x10C5, 0x10C5, 0x10C5, 0x3121, 0x3940, 0x3940, 0x3940,
    0x3940, 0x3940, 0xE64D, 0xFF31, 0xE64E, 0xBCE9, 0x7304, 0x3940,
    0x3940, 0x3940, 0x3940, 0x3940, 0x3940, 0x3940, 0x3940, 0x3940,
    0x3940, 0x3940, 0xF710, 0xFF72, 0xFF72, 0xFF72, 0xFF72, 0xFF72,
    0xFF72, 0xFF72, 0xFF72, 0xFF72, 0xFF52, 0xFF72, 0xFF72, 0xFF72,
    0xFF72, 0xFF72, 0xFF72, 0xFF72, 0xFF72, 0xFF72, 0xFF72, 0xFF72,
    0xFF72, 0xB4C9, 0x3940, 0x3940, 0x3940, 0x3940, 0x3940, 0x3940,
    0x3940, 0x3940, 0x3940, 0x3940, 0x3940, 0x3940, 0x93C6, 0xFF72,
    0xFF72, 0xFF72, 0xFF72, 0xFF72, 0xFF72, 0xFF72, 0xFF72, 0xFF72,
    0xFF72, 0xFF72, 0xFF72, 0xFF72, 0xFF72, 0xFF72, 0xFF72, 0xFF72,
    0xFF72, 0xFF72, 0xFF72, 0xFF72, 0xFF72, 0xFF72, 0xFF72, 0xFF72,
    0xFF72, 0x5A43, 0x3940, 0x3940, 0x3940, 0x3940, 0x3940, 0x3940,
    0x3940, 0x3940, 0x3940, 0x49C1, 0xF6F0, 0xFF72, 0xFF72, 0xFF72,
    0xFF72, 0xFF72, 0xFF72, 0xFF72, 0xFF72, 0xFF72, 0xFF72, 0xFF72,
    0xFF72, 0xFF72, 0xFF72, 0xFF72, 0xFF72, 0xFF72, 0xFF72, 0xFF72,
    0xFF72, 0xFF72, 0xFF72, 0xEEAF, 0xE62D, 0xFF72, 0xFF72, 0xFF72,
    0xFF72, 0xFF72, 0xFF72, 0xFF72, 0xFF31, 0x51C2, 0x3940, 0xEEAF,
    0xFF72, 0xFF72, 0xFF72, 0xFF72, 0xFF72, 0xFF72, 0xFF72, 0xFF72,
    0xFF72, 0xFF72, 0x3940, 0x3940, 0x3940, 0x3940, 0x3940, 0x3940,
    0x3940, 0x3940, 0x3940, 0x3940, 0xFF72, 0xFF72, 0xFF72, 0xFF72,
    0xFF72, 0xFF72, 0xFF72, 0xFF72, 0xFF72, 0xFF72, 0xFF72, 0x5A43,
    0x3940, 0x3940, 0x3940, 0x3940, 0x3940, 0x3940, 0x3940, 0x3940,
    0x3940, 0x3940, 0xE64D, 0xFF72, 0xFF72, 0xFF72, 0xFF72, 0xFF72,
    0xFF72, 0xFF72, 0xFF72, 0xFF72, 0xFF72, 0x3940, 0x3940, 0x3940,
    0x3940, 0x3940, 0x3940, 0x10C5, 0x10C5, 0x10C5, 0x10C5, 0x10C5,
    0x10C5, 0x10C5, 0x10C5, 0x10C5, 0x10C5, 0x10C5, 0x10C5, 0x10C5,
    0x10C5, 0x10C5, 0x10C5, 0x10C5, 0x10C5, 0x10C5, 0x10C5, 0x10C5,
    0x10C5, 0x10C5, 0x10C5, 0x10C5, 0x10C5, 0x10C5, 0x10C5, 0x10C5,
    0x10C5, 0x10C5, 0x10C5, 0x10C5, 0x10C5, 0x10C5, 0x10C5, 0x10C5,
    0x10C5, 0x10C5, 0x10C5, 0x10C5, 0x10C5, 0x10C5, 0x10C5, 0x10C5,
    0x10C5, 0x10C5, 0x10C5, 0x10C5, 0x3920, 0x3940, 0x3940, 0x3940,
    0x3940, 0x3940, 0xFF10, 0xFF72, 0xFF72, 0xFF72, 0xFF72, 0xFF52,
    0xEEAF, 0xCD6B, 0x8BA6, 0x4981, 0x3940, 0x3940, 0x3940, 0x3940,
    0x3940, 0x3940, 0xF710, 0xFF72, 0xFF72, 0xFF72, 0xFF72, 0xFF72,
    0xFF72, 0xFF72, 0xFF72, 0xFF72, 0xF710, 0xBD0A, 0xFF72, 0xFF72,
    0xFF72, 0xFF72, 0xFF72, 0xFF72, 0xFF72, 0xFF72, 0xFF72, 0xFF72,
    0xE64E, 0x3940, 0x3940, 0x3940, 0x3940, 0x3940, 0x3940, 0x3121,
    0x2902, 0x3940, 0x3940, 0x3940, 0x3940, 0x3940, 0x3940, 0x9C27,
    0xFF51, 0xFF72, 0xFF72, 0xFF72, 0xFF72, 0xFF72, 0xFF72, 0xFF72,
    0xFF72, 0xFF72, 0xFF72, 0xFF72, 0xFF72, 0xFF72, 0xFF72, 0xFF72,
    0xFF72, 0xFF72, 0xFF72, 0xFF72, 0xFF72, 0xFF72, 0xFF72, 0xFF72,
    0xFF72, 0x5A43, 0x3940, 0x3940, 0x3940, 0x3940, 0x3940, 0x3940,
    0x3940, 0x3940, 0x49C1, 0xF6F0, 0xFF72, 0xFF72, 0xFF72, 0xFF72,
    0xFF72, 0xFF72, 0xFF72, 0xFF72, 0xFF72, 0xFF72, 0xFF72, 0xFF72,
    0xFF72, 0xFF72, 0xFF72, 0xFF72, 0xFF72, 0xFF72, 0xFF72, 0xFF72,
    0xFF72, 0xFF72, 0xFF72, 0xEEAF, 0x3940, 0xCD8B, 0xFF72, 0xFF72,
    0xFF72, 0xFF72, 0xFF72, 0xFF52, 0x8345, 0x3940, 0x3940, 0xEEAF,
    0xFF72, 0xFF72, 0xFF72, 0xFF72, 0xFF72, 0xFF72, 0xFF72, 0xFF72,
    0xFF72, 0xFF72, 0x3940, 0x3940, 0x3940, 0x3940, 0x3940, 0x3940,
    0x3940, 0x3940, 0x3940, 0x3940, 0xFF72, 0xFF72, 0xFF72, 0xFF72,
    0xFF72, 0xFF72, 0xFF72, 0xFF72, 0xFF72, 0xFF72, 0xFF72, 0x5A43,
    0x3940, 0x3940, 0x3940, 0x3940, 0x3940, 0x3940, 0x3940, 0x3940,
    0x3940, 0x3940, 0xE64D, 0xFF72, 0xFF72, 0xFF72, 0xFF72, 0xFF72,
    0xFF72, 0xFF72, 0xFF72, 0xFF72, 0xFF72, 0x3940, 0x3940, 0x3940,
    0x3940, 0x3940, 0x3940, 0x10C5, 0x10C5, 0x10C5, 0x10C5, 0x10C5,
    0x10C5, 0x10C5, 0x10C5, 0x10C5, 0x10C5, 0x10C5, 0x10C5, 0x10C5,
    0x10C5, 0x10C5, 0x10C5, 0x10C5, 0x10C5, 0x10C5, 0x10C5, 0x10C5,
    0x10C5, 0x10C5, 0x10C5, 0x10C5, 0x10C5, 0x10C5, 0x10C5, 0x10C5,
    0x10C5, 0x10C5, 0x10C5, 0x10C5, 0x10C5, 0x10C5, 0x10C5, 0x10C5,
    0x10C5, 0x10C5, 0x10C5, 0x10C5, 0x10C5, 0x10C5, 0x10C5, 0x10C5,
    0x10C5, 0x10C5, 0x10C5, 0x18E4, 0x3940, 0x3940, 0x3940, 0x3940,
    0x3940, 0x49C1, 0xFF72, 0xFF72, 0xFF72, 0xFF72, 0xFF72, 0xFF72,
    0xFF72, 0xFF72, 0xFF72, 0xFF52, 0xF6F0, 0xD5EC, 0x4160, 0x3940,
    0x3940, 0x3940, 0xF710, 0xFF72, 0xFF72, 0xFF72, 0xFF72, 0xFF72,
    0xFF72, 0xFF72, 0xFF72, 0xFF72, 0xF710, 0x3940, 0x9C07, 0xFF52,
    0xFF72, 0xFF72, 0xFF72, 0xFF72, 0xFF72, 0xFF72, 0xFF72, 0xF6F0,
    0x4181, 0x3940, 0x3940, 0x3940, 0x3940, 0x3940, 0x3940, 0x18E4,
    0x18C4, 0x3920, 0x3940, 0x3940, 0x3940, 0x3940, 0x3940, 0x3940,
    0x49A1, 0xACA9, 0xE64D, 0xF6F0, 0xFF51, 0xFF52, 0xFF72, 0xFF72,
    0xFF72, 0xFF72, 0xFF72, 0xFF72, 0xFF72, 0xFF72, 0xFF72, 0xFF72,
    0xFF72, 0xFF72, 0xFF72, 0xFF72, 0xFF72, 0xFF72, 0xFF72, 0xFF72,
    0xFF72, 0x5A43, 0x3940, 0x3940, 0x3940, 0x3940, 0x3940, 0x3940,
    0x3940, 0x3940, 0xAC88, 0xFF72, 0xFF72, 0xFF72, 0xFF72, 0xFF72,
    0xFF72, 0xFF72, 0xFF72, 0xFF72, 0xFF72, 0xFF72, 0xFF72, 0xFF72,
    0xFF72, 0xFF72, 0xFF72, 0xFF72, 0xFF72, 0xFF72, 0xFF72, 0xFF72,
    0xFF72, 0xFF72, 0xFF72, 0xEEAF, 0x3940, 0x3940, 0xACA9, 0xFF52,
    0xFF72, 0xFF72, 0xFF72, 0xBD2A, 0x3940, 0x3940, 0x3940, 0xEEAF,
    0xFF72, 0xFF72, 0xFF72, 0xFF72, 0xFF72, 0xFF72, 0xFF72, 0xFF72,
    0xFF72, 0xFF72, 0x3940, 0x3940, 0x3940, 0x3940, 0x3940, 0x3940,
    0x3940, 0x3940, 0x3940, 0x3940, 0xFF72, 0xFF72, 0xFF72, 0xFF72,
    0xFF72, 0xFF72, 0xFF72, 0xFF72, 0xFF72, 0xFF72, 0xFF72, 0x5A43,
    0x3940, 0x3940, 0x3940, 0x3940, 0x3940, 0x3940, 0x3940, 0x3940,
    0x3940, 0x3940, 0xE64D, 0xFF72, 0xFF72, 0xFF72, 0xFF72, 0xFF72,
    0xFF72, 0xFF72, 0xFF72, 0xFF72, 0xFF72, 0x3940, 0x3940, 0x3940,
    0x3940, 0x3940, 0x3940, 0x10C5, 0x10C5, 0x10C5, 0x10C5, 0x10C5,
    0x10C5, 0x10C5, 0x10C5, 0x10C5, 0x10C5, 0x10C5, 0x10C5, 0x10C5,
    0x10C5, 0x10C5, 0x10C5, 0x10C5, 0x10C5, 0x10C5, 0x10C5, 0x10C5,
    0x10C5, 0x10C5, 0x10C5, 0x10C5, 0x10C5, 0x10C5, 0x10C5, 0x10C5,
    0x10C5, 0x10C5, 0x10C5, 0x10C5, 0x10C5, 0x10C5, 0x10C5, 0x10C5,
    0x10C5, 0x10C5, 0x10C5, 0x10C5, 0x10C5, 0x10C5, 0x10C5, 0x10C5,
    0x10C5, 0x10C5, 0x10C5, 0x2103, 0x3940, 0x3940, 0x3940, 0x3940,
    0x3940, 0x9C07, 0xFF72, 0xFF72, 0xFF72, 0xFF72, 0xFF72, 0xFF72,
    0xFF72, 0xFF72, 0xFF72, 0xFF72, 0xFF72, 0xFF31, 0x3940, 0x3940,
    0x3940, 0x3940, 0xF710, 0xFF72, 0xFF72, 0xFF72, 0xFF72, 0xFF72,
    0xFF72, 0xFF72, 0xFF72, 0xFF72, 0xF710, 0x3940, 0x3940, 0x7B25,
    0xFF51, 0xFF72, 0xFF72, 0xFF72, 0xFF72, 0xFF72, 0xFF10, 0x5202,
    0x3940, 0x3940, 0x3940, 0x3940, 0x3940, 0x3940, 0x3940, 0x3940,
    0x3940, 0x3940, 0x3940, 0x3940, 0x3940, 0x3940, 0x3940, 0x3940,
    0x3940, 0x3940, 0x3940, 0x3940, 0x3940, 0x3940, 0x3940, 0x3940,
    0x3940, 0x3940, 0x3940, 0x3940, 0x3940, 0x3940, 0xEEAF, 0xFF72,
    0xFF72, 0xFF72, 0xFF72, 0xFF72, 0xFF72, 0xFF72, 0xFF72, 0xFF72,
    0xFF72, 0x5A43, 0x3940, 0x3940, 0x3940, 0x3940, 0x3940, 0x3940,
    0x3940, 0x3940, 0x4161, 0xFF51, 0xFF72, 0xFF72, 0xFF72, 0xFF72,
    0xFF72, 0xFF72, 0xFF72, 0xFF72, 0xFF72, 0xFF72, 0xFF72, 0xFF72,
    0xFF72, 0xFF72, 0xFF72, 0xFF72, 0xFF72, 0xFF72, 0xFF72, 0xFF72,
    0xFF72, 0xFF72, 0xFF72, 0xEEAF, 0x3940, 0x3940, 0x3940, 0x93E7,
    0xFF52, 0xFF72, 0xEE8E, 0x3940, 0x3940, 0x3940, 0x3940, 0xEEAF,
    0xFF72, 0xFF72, 0xFF72, 0xFF72, 0xFF72, 0xFF72, 0xFF72, 0xFF72,
    0xFF72, 0xFF72, 0x3940, 0x3940, 0x3940, 0x3940, 0x3940, 0x3940,
    0x3940, 0x3940, 0x3940, 0x3940, 0xFF72, 0xFF72, 0xFF72, 0xFF72,
    0xFF72, 0xFF72, 0xFF72, 0xFF72, 0xFF72, 0xFF72, 0xFF72, 0x5A43,
    0x3940, 0x3940, 0x3940, 0x3940, 0x3940, 0x3940, 0x3940, 0x3940,
    0x3940, 0x3940, 0xE64D, 0xFF72, 0xFF72, 0xFF72, 0xFF72, 0xFF72,
    0xFF72, 0xFF72, 0xFF72, 0xFF72, 0xFF72, 0x3940, 0x3940, 0x3940,
    0x3940, 0x3940, 0x3940, 0x10C5, 0x10C5, 0x10C5, 0x10C5, 0x10C5,
    0x10C5, 0x10C5, 0x10C5, 0x10C5, 0x10C5, 0x10C5, 0x10C5, 0x10C5,
    0x10C5, 0x10C5, 0x10C5, 0x10C5, 0x10C5, 0x10C5, 0x10C5, 0x10C5,
    0x10C5, 0x10C5, 0x10C5, 0x10C5, 0x10C5, 0x10C5, 0x10C5, 0x10C5,
    0x10C5, 0x10C5, 0x10C5, 0x10C5, 0x10C5, 0x10C5, 0x10C5, 0x10C5,
    0x10C5, 0x10C5, 0x10C5, 0x10C5, 0x10C5, 0x10C5, 0x10C5, 0x10C5,
    0x10C5, 0x10C5, 0x10C5, 0x3121, 0x3940, 0x3940, 0x3940, 0x3940,
    0x3940, 0xD5AC, 0xFF72, 0xFF72, 0xFF72, 0xFF72, 0xFF72, 0xFF72,
    0xFF72, 0xFF72, 0xFF72, 0xFF72, 0xFF72, 0xE64E, 0x3940, 0x3940,
    0x3940, 0x3940, 0xF710, 0xFF72, 0xFF72, 0xFF72, 0xFF72, 0xFF72,
    0xFF72, 0xFF72, 0xFF72, 0xFF72, 0xF710, 0x3940, 0x3940, 0x3940,
    0x6263, 0xFF10, 0xFF72, 0xFF72, 0xFF72, 0xFF11, 0x5A22, 0x3940,
    0x3940, 0x3940, 0x3940, 0x3940, 0x3940, 0x3940, 0x3940, 0x3940,
    0x3940, 0x3940, 0x3940, 0x3940, 0x3940, 0x3940, 0x3940, 0x3940,
    0x3940, 0x3940, 0x3940, 0x3940, 0x3940, 0x3940, 0x3940, 0x3940,
    0x3940, 0x3940, 0x3940, 0x3940, 0x3940, 0x3940, 0xEEAF, 0xFF72,
    0xFF72, 0xFF72, 0xFF72, 0xFF72, 0xFF72, 0xFF72, 0xFF72, 0xFF72,
    0xFF72, 0x5A43, 0x3940, 0x3940, 0x3940, 0x3940, 0x3940, 0x3940,
    0x3940, 0x3940, 0x3940, 0xCD8B, 0xFF72, 0xFF72, 0xFF72, 0xFF72,
    0xFF72, 0xFF72, 0xFF72, 0xFF72, 0xFF72, 0xFF72, 0xFF72, 0xFF72,
    0xFF72, 0xFF72, 0xFF72, 0xFF72, 0xFF72, 0xFF72, 0xFF72, 0xFF72,
    0xFF72, 0xFF72, 0xFF72, 0xEEAF, 0x3940, 0x3940, 0x3940, 0x3940,
    0x8365, 0xF710, 0x51E2, 0x3940, 0x3940, 0x3940, 0x3940, 0xEEAF,
    0xFF72, 0xFF72, 0xFF72, 0xFF72, 0xFF72, 0xFF72, 0xFF72, 0xFF72,
    0xFF72, 0xFF72, 0x3940, 0x3940, 0x3940, 0x3940, 0x3940, 0x3940,
    0x3940, 0x3940, 0x3940, 0x3940, 0xFF72, 0xFF72, 0xFF72, 0xFF72,
    0xFF72, 0xFF72, 0xFF72, 0xFF72, 0xFF72, 0xFF72, 0xFF72, 0x5A43,
    0x3940, 0x3940, 0x3940, 0x3940, 0x3940, 0x3940, 0x3940, 0x3940,
    0x3940, 0x3940, 0xE64D, 0xFF72, 0xFF72, 0xFF72, 0xFF72, 0xFF72,
    0xFF72, 0xFF72, 0xFF72, 0xFF72, 0xFF72, 0x3940, 0x3940, 0x3940,
    0x3940, 0x3940, 0x3940, 0x10C5, 0x10C5, 0x10C5, 0x10C5, 0x10C5,
    0x10C5, 0x10C5, 0x10C5, 0x10C5, 0x10C5, 0x10C5, 0x10C5, 0x10C5,
    0x10C5, 0x10C5, 0x10C5, 0x10C5, 0x10C5, 0x10C5, 0x10C5, 0x10C5,
    0x10C5, 0x10C5, 0x10C5, 0x10C5, 0x10C5, 0x10C5, 0x10C5, 0x10C5,
    0x10C5, 0x10C5, 0x10C5, 0x10C5, 0x10C5, 0x10C5, 0x10C5, 0x10C5,
    0x10C5, 0x10C5, 0x10C5, 0x10C5, 0x10C5, 0x10C5, 0x10C5, 0x10C5,
    0x10C5, 0x10C5, 0x10C5, 0x3920, 0x3940, 0x3940, 0x3940, 0x3940,
    0x3940, 0xF6F0, 0xFF72, 0xFF72, 0xFF72, 0xFF72, 0xFF72, 0xFF72,
    0xFF72, 0xFF72, 0xFF72, 0xFF72, 0xFF72, 0xB4C9, 0x3940, 0x3940,
    0x3940, 0x3940, 0xF710, 0xFF72, 0xFF72, 0xFF72, 0xFF72, 0xFF72,
    0xFF72, 0xFF72, 0xFF72, 0xFF72, 0xF710, 0x3940, 0x3940, 0x3940,
    0x3940, 0x51C2, 0xF6CF, 0xFF72, 0xFF10, 0x5A22, 0x3940, 0x3940,
    0x3940, 0x3940, 0x3940, 0x3940, 0x3940, 0x3940, 0x3940, 0x3940,
    0x3940, 0x3940, 0x3940, 0x3940, 0x3940, 0x3940, 0x3940, 0x3940,
    0x3940, 0x3940, 0x3940, 0x3940, 0x3940, 0x3940, 0x3940, 0x3940,
    0x3940, 0x3940, 0x3940, 0x3940, 0x3940, 0x3940, 0xEEAF, 0xFF72,
    0xFF72, 0xFF72, 0xFF72, 0xFF72, 0xFF72, 0xFF72, 0xFF72, 0xFF72,
    0xFF72, 0x5A43, 0x3940, 0x3940, 0x3940, 0x3940, 0x3940, 0x3940,
    0x3940, 0x3940, 0x3940, 0x5A02, 0xFF52, 0xFF72, 0xFF72, 0xFF72,
    0xFF72, 0xFF72, 0xFF72, 0xFF72, 0xFF72, 0xFF72, 0xFF72, 0xFF52,
    0xF6F0, 0xFF72, 0xFF72, 0xFF72, 0xFF72, 0xFF72, 0xFF72, 0xFF72,
    0xFF72, 0xFF72, 0xFF72, 0xEEAF, 0x3940, 0x3940, 0x3940, 0x3940,
    0x3940, 0x4140, 0x3940, 0x3940, 0x3940, 0x3940, 0x3940, 0xEEAF,
    0xFF72, 0xFF72, 0xFF72, 0xFF72, 0xFF72, 0xFF72, 0xFF72, 0xFF72,
    0xFF72, 0xFF72, 0x3940, 0x3940, 0x3940, 0x3940, 0x3940, 0x3940,
    0x3940, 0x3940, 0x3940, 0x3940, 0xFF72, 0xFF72, 0xFF72, 0xFF72,
    0xFF72, 0xFF72, 0xFF72, 0xFF72, 0xFF72, 0xFF72, 0xFF72, 0x5A43,
    0x3940, 0x3940, 0x3940, 0x3940, 0x3940, 0x3940, 0x3940, 0x3940,
    0x3940, 0x3940, 0xE64D, 0xFF72, 0xFF72, 0xFF72, 0xFF72, 0xFF72,
    0xFF72, 0xFF72, 0xFF72, 0xFF72, 0xFF72, 0x3940, 0x3940, 0x3940,
    0x3940, 0x3940, 0x3940, 0x10C5, 0x10C5, 0x10C5, 0x10C5, 0x10C5,
    0x10C5, 0x10C5, 0x10C5, 0x10C5, 0x10C5, 0x10C5, 0x10C5, 0x10C5,
    0x10C5, 0x10C5, 0x10C5, 0x10C5, 0x10C5, 0x10C5, 0x10C5, 0x10C5,
    0x10C5, 0x10C5, 0x10C5, 0x10C5, 0x10C5, 0x10C5, 0x10C5, 0x10C5,
    0x10C5, 0x10C5, 0x10C5, 0x10C5, 0x10C5, 0x10C5, 0x10C5, 0x10C5,
    0x10C5, 0x10C5, 0x10C5, 0x10C5, 0x10C5, 0x10C5, 0x10C5, 0x10C5,
    0x10C5, 0x10C5, 0x18E4, 0x3940, 0x3940, 0x3940, 0x3940, 0x3940,
    0x49A1, 0xFF52, 0xFF72, 0xFF72, 0xFF72, 0xFF72, 0xFF72, 0xFF72,
    0xFF72, 0xFF72, 0xFF72, 0xFF72, 0xFF72, 0x6A83, 0x3940, 0x3940,
    0x3940, 0x3940, 0xF710, 0xFF72, 0xFF72, 0xFF72, 0xFF72, 0xFF72,
    0xFF72, 0xFF72, 0xFF72, 0xFF72, 0xF710, 0x3940, 0x3940, 0x3940,
    0x3940, 0x3940, 0x4160, 0xC56B, 0x49C1, 0x3940, 0x3940, 0x3940,
    0x3940, 0x3940, 0x3940, 0x3940, 0x3940, 0x3940, 0x3940, 0x3940,
    0x3940, 0x3940, 0x3940, 0x3940, 0x3940, 0x3940, 0x3940, 0x3940,
    0x3940, 0x3940, 0x3940, 0x3940, 0x3940, 0x3940, 0x3940, 0x3940,
    0x3940, 0x3940, 0x3940, 0x3940, 0x3940, 0x3940, 0xEEAF, 0xFF72,
    0xFF72, 0xFF72, 0xFF72, 0xFF72, 0xFF72, 0xFF72, 0xFF72, 0xFF72,
    0xFF72, 0x5A43, 0x3940, 0x3940, 0x3940, 0x3940, 0x3940, 0x3940,
    0x3940, 0x3940, 0x3940, 0x3940, 0xDE2D, 0xFF72, 0xFF72, 0xFF72,
    0xFF72, 0xFF72, 0xFF72, 0xFF72, 0xFF72, 0xFF72, 0xFF72, 0x9C07,
    0xE64D, 0xFF72, 0xFF72, 0xFF72, 0xFF72, 0xFF72, 0xFF72, 0xFF72,
    0xFF72, 0xFF72, 0xFF72, 0xEEAF, 0x3940, 0x3940, 0x3940, 0x3940,
    0x3940, 0x3940, 0x3940, 0x3940, 0x3940, 0x3940, 0x3940, 0xEEAF,
    0xFF72, 0xFF72, 0xFF72, 0xFF72, 0xFF72, 0xFF72, 0xFF72, 0xFF72,
    0xFF72, 0xFF72, 0x3940, 0x3940, 0x3940, 0x3940, 0x3940, 0x3940,
    0x3940, 0x3940, 0x3940, 0x3940, 0xFF72, 0xFF72, 0xFF72, 0xFF72,
    0xFF72, 0xFF72, 0xFF72, 0xFF72, 0xFF72, 0xFF72, 0xFF72, 0x5A43,
    0x3940, 0x3940, 0x3940, 0x3940, 0x3940, 0x3940, 0x3940, 0x3940,
    0x3940, 0x3940, 0xE64D, 0xFF72, 0xFF72, 0xFF72, 0xFF72, 0xFF72,
    0xFF72, 0xFF72, 0xFF72, 0xFF72, 0xFF72, 0x3940, 0x3940, 0x3940,
    0x3940, 0x3940, 0x3940, 0x10C5, 0x10C5, 0x10C5, 0x10C5, 0x10C5,
    0x10C5, 0x10C5, 0x10C5, 0x10C5, 0x10C5, 0x10C5, 0x10C5, 0x10C5,
    0x10C5, 0x10C5, 0x10C5, 0x10C5, 0x10C5, 0x10C5, 0x10C5, 0x10C5,
    0x10C5, 0x10C5, 0x10C5, 0x10C5, 0x10C5, 0x10C5, 0x10C5, 0x10C5,
    0x10C5, 0x10C5, 0x10C5, 0x10C5, 0x10C5, 0x10C5, 0x10C5, 0x10C5,
    0x10C5, 0x10C5, 0x10C5, 0x10C5, 0x10C5, 0x10C5, 0x10C5, 0x10C5,
    0x10C5, 0x10C5, 0x2102, 0x3940, 0x3940, 0x3940, 0x3940, 0x3940,
    0x93E7, 0xFF72, 0xFF72, 0xFF72, 0xFF72, 0xFF72, 0xFF72, 0xFF72,
    0xFF72, 0xFF72, 0xFF72, 0xFF72, 0xFF31, 0x3940, 0x3940, 0x3940,
    0x3940, 0x3940, 0xF710, 0xFF72, 0xFF72, 0xFF72, 0xFF72, 0xFF72,
    0xFF72, 0xFF72, 0xFF72, 0xFF72, 0xF710, 0x3940, 0x3940, 0x3940,
    0x3940, 0x3940, 0x3940, 0x3940, 0x3940, 0x3940, 0x3940, 0x3940,
    0x3940, 0x3940, 0x3940, 0x3940, 0x3940, 0x3940, 0x3940, 0x3940,
    0x3940, 0x3940, 0x3940, 0x3940, 0x3940, 0x3940, 0x3940, 0x3940,
    0x3940, 0x3940, 0x3940, 0x3940, 0x3940, 0x3940, 0x3940, 0x3940,
    0x3940, 0x3940, 0x3940, 0x3940, 0x3940, 0x3940, 0xEEAF, 0xFF72,
    0xFF72, 0xFF72, 0xFF72, 0xFF72, 0xFF72, 0xFF72, 0xFF72, 0xFF72,
    0xFF72, 0x5A43, 0x3940, 0x3940, 0x3940, 0x3940, 0x3940, 0x3940,
    0x3940, 0x3940, 0x3940, 0x3940, 0x72E4, 0xFF72, 0xFF72, 0xFF72,
    0xFF72, 0xFF72, 0xFF72, 0xFF72, 0xFF72, 0xFF72, 0xBD2A, 0x3940,
    0xE64D, 0xFF72, 0xFF72, 0xFF72, 0xFF72, 0xFF72, 0xFF72, 0xFF72,
    0xFF72, 0xFF72, 0xFF72, 0xEEAF, 0x3940, 0x3940, 0x3940, 0x3940,
    0x3940, 0x3940, 0x3940, 0x3940, 0x3940, 0x3940, 0x3940, 0xEEAF,
    0xFF72, 0xFF72, 0xFF72, 0xFF72, 0xFF72, 0xFF72, 0xFF72, 0xFF72,
    0xFF72, 0xFF72, 0xBD0A, 0xBD0A, 0xBD0A, 0xBD0A, 0xBD0A, 0xBD0A,
    0xBD0A, 0xBD0A, 0xBD0A, 0xBD0A, 0xFF72, 0xFF72, 0xFF72, 0xFF72,
    0xFF72, 0xFF72, 0xFF72, 0xFF72, 0xFF72, 0xFF72, 0xFF72, 0xC56B,
    0xBD0A, 0xBD0A, 0xBD0A, 0xBD0A, 0xBD0A, 0xBD0A, 0xBD0A, 0xBD0A,
    0xBD0A, 0xBD0A, 0xF6F0, 0xFF72, 0xFF72, 0xFF72, 0xFF72, 0xFF72,
    0xFF72, 0xFF72, 0xFF72, 0xFF72, 0xFF72, 0x3940, 0x3940, 0x3940,
    0x3940, 0x3940, 0x3940, 0x10C5, 0x10C5, 0x10C5, 0x10C5, 0x10C5,
    0x10C5, 0x10C5, 0x10C5, 0x10C5, 0x10C5, 0x10C5, 0x10C5, 0x10C5,
    0x10C5, 0x10C5, 0x10C5, 0x10C5, 0x10C5, 0x10C5, 0x10C5, 0x10C5,
    0x10C5, 0x10C5, 0x10C5, 0x10C5, 0x10C5, 0x10C5, 0x10C5, 0x10C5,
    0x10C5, 0x10C5, 0x10C5, 0x10C5, 0x10C5, 0x10C5, 0x10C5, 0x10C5,
    0x10C5, 0x10C5, 0x10C5, 0x10C5, 0x10C5, 0x10C5, 0x10C5, 0x10C5,
    0x10C5, 0x10C5, 0x3121, 0x3940, 0x3940, 0x3940, 0x3940, 0x3940,
    0xD5CC, 0xFF72, 0xFF72, 0xFF72, 0xFF72, 0xFF72, 0xFF72, 0xFF72,
    0xFF72, 0xFF72, 0xFF72, 0xFF72, 0xE64E, 0x3940, 0x3940, 0x3940,
    0x3940, 0x3940, 0xF710, 0xFF72, 0xFF72, 0xFF72, 0xFF72, 0xFF72,
    0xFF72, 0xFF72, 0xFF72, 0xFF72, 0xF710, 0x3940, 0x3940, 0x3940,
    0x3940, 0x3940, 0x3940, 0x3940, 0x3940, 0x3940, 0x3940, 0x3940,
    0x3940, 0x3940, 0x3940, 0x3940, 0x3940, 0x3940, 0x3940, 0x3940,
    0x3940, 0x3940, 0x3940, 0x3940, 0x3940, 0x3940, 0x3940, 0x3940,
    0x3940, 0x3940, 0x3940, 0x3940, 0x3940, 0x3940, 0x3940, 0x3940,
    0x3940, 0x3940, 0x3940, 0x3940, 0x3940, 0x3940, 0xEEAF, 0xFF72,
    0xFF72, 0xFF72, 0xFF72, 0xFF72, 0xFF72, 0xFF72, 0xFF72, 0xFF72,
    0xFF72, 0x5A43, 0x3940, 0x3940, 0x3940, 0x3940, 0x3940, 0x3940,
    0x3940, 0x3940, 0x3940, 0x3940, 0x3940, 0xEEAF, 0xFF72, 0xFF72,
    0xFF72, 0xFF72, 0xFF72, 0xFF72, 0xFF72, 0xD5CC, 0x3940, 0x3940,
    0xE64D, 0xFF72, 0xFF72, 0xFF72, 0xFF72, 0xFF72, 0xFF72, 0xFF72,
    0xFF72, 0xFF72, 0xFF72, 0xEEAF, 0x3940, 0x3940, 0x3940, 0x3940,
    0x3940, 0x3940, 0x3940, 0x3940, 0x3940, 0x3940, 0x3940, 0xEEAF,
    0xFF72, 0xFF72, 0xFF72, 0xFF72, 0xFF72, 0xFF72, 0xFF72, 0xFF72,
    0xFF72, 0xFF72, 0xFF72, 0xFF72, 0xFF72, 0xFF72, 0xFF72, 0xFF72,
    0xFF72, 0xFF72, 0xFF72, 0xFF72, 0xFF72, 0xFF72, 0xFF72, 0xFF72,
    0xFF72, 0xFF72, 0xFF72, 0xFF72, 0xFF72, 0xFF72, 0xFF72, 0xFF72,
    0xFF72, 0xFF72, 0xFF72, 0xFF72, 0xFF72, 0xFF72, 0xFF72, 0xFF72,
    0xFF72, 0xFF72, 0xFF72, 0xFF72, 0xFF72, 0xFF72, 0xFF72, 0xFF72,
    0xFF72, 0xFF72, 0xFF72, 0xFF72, 0xFF72, 0x3940, 0x3940, 0x3940,
    0x3940, 0x3940, 0x3940, 0x10C5, 0x10C5, 0x10C5, 0x10C5, 0x10C5,
    0x10C5, 0x10C5, 0x10C5, 0x10C5, 0x10C5, 0x10C5, 0x10C5, 0x10C5,
    0x10C5, 0x10C5, 0x10C5, 0x10C5, 0x10C5, 0x10C5, 0x10C5, 0x10C5,
    0x10C5, 0x10C5, 0x10C5, 0x10C5, 0x10C5, 0x10C5, 0x10C5, 0x10C5,
    0x10C5, 0x10C5, 0x10C5, 0x10C5, 0x10C5, 0x10C5, 0x10C5, 0x10C5,
    0x10C5, 0x10C5, 0x10C5, 0x10C5, 0x10C5, 0x10C5, 0x10C5, 0x10C5,
    0x10C5, 0x10C4, 0x3940, 0x3940, 0x3940, 0x3940, 0x3940, 0x3940,
    0xF6F0, 0xFF72, 0xFF72, 0xFF72, 0xFF72, 0xFF72, 0xFF72, 0xFF72,
    0xFF72, 0xFF72, 0xFF72, 0xFF72, 0xB4C9, 0x3940, 0x3940, 0x3940,
    0x3940, 0x3940, 0xF710, 0xFF72, 0xFF72, 0xFF72, 0xFF72, 0xFF72,
    0xFF72, 0xFF72, 0xFF72, 0xFF72, 0xFF72, 0xFF72, 0xFF72, 0xFF72,
    0xFF72, 0xFF72, 0xFF72, 0xFF72, 0xFF72, 0xFF72, 0xFF72, 0xFF72,
    0xFF72, 0xFF72, 0xFF72, 0xFF72, 0xFF72, 0xFF72, 0xFF72, 0xFF72,
    0xFF72, 0xFF72, 0xFF72, 0xFF72, 0xFF72, 0xFF72, 0xFF72, 0xFF72,
    0xFF72, 0xFF72, 0xFF72, 0xFF72, 0xFF72, 0xFF72, 0xFF72, 0xFF72,
    0xFF72, 0xFF72, 0xFF72, 0xFF72, 0xFF72, 0xFF72, 0xFF72, 0xFF72,
    0xFF72, 0xFF72, 0xFF72, 0xFF72, 0xFF72, 0xFF72, 0xFF72, 0xFF72,
    0xFF72, 0x5A43, 0x3940, 0x3940, 0x3940, 0x3940, 0x3940, 0x3121,
    0x3940, 0x3940, 0x3940, 0x3940, 0x3940, 0x93E7, 0xFF72, 0xFF72,
    0xFF72, 0xFF72, 0xFF72, 0xFF72, 0xE66E, 0x3940, 0x3940, 0x3940,
    0xE64D, 0xFF72, 0xFF72, 0xFF72, 0xFF72, 0xFF72, 0xFF72, 0xFF72,
    0xFF72, 0xFF72, 0xFF72, 0xEEAF, 0x3940, 0x3940, 0x3940, 0x3940,
    0x3940, 0x3940, 0x3940, 0x3940, 0x3940, 0x3940, 0x3940, 0xEEAF,
    0xFF72, 0xFF72, 0xFF72, 0xFF72, 0xFF72, 0xFF72, 0xFF72, 0xFF72,
    0xFF72, 0xFF72, 0xFF72, 0xFF72, 0xFF72, 0xFF72, 0xFF72, 0xFF72,
    0xFF72, 0xFF72, 0xFF72, 0xFF72, 0xFF72, 0xFF72, 0xFF72, 0xFF72,
    0xFF72, 0xFF72, 0xFF72, 0xFF72, 0xFF72, 0xFF72, 0xFF72, 0xFF72,
    0xFF72, 0xFF72, 0xFF72, 0xFF72, 0xFF72, 0xFF72, 0xFF72, 0xFF72,
    0xFF72, 0xFF72, 0xFF72, 0xFF72, 0xFF72, 0xFF72, 0xFF72, 0xFF72,
    0xFF72, 0xFF72, 0xFF72, 0xFF72, 0xFF72, 0x3940, 0x3940, 0x3940,
    0x3940, 0x3940, 0x3940, 0x10C5, 0x10C5, 0x10C5, 0x10C5, 0x10C5,
    0x10C5, 0x10C5, 0x10C5, 0x10C5, 0x10C5, 0x10C5, 0x10C5, 0x10C5,
    0x10C5, 0x10C5, 0x10C5, 0x10C5, 0x10C5, 0x10C5, 0x10C5, 0x10C5,
    0x10C5, 0x10C5, 0x10C5, 0x10C5, 0x10C5, 0x10C5, 0x10C5, 0x10C5,
    0x10C5, 0x10C5, 0x10C5, 0x10C5, 0x10C5, 0x10C5, 0x10C5, 0x10C5,
    0x10C5, 0x10C5, 0x10C5, 0x10C5, 0x10C5, 0x10C5, 0x10C5, 0x10C5,
    0x10C5, 0x20E3, 0x3940, 0x3940, 0x3940, 0x3940, 0x3940, 0x51E2,
    0xFF72, 0xFF72, 0xFF72, 0xFF72, 0xFF72, 0xFF72, 0xFF72, 0xFF72,
    0xFF72, 0xFF72, 0xFF72, 0xFF72, 0x6283, 0x3940, 0x3940, 0x3940,
    0x3940, 0x3940, 0xF710, 0xFF72, 0xFF72, 0xFF72, 0xFF72, 0xFF72,
    0xFF72, 0xFF72, 0xFF72, 0xFF72, 0xFF72, 0xFF72, 0xFF72, 0xFF72,
    0xFF72, 0xFF72, 0xFF72, 0xFF72, 0xFF72, 0xFF72, 0xFF72, 0xFF72,
    0xFF72, 0xFF72, 0xFF72, 0xFF72, 0xFF72, 0xFF72, 0xFF72, 0xFF72,
    0xFF72, 0xFF72, 0xFF72, 0xFF72, 0xFF72, 0xFF72, 0xFF72, 0xFF72,
    0xFF72, 0xFF72, 0xFF72, 0xFF72, 0xFF72, 0xFF72, 0xFF72, 0xFF72,
    0xFF72, 0xFF72, 0xFF72, 0xFF72, 0xFF72, 0xFF72, 0xFF72, 0xFF72,
    0xFF72, 0xFF72, 0xFF72, 0xFF72, 0xFF72, 0xFF72, 0xFF72, 0xFF72,
    0xFF72, 0x5A43, 0x3940, 0x3940, 0x3940, 0x3940, 0x3940, 0x2103,
    0x3940, 0x3940, 0x3940, 0x3940, 0x3940, 0x3940, 0xFF10, 0xFF72,
    0xFF72, 0xFF72, 0xFF72, 0xEEAF, 0x4161, 0x3940, 0x3940, 0x3940,
    0xE64D, 0xFF72, 0xFF72, 0xFF72, 0xFF72, 0xFF72, 0xFF72, 0xFF72,
    0xFF72, 0xFF72, 0xFF72, 0xEEAF, 0x3940, 0x3940, 0x3940, 0x3940,
    0x3940, 0x3940, 0x3940, 0x3940, 0x3940, 0x3940, 0x3940, 0xEEAF,
    0xFF72, 0xFF72, 0xFF72, 0xFF72, 0xFF72, 0xFF72, 0xFF72, 0xFF72,
    0xFF72, 0xFF72, 0xFF72, 0xFF72, 0xFF72, 0xFF72, 0xFF72, 0xFF72,
    0xFF72, 0xFF72, 0xFF72, 0xFF72, 0xFF72, 0xFF72, 0xFF72, 0xFF72,
    0xFF72, 0xFF72, 0xFF72, 0xFF72, 0xFF72, 0xFF72, 0xFF72, 0xFF72,
    0xFF72, 0xFF72, 0xFF72, 0xFF72, 0xFF72, 0xFF72, 0xFF72, 0xFF72,
    0xFF72, 0xFF72, 0xFF72, 0xFF72, 0xFF72, 0xFF72, 0xFF72, 0xFF72,
    0xFF72, 0xFF72, 0xFF72, 0xFF72, 0xFF72, 0x3940, 0x3940, 0x3940,
    0x3940, 0x3940, 0x3940, 0x10C5, 0x10C5, 0x10C5, 0x10C5, 0x10C5,
    0x10C5, 0x10C5, 0x10C5, 0x10C5, 0x10C5, 0x10C5, 0x10C5, 0x10C5,
    0x10C5, 0x10C5, 0x10C5, 0x10C5, 0x10C5, 0x10C5, 0x10C5, 0x10C5,
    0x10C5, 0x10C5, 0x10C5, 0x10C5, 0x10C5, 0x10C5, 0x10C5, 0x10C5,
    0x10C5, 0x10C5, 0x10C5, 0x10C5, 0x10C5, 0x10C5, 0x10C5, 0x10C5,
    0x10C5, 0x10C5, 0x10C5, 0x10C5, 0x10C5, 0x10C5, 0x10C5, 0x10C5,
    0x10C5, 0x2902, 0x3940, 0x3940, 0x3940, 0x3940, 0x3940, 0xA468,
    0xFF72, 0xFF72, 0xFF72, 0xFF72, 0xFF72, 0xFF72, 0xFF72, 0xFF72,
    0xFF72, 0xFF72, 0xFF72, 0xFF31, 0x3940, 0x3940, 0x3940, 0x3940,
    0x3940, 0x3940, 0xF710, 0xFF72, 0xFF72, 0xFF72, 0xFF72, 0xFF72,
    0xFF72, 0xFF72, 0xFF72, 0xFF72, 0xFF72, 0xFF72, 0xFF72, 0xFF72,
    0xFF72, 0xFF72, 0xFF72, 0xFF72, 0xFF72, 0xFF72, 0xFF72, 0xFF72,
    0xFF72, 0xFF72, 0xFF72, 0xFF72, 0xFF72, 0xFF72, 0xFF72, 0xFF72,
    0xFF72, 0xFF72, 0xFF72, 0xFF72, 0xFF72, 0xFF72, 0xFF72, 0xFF72,
    0xFF72, 0xFF72, 0xFF72, 0xFF72, 0xFF72, 0xFF72, 0xFF72, 0xFF72,
    0xFF72, 0xFF72, 0xFF72, 0xFF72, 0xFF72, 0xFF72, 0xFF72, 0xFF72,
    0xFF72, 0xFF72, 0xFF72, 0xFF72, 0xFF72, 0xFF72, 0xFF72, 0xFF72,
    0xFF72, 0x5A43, 0x3940, 0x3940, 0x3940, 0x3940, 0x3940, 0x18E4,
    0x3920, 0x3940, 0x3940, 0x3940, 0x3940, 0x3940, 0xB4E9, 0xFF72,
    0xFF72, 0xFF72, 0xF6CF, 0x4181, 0x3940, 0x3940, 0x3940, 0x3940,
    0xE64D, 0xFF72, 0xFF72, 0xFF72, 0xFF72, 0xFF72, 0xFF72, 0xFF72,
    0xFF72, 0xFF72, 0xFF72, 0xEEAF, 0x3940, 0x3940, 0x3940, 0x3940,
    0x3940, 0x3940, 0x3940, 0x3940, 0x3940, 0x3940, 0x3940, 0xEEAF,
    0xFF72, 0xFF72, 0xFF72, 0xFF72, 0xFF72, 0xFF72, 0xFF72, 0xFF72,
    0xFF72, 0xFF72, 0xFF72, 0xFF72, 0xFF72, 0xFF72, 0xFF72, 0xFF72,
    0xFF72, 0xFF72, 0xFF72, 0xFF72, 0xFF72, 0xFF72, 0xFF72, 0xFF72,
    0xFF72, 0xFF72, 0xFF72, 0xFF72, 0xFF72, 0xFF72, 0xFF72, 0xFF72,
    0xFF72, 0xFF72, 0xFF72, 0xFF72, 0xFF72, 0xFF72, 0xFF72, 0xFF72,
    0xFF72, 0xFF72, 0xFF72, 0xFF72, 0xFF72, 0xFF72, 0xFF72, 0xFF72,
    0xFF72, 0xFF72, 0xFF72, 0xFF72, 0xFF72, 0x3940, 0x3940, 0x3940,
    0x3940, 0x3940, 0x3940, 0x10C5, 0x10C5, 0x10C5, 0x10C5, 0x10C5,
    0x10C5, 0x10C5, 0x10C5, 0x10C5, 0x10C5, 0x10C5, 0x10C5, 0x10C5,
    0x10C5, 0x10C5, 0x10C5, 0x10C5, 0x10C5, 0x10C5, 0x10C5, 0x10C5,
    0x10C5, 0x10C5, 0x10C5, 0x10C5, 0x10C5, 0x10C5, 0x10C5, 0x10C5,
    0x10C5, 0x10C5, 0x10C5, 0x10C5, 0x10C5, 0x10C5, 0x10C5, 0x10C5,
    0x10C5, 0x10C5, 0x10C5, 0x10C5, 0x10C5, 0x10C5, 0x10C5, 0x10C5,
    0x10C5, 0x3121, 0x3940, 0x3940, 0x3940, 0x3940, 0x3940, 0xDE2D,
    0xFF72, 0xFF72, 0xFF72, 0xFF72, 0xFF72, 0xFF72, 0xFF72, 0xFF72,
    0xFF72, 0xFF72, 0xFF72, 0xE64D, 0x3940, 0x3940, 0x3940, 0x3940,
    0x3940, 0x3940, 0xF710, 0xFF72, 0xFF72, 0xFF72, 0xFF72, 0xFF72,
    0xFF72, 0xFF72, 0xFF72, 0xFF72, 0xFF72, 0xFF72, 0xFF72, 0xFF72,
    0xFF72, 0xFF72, 0xFF72, 0xFF72, 0xFF72, 0xFF72, 0xFF72, 0xFF72,
    0xFF72, 0xFF72, 0xFF72, 0xFF72, 0xFF72, 0xFF72, 0xFF72, 0xFF72,
    0xFF72, 0xFF72, 0xFF72, 0xFF72, 0xFF72, 0xFF72, 0xFF72, 0xFF72,
    0xFF72, 0xFF72, 0xFF72, 0xFF72, 0xFF72, 0xFF72, 0xFF72, 0xFF72,
    0xFF72, 0xFF72, 0xFF72, 0xFF72, 0xFF72, 0xFF72, 0xFF72, 0xFF72,
    0xFF72, 0xFF72, 0xFF72, 0xFF72, 0xFF72, 0xFF72, 0xFF72, 0xFF72,
    0xFF72, 0x5A43, 0x3940, 0x3940, 0x3940, 0x3940, 0x3940, 0x18E4,
    0x2902, 0x3940, 0x3940, 0x3940, 0x3940, 0x3940, 0x4981, 0xFF51,
    0xFF72, 0xF6EF, 0x49A1, 0x3940, 0x3940, 0x3940, 0x3940, 0x3940,
    0xE64D, 0xFF72, 0xFF72, 0xFF72, 0xFF72, 0xFF72, 0xFF72, 0xFF72,
    0xFF72, 0xFF72, 0xFF72, 0xEEAF, 0x3940, 0x3940, 0x3940, 0x3940,
    0x3940, 0x3940, 0x3940, 0x3940, 0x3940, 0x3940, 0x3940, 0xEEAF,
    0xFF72, 0xFF72, 0xFF72, 0xFF72, 0xFF72, 0xFF72, 0xFF72, 0xFF72,
    0xFF72, 0xFF72, 0xFF72, 0xFF72, 0xFF72, 0xFF72, 0xFF72, 0xFF72,
    0xFF72, 0xFF72, 0xFF72, 0xFF72, 0xFF72, 0xFF72, 0xFF72, 0xFF72,
    0xFF72, 0xFF72, 0xFF72, 0xFF72, 0xFF72, 0xFF72, 0xFF72, 0xFF72,
    0xFF72, 0xFF72, 0xFF72, 0xFF72, 0xFF72, 0xFF72, 0xFF72, 0xFF72,
    0xFF72, 0xFF72, 0xFF72, 0xFF72, 0xFF72, 0xFF72, 0xFF72, 0xFF72,
    0xFF72, 0xFF72, 0xFF72, 0xFF72, 0xFF72, 0x3940, 0x3940, 0x3940,
    0x3940, 0x3940, 0x3940, 0x10C5, 0x10C5, 0x10C5, 0x10C5, 0x10C5,
    0x10C5, 0x10C5, 0x10C5, 0x10C5, 0x10C5, 0x10C5, 0x10C5, 0x10C5,
    0x10C5, 0x10C5, 0x10C5, 0x10C5, 0x10C5, 0x10C5, 0x10C5, 0x10C5,
    0x10C5, 0x10C5, 0x10C5, 0x10C5, 0x10C5, 0x10C5, 0x10C5, 0x10C5,
    0x10C5, 0x10C5, 0x10C5, 0x10C5, 0x10C5, 0x10C5, 0x10C5, 0x10C5,
    0x10C5, 0x10C5, 0x10C5, 0x10C5, 0x10C5, 0x10C5, 0x10C5, 0x10C5,
    0x18E4, 0x3940, 0x3940, 0x3940, 0x3940, 0x3940, 0x3940, 0xFF31,
    0xFF72, 0xFF72, 0xFF72, 0xFF72, 0xFF72, 0xFF72, 0xFF72, 0xFF72,
    0xFF72, 0xFF72, 0xFF72, 0xAC88, 0x3940, 0x3940, 0x3940, 0x3940,
    0x3940, 0x3940, 0xF710, 0xFF72, 0xFF72, 0xFF72, 0xFF72, 0xFF72,
    0xFF72, 0xFF72, 0xFF72, 0xFF72, 0xFF72, 0xFF72, 0xFF72, 0xFF72,
    0xFF72, 0xFF72, 0xFF72, 0xFF72, 0xFF72, 0xFF72, 0xFF72, 0xFF72,
    0xFF72, 0xFF72, 0xFF72, 0xFF72, 0xFF72, 0xFF72, 0xFF72, 0xFF72,
    0xFF72, 0xFF72, 0xFF72, 0xFF72, 0xFF72, 0xFF72, 0xFF72, 0xFF72,
    0xFF72, 0xFF72, 0xFF72, 0xFF72, 0xFF72, 0xFF72, 0xFF72, 0xFF72,
    0xFF72, 0xFF72, 0xFF72, 0xFF72, 0xFF72, 0xFF72, 0xFF72, 0xFF72,
    0xFF72, 0xFF72, 0xFF72, 0xFF72, 0xFF72, 0xFF72, 0xFF72, 0xFF72,
    0xFF72, 0x5A43, 0x3940, 0x3940, 0x3940, 0x3940, 0x3940, 0x18E4,
    0x18E4, 0x3940, 0x3940, 0x3940, 0x3940, 0x3940, 0x3940, 0xD5AB,
    0xF6CF, 0x49A1, 0x3940, 0x3940, 0x3940, 0x3940, 0x3940, 0x3940,
    0xE64D, 0xFF72, 0xFF72, 0xFF72, 0xFF72, 0xFF72, 0xFF72, 0xFF72,
    0xFF72, 0xFF72, 0xFF72, 0xEEAF, 0x3940, 0x3940, 0x3940, 0x3940,
    0x3940, 0x3940, 0x3940, 0x3940, 0x3940, 0x3940, 0x3940, 0xEEAF,
    0xFF72, 0xFF72, 0xFF72, 0xFF72, 0xFF72, 0xFF72, 0xFF72, 0xFF72,
    0xFF72, 0xFF72, 0xFF72, 0xFF72, 0xFF72, 0xFF72, 0xFF72, 0xFF72,
    0xFF72, 0xFF72, 0xFF72, 0xFF72, 0xFF72, 0xFF72, 0xFF72, 0xFF72,
    0xFF72, 0xFF72, 0xFF72, 0xFF72, 0xFF72, 0xFF72, 0xFF72, 0xFF72,
    0xFF72, 0xFF72, 0xFF72, 0xFF72, 0xFF72, 0xFF72, 0xFF72, 0xFF72,
    0xFF72, 0xFF72, 0xFF72, 0xFF72, 0xFF72, 0xFF72, 0xFF72, 0xFF72,
    0xFF72, 0xFF72, 0xFF72, 0xFF72, 0xFF72, 0x3940, 0x3940, 0x3940,
    0x3940, 0x3940, 0x3940, 0x10C5, 0x10C5, 0x10C5, 0x10C5, 0x10C5,
    0x10C5, 0x10C5, 0x10C5, 0x10C5, 0x10C5, 0x10C5, 0x10C5, 0x10C5,
    0x10C5, 0x10C5, 0x10C5, 0x10C5, 0x10C5, 0x10C5, 0x10C5, 0x10C5,
    0x10C5, 0x10C5, 0x10C5, 0x10C5, 0x10C5, 0x10C5, 0x10C5, 0x10C5,
    0x10C5, 0x10C5, 0x10C5, 0x10C5, 0x10C5, 0x10C5, 0x10C5, 0x10C5,
    0x10C5, 0x10C5, 0x10C5, 0x10C5, 0x10C5, 0x10C5, 0x10C5, 0x10C5,
    0x2103, 0x3940, 0x3940, 0x3940, 0x3940, 0x3940, 0x6AA3, 0xFF72,
    0xFF72, 0xFF72, 0xFF72, 0xFF72, 0xFF72, 0xFF72, 0xFF72, 0xFF72,
    0xFF72, 0xFF72, 0xFF72, 0x5A43, 0x3940, 0x3940, 0x3940, 0x3940,
    0x3940, 0x3940, 0xF710, 0xFF72, 0xFF72, 0xFF72, 0xFF72, 0xFF72,
    0xFF72, 0xFF72, 0xFF72, 0xFF72, 0xFF72, 0xFF72, 0xFF72, 0xFF72,
    0xFF72, 0xFF72, 0xFF72, 0xFF72, 0xFF72, 0xFF72, 0xFF72, 0xFF72,
    0xFF72, 0xFF72, 0xFF72, 0xFF72, 0xFF72, 0xFF72, 0xFF72, 0xFF72,
    0xFF72, 0xFF72, 0xFF72, 0xFF72, 0xFF72, 0xFF72, 0xFF72, 0xFF72,
    0xFF72, 0xFF72, 0xFF72, 0xFF72, 0xFF72, 0xFF72, 0xFF72, 0xFF72,
    0xFF72, 0xFF72, 0xFF72, 0xFF72, 0xFF72, 0xFF72, 0xFF72, 0xFF72,
    0xFF72, 0xFF72, 0xFF72, 0xFF72, 0xFF72, 0xFF72, 0xFF72, 0xFF72,
    0xFF72, 0x5A43, 0x3940, 0x3940, 0x3940, 0x3940, 0x3940, 0x18E4,
    0x10C5, 0x2902, 0x3940, 0x3940, 0x3940, 0x3940, 0x3940, 0x5202,
    0x49A1, 0x3940, 0x3940, 0x3940, 0x3940, 0x3940, 0x3940, 0x3940,
    0xE64D, 0xFF72, 0xFF72, 0xFF72, 0xFF72, 0xFF72, 0xFF72, 0xFF72,
    0xFF72, 0xFF72, 0xFF72, 0xEEAF, 0x3940, 0x3940, 0x3940, 0x3940,
    0x3940, 0x3940, 0x3940, 0x3940, 0x3940, 0x3940, 0x3940, 0xEEAF,
    0xFF72, 0xFF72, 0xFF72, 0xFF72, 0xFF72, 0xFF72, 0xFF72, 0xFF72,
    0xFF72, 0xFF72, 0xFF72, 0xFF72, 0xFF72, 0xFF72, 0xFF72, 0xFF72,
    0xFF72, 0xFF72, 0xFF72, 0xFF72, 0xFF72, 0xFF72, 0xFF72, 0xFF72,
    0xFF72, 0xFF72, 0xFF72, 0xFF72, 0xFF72, 0xFF72, 0xFF72, 0xFF72,
    0xFF72, 0xFF72, 0xFF72, 0xFF72, 0xFF72, 0xFF72, 0xFF72, 0xFF72,
    0xFF72, 0xFF72, 0xFF72, 0xFF72, 0xFF72, 0xFF72, 0xFF72, 0xFF72,
    0xFF72, 0xFF72, 0xFF72, 0xFF72, 0xFF72, 0x3940, 0x3940, 0x3940,
    0x3940, 0x3940, 0x3940, 0x10C5, 0x10C5, 0x10C5, 0x10C5, 0x10C5,
    0x10C5, 0x10C5, 0x10C5, 0x10C5, 0x10C5, 0x10C5, 0x10C5, 0x10C5,
    0x10C5, 0x10C5, 0x10C5, 0x10C5, 0x10C5, 0x10C5, 0x10C5, 0x10C5,
    0x10C5, 0x10C5, 0x10C5, 0x10C5, 0x10C5, 0x10C5, 0x10C5, 0x10C5,
    0x10C5, 0x10C5, 0x10C5, 0x10C5, 0x10C5, 0x10C5, 0x10C5, 0x10C5,
    0x10C5, 0x10C5, 0x10C5, 0x10C5, 0x10C5, 0x10C5, 0x10C5, 0x10C5,
    0x2902, 0x3940, 0x3940, 0x3940, 0x3940, 0x3940, 0xBD0A, 0xFF72,
    0xFF72, 0xFF72, 0xFF72, 0xFF72, 0xFF72, 0xFF72, 0xFF72, 0xFF72,
    0xFF72, 0xFF72, 0xFF10, 0x3940, 0x3940, 0x3940, 0x3940, 0x3940,
    0x3940, 0x3940, 0xF710, 0xFF72, 0xFF72, 0xFF72, 0xFF72, 0xFF72,
    0xFF72, 0xFF72, 0xFF72, 0xFF72, 0xFF72, 0xFF72, 0xFF72, 0xFF72,
    0xFF72, 0xFF72, 0xFF72, 0xFF72, 0xFF72, 0xFF72, 0xFF72, 0xFF72,
    0xFF72, 0xFF72, 0xFF72, 0xFF72, 0xFF72, 0xFF72, 0xFF72, 0xFF72,
    0xFF72, 0xFF72, 0xFF72, 0xFF72, 0xFF72, 0xFF72, 0xFF72, 0xFF72,
    0xFF72, 0xFF72, 0xFF72, 0xFF72, 0xFF72, 0xFF72, 0xFF72, 0xFF72,
    0xFF72, 0xFF72, 0xFF72, 0xFF72, 0xFF72, 0xFF72, 0xFF72, 0xFF72,
    0xFF72, 0xFF72, 0xFF72, 0xFF72, 0xFF72, 0xFF72, 0xFF72, 0xFF72,
    0xFF72, 0x5A43, 0x3940, 0x3940, 0x3940, 0x3940, 0x3940, 0x18E4,
    0x10C5, 0x18E4, 0x3940, 0x3940, 0x3940, 0x3940, 0x3940, 0x3940,
    0x3940, 0x3940, 0x3940, 0x3940, 0x3940, 0x3940, 0x3940, 0x3940,
    0xE64D, 0xFF72, 0xFF72, 0xFF72, 0xFF72, 0xFF72, 0xFF72, 0xFF72,
    0xFF72, 0xFF72, 0xFF72, 0xEEAF, 0x3940, 0x3940, 0x3940, 0x3940,
    0x3940, 0x3940, 0x3940, 0x3940, 0x3940, 0x3940, 0x3940, 0xEEAF,
    0xFF72, 0xFF72, 0xFF72, 0xFF72, 0xFF72, 0xFF72, 0xFF72, 0xFF72,
    0xFF72, 0xFF72, 0xFF72, 0xFF72, 0xFF72, 0xFF72, 0xFF72, 0xFF72,
    0xFF72, 0xFF72, 0xFF72, 0xFF72, 0xFF72, 0xFF72, 0xFF72, 0xFF72,
    0xFF72, 0xFF72, 0xFF72, 0xFF72, 0xFF72, 0xFF72, 0xFF72, 0xFF72,
    0xFF72, 0xFF72, 0xFF72, 0xFF72, 0xFF72, 0xFF72, 0xFF72, 0xFF72,
    0xFF72, 0xFF72, 0xFF72, 0xFF72, 0xFF72, 0xFF72, 0xFF72, 0xFF72,
    0xFF72, 0xFF72, 0xFF72, 0xFF72, 0xFF72, 0x3940, 0x3940, 0x3940,
    0x3940, 0x3940, 0x3940, 0x10C5, 0x10C5, 0x10C5, 0x10C5, 0x10C5,
    0x10C5, 0x10C5, 0x10C5, 0x10C5, 0x10C5, 0x10C5, 0x10C5, 0x10C5,
    0x10C5, 0x10C5, 0x10C5, 0x10C5, 0x10C5, 0x10C5, 0x10C5, 0x10C5,
    0x10C5, 0x10C5, 0x10C5, 0x10C5, 0x10C5, 0x10C5, 0x10C5, 0x10C5,
    0x10C5, 0x10C5, 0x10C5, 0x10C5, 0x10C5, 0x10C5, 0x10C5, 0x10C5,
    0x10C5, 0x10C5, 0x10C5, 0x10C5, 0x10C5, 0x10C5, 0x10C5, 0x10C5,
    0x3920, 0x3940, 0x3940, 0x3940, 0x3940, 0x3940, 0xEE8E, 0xFF72,
    0xFF72, 0xFF72, 0xFF72, 0xFF72, 0xFF72, 0xFF72, 0xFF72, 0xFF72,
    0xFF72, 0xFF72, 0xDE0D, 0x3940, 0x3940, 0x3940, 0x3940, 0x3940,
    0x3940, 0x3940, 0xF710, 0xFF72, 0xFF72, 0xFF72, 0xFF72, 0xFF72,
    0xFF72, 0xFF72, 0xFF72, 0xFF72, 0xFF72, 0xFF72, 0xFF72, 0xFF72,
    0xFF72, 0xFF72, 0xFF72, 0xFF72, 0xFF72, 0xFF72, 0xFF72, 0xFF72,
    0xFF72, 0xFF72, 0xFF72, 0xFF72, 0xFF72, 0xFF72, 0xFF72, 0xFF72,
    0xFF72, 0xFF72, 0xFF72, 0xFF72, 0xFF72, 0xFF72, 0xFF72, 0xFF72,
    0xFF72, 0xFF72, 0xFF72, 0xFF72, 0xFF72, 0xFF72, 0xFF72, 0xFF72,
    0xFF72, 0xFF72, 0xFF72, 0xFF72, 0xFF72, 0xFF72, 0xFF72, 0xFF72,
    0xFF72, 0xFF72, 0xFF72, 0xFF72, 0xFF72, 0xFF72, 0xFF72, 0xFF72,
    0xFF72, 0x5A43, 0x3940, 0x3940, 0x3940, 0x3940, 0x3940, 0x18E4,
    0x10C5, 0x10C5, 0x3121, 0x3940, 0x3940, 0x3940, 0x3940, 0x3940,
    0x3940, 0x3940, 0x3940, 0x3940, 0x3940, 0x3940, 0x3940, 0x3940,
    0xE64D, 0xFF72, 0xFF72, 0xFF72, 0xFF72, 0xFF72, 0xFF72, 0xFF72,
    0xFF72, 0xFF72, 0xFF72, 0xEEAF, 0x3940, 0x3940, 0x3940, 0x3940,
    0x3940, 0x3940, 0x3940, 0x3940, 0x3940, 0x3940, 0x3940, 0xEEAF,
    0xFF72, 0xFF72, 0xFF72, 0xFF72, 0xFF72, 0xFF72, 0xFF72, 0xFF72,
    0xFF72, 0xFF72, 0xFF72, 0xFF72, 0xFF72, 0xFF72, 0xFF72, 0xFF72,
    0xFF72, 0xFF72, 0xFF72, 0xFF72, 0xFF72, 0xFF72, 0xFF72, 0xFF72,
    0xFF72, 0xFF72, 0xFF72, 0xFF72, 0xFF72, 0xFF72, 0xFF72, 0xFF72,
    0xFF72, 0xFF72, 0xFF72, 0xFF72, 0xFF72, 0xFF72, 0xFF72, 0xFF72,
    0xFF72, 0xFF72, 0xFF72, 0xFF72, 0xFF72, 0xFF72, 0xFF72, 0xFF72,
    0xFF72, 0xFF72, 0xFF72, 0xFF72, 0xFF72, 0x3940, 0x3940, 0x3940,
    0x3940, 0x3940, 0x3940, 0x10C5, 0x10C5, 0x10C5, 0x10C5, 0x10C5,
    0x10C5, 0x10C5, 0x10C5, 0x10C5, 0x10C5, 0x10C5, 0x10C5, 0x10C5,
    0x10C5, 0x10C5, 0x10C5, 0x10C5, 0x10C5, 0x10C5, 0x10C5, 0x10C5,
    0x10C5, 0x10C5, 0x10C5, 0x10C5, 0x10C5, 0x10C5, 0x10C5, 0x10C5,
    0x10C5, 0x10C5, 0x10C5, 0x10C5, 0x10C5, 0x10C5, 0x10C5, 0x10C5,
    0x10C5, 0x10C5, 0x10C5, 0x10C5, 0x10C5, 0x10C5, 0x10C5, 0x18E4,
    0x3940, 0x3940, 0x3940, 0x3940, 0x3940, 0x4160, 0xFF52, 0xFF72,
    0xFF72, 0xFF72, 0xFF72, 0xFF72, 0xFF72, 0xFF72, 0xFF72, 0xFF72,
    0xFF72, 0xFF72, 0xA448, 0x3940, 0x3940, 0x3940, 0x3940, 0x3940,
    0x3940, 0x3940, 0xF710, 0xFF72, 0xFF72, 0xFF72, 0xFF72, 0xFF72,
    0xFF72, 0xFF72, 0xFF72, 0xFF72, 0xFF72, 0xFF72, 0xFF72, 0xFF72,
    0xFF72, 0xFF72, 0xFF72, 0xFF72, 0xFF72, 0xFF72, 0xFF72, 0xFF72,
    0xFF72, 0xFF72, 0xFF72, 0xFF72, 0xFF72, 0xFF72, 0xFF72, 0xFF72,
    0xFF72, 0xFF72, 0xFF72, 0xFF72, 0xFF72, 0xFF72, 0xFF72, 0xFF72,
    0xFF72, 0xFF72, 0xFF72, 0xFF72, 0xFF72, 0xFF72, 0xFF72, 0xFF72,
    0xFF72, 0xFF72, 0xFF72, 0xFF72, 0xFF72, 0xFF72, 0xFF72, 0xFF72,
    0xFF72, 0xFF72, 0xFF72, 0xFF72, 0xFF72, 0xFF72, 0xFF72, 0xFF72,
    0xFF72, 0x5A43, 0x3940, 0x3940, 0x3940, 0x3940, 0x3940, 0x18E4,
    0x10C5, 0x10C5, 0x18E4, 0x3940, 0x3940, 0x3940, 0x3940, 0x3940,
    0x3940, 0x3940, 0x3940, 0x3940, 0x3940, 0x3940, 0x3940, 0x3940,
    0xE64D, 0xFF72, 0xFF72, 0xFF72, 0xFF72, 0xFF72, 0xFF72, 0xFF72,
    0xFF72, 0xFF72, 0xFF72, 0xEEAF, 0x3940, 0x3940, 0x3940, 0x3940,
    0x3940, 0x3940, 0x3940, 0x3940, 0x3940, 0x3940, 0x3940, 0xEEAF,
    0xFF72, 0xFF72, 0xFF72, 0xFF72, 0xFF72, 0xFF72, 0xFF72, 0xFF72,
    0xFF72, 0xFF72, 0xFF72, 0xFF72, 0xFF72, 0xFF72, 0xFF72, 0xFF72,
    0xFF72, 0xFF72, 0xFF72, 0xFF72, 0xFF72, 0xFF72, 0xFF72, 0xFF72,
    0xFF72, 0xFF72, 0xFF72, 0xFF72, 0xFF72, 0xFF72, 0xFF72, 0xFF72,
    0xFF72, 0xFF72, 0xFF72, 0xFF72, 0xFF72, 0xFF72, 0xFF72, 0xFF72,
    0xFF72, 0xFF72, 0xFF72, 0xFF72, 0xFF72, 0xFF72, 0xFF72, 0xFF72,
    0xFF72, 0xFF72, 0xFF72, 0xFF72, 0xFF72, 0x3940, 0x3940, 0x3940,
    0x3940, 0x3940, 0x3940, 0x10C5, 0x10C5, 0x10C5, 0x10C5, 0x10C5,
    0x10C5, 0x10C5, 0x10C5, 0x10C5, 0x10C5, 0x10C5, 0x10C5, 0x10C5,
    0x10C5, 0x10C5, 0x10C5, 0x10C5, 0x10C5, 0x10C5, 0x10C5, 0x10C5,
    0x10C5, 0x10C5, 0x10C5, 0x10C5, 0x10C5, 0x10C5, 0x10C5, 0x10C5,
    0x10C5, 0x10C5, 0x10C5, 0x10C5, 0x10C5, 0x10C5, 0x10C5, 0x10C5,
    0x10C5, 0x10C5, 0x10C5, 0x10C5, 0x10C5, 0x10C5, 0x10C5, 0x2903,
    0x3940, 0x3940, 0x3940, 0x3940, 0x3940, 0x8BA6, 0xFF72, 0xFF72,
    0xFF72, 0xFF72, 0xFF72, 0xFF72, 0xFF72, 0xFF72, 0xFF72, 0xFF72,
    0xFF72, 0xFF72, 0x51E2, 0x3940, 0x3940, 0x3940, 0x3940, 0x3940,
    0x3940, 0x3940, 0xF710, 0xFF72, 0xFF72, 0xFF72, 0xFF72, 0xFF72,
    0xFF72, 0xFF72, 0xFF72, 0xFF72, 0xFF72, 0xFF72, 0xFF72, 0xFF72,
    0xFF72, 0xFF72, 0xFF72, 0xFF72, 0xFF72, 0xFF72, 0xFF72, 0xFF72,
    0xFF72, 0xFF72, 0xFF72, 0xFF72, 0xFF72, 0xFF72, 0xFF72, 0xFF72,
    0xFF72, 0xFF72, 0xFF72, 0xFF72, 0xFF72, 0xFF72, 0xFF72, 0xFF72,
    0xFF72, 0xFF72, 0xFF72, 0xFF72, 0xFF72, 0xFF72, 0xFF72, 0xFF72,
    0xFF72, 0xFF72, 0xFF72, 0xFF72, 0xFF72, 0xFF72, 0xFF72, 0xFF72,
    0xFF72, 0xFF72, 0xFF72, 0xFF72, 0xFF72, 0xFF72, 0xFF72, 0xFF72,
    0xFF72, 0x5A43, 0x3940, 0x3940, 0x3940, 0x3940, 0x3940, 0x18E4,
    0x10C5, 0x10C5, 0x10C5, 0x2103, 0x3940, 0x3940, 0x3940, 0x3940,
    0x3940, 0x3940, 0x3940, 0x3940, 0x3940, 0x3940, 0x3940, 0x3940,
    0xE64D, 0xFF72, 0xFF72, 0xFF72, 0xFF72, 0xFF72, 0xFF72, 0xFF72,
    0xFF72, 0xFF72, 0xFF72, 0xEEAF, 0x3940, 0x3940, 0x3940, 0x3940,
    0x3940, 0x3940, 0x3940, 0x3940, 0x3940, 0x3940, 0x3940, 0xE64E,
    0xFF31, 0xFF31, 0xFF31, 0xFF31, 0xFF31, 0xFF31, 0xFF31, 0xFF31,
    0xFF31, 0xFF31, 0xFF31, 0xFF31, 0xFF31, 0xFF31, 0xFF31, 0xFF31,
    0xFF31, 0xFF31, 0xFF31, 0xFF31, 0xFF72, 0xFF72, 0xFF72, 0xFF72,
    0xFF72, 0xFF72, 0xFF72, 0xFF72, 0xFF72, 0xFF72, 0xFF72, 0xFF51,
    0xFF31, 0xFF31, 0xFF31, 0xFF31, 0xFF31, 0xFF31, 0xFF31, 0xFF31,
    0xFF31, 0xFF31, 0xFF31, 0xFF31, 0xFF31, 0xFF31, 0xFF31, 0xFF31,
    0xFF31, 0xFF31, 0xFF31, 0xFF31, 0xFF31, 0x3940, 0x3940, 0x3940,
    0x3940, 0x3940, 0x3940, 0x10C5, 0x10C5, 0x10C5, 0x10C5, 0x10C5,
    0x10C5, 0x10C5, 0x10C5, 0x10C5, 0x10C5, 0x10C5, 0x10C5, 0x10C5,
    0x10C5, 0x10C5, 0x10C5, 0x10C5, 0x10C5, 0x10C5, 0x10C5, 0x10C5,
    0x10C5, 0x10C5, 0x10C5, 0x10C5, 0x10C5, 0x10C5, 0x10C5, 0x10C5,
    0x10C5, 0x10C5, 0x10C5, 0x10C5, 0x10C5, 0x10C5, 0x10C5, 0x10C5,
    0x10C5, 0x10C5, 0x10C5, 0x10C5, 0x10C5, 0x10C5, 0x10C5, 0x3121,
    0x3940, 0x3940, 0x3940, 0x3940, 0x3940, 0xD5CC, 0xFF72, 0xFF72,
    0xFF72, 0xFF72, 0xFF72, 0xFF72, 0xFF72, 0xFF72, 0xFF72, 0xFF72,
    0xFF72, 0xF6F0, 0x3940, 0x3940, 0x3940, 0x3940, 0x3940, 0x3940,
    0x3940, 0x3940, 0xF710, 0xFF72, 0xFF72, 0xFF72, 0xFF72, 0xFF72,
    0xFF72, 0xFF72, 0xFF72, 0xFF72, 0xF710, 0x3940, 0x3940, 0x3940,
    0x3940, 0x3940, 0x3940, 0x3940, 0x3940, 0x3940, 0x3940, 0x3940,
    0x3940, 0x3940, 0x3940, 0x3940, 0x3940, 0x3940, 0x3940, 0x3940,
    0x3940, 0x3940, 0x3940, 0x3940, 0x3940, 0x3940, 0x3940, 0x3940,
    0x3940, 0x3940, 0x3940, 0x3940, 0x3940, 0x3940, 0x3940, 0x3940,
    0x3940, 0x3940, 0x3940, 0x3940, 0x3940, 0x3940, 0xEEAF, 0xFF72,
    0xFF72, 0xFF72, 0xFF72, 0xFF72, 0xFF72, 0xFF72, 0xFF72, 0xFF72,
    0xFF72, 0x5A43, 0x3940, 0x3940, 0x3940, 0x3940, 0x3940, 0x18E4,
    0x10C5, 0x10C5, 0x10C5, 0x10C5, 0x20E3, 0x3121, 0x3940, 0x3940,
    0x3940, 0x3940, 0x3940, 0x3940, 0x3940, 0x3940, 0x3940, 0x3940,
    0xE64D, 0xFF72, 0xFF72, 0xFF72, 0xFF72, 0xFF72, 0xFF72, 0xFF72,
    0xFF72, 0xFF72, 0xFF72, 0xEEAF, 0x3940, 0x3940, 0x3940, 0x3940,
    0x3940, 0x3940, 0x3940, 0x3940, 0x3940, 0x3940, 0x3940, 0x3940,
    0x3940, 0x3940, 0x3940, 0x3940, 0x3940, 0x3940, 0x3940, 0x3940,
    0x3940, 0x3940, 0x3940, 0x3940, 0x3940, 0x3940, 0x3940, 0x3940,
    0x3940, 0x3940, 0x3940, 0x3940, 0xFF72, 0xFF72, 0xFF72, 0xFF72,
    0xFF72, 0xFF72, 0xFF72, 0xFF72, 0xFF72, 0xFF72, 0xFF72, 0x5A43,
    0x3940, 0x3940, 0x3940, 0x3940, 0x3940, 0x3940, 0x3940, 0x3940,
    0x3940, 0x3940, 0x3940, 0x3940, 0x3940, 0x3940, 0x3940, 0x3940,
    0x3940, 0x3940, 0x3940, 0x3940, 0x3940, 0x3940, 0x3940, 0x3940,
    0x3940, 0x3940, 0x3121, 0x10C5, 0x10C5, 0x10C5, 0x10C5, 0x10C5,
    0x10C5, 0x10C5, 0x10C5, 0x10C5, 0x10C5, 0x10C5, 0x10C5, 0x10C5,
    0x10C5, 0x10C5, 0x10C5, 0x10C5, 0x10C5, 0x10C5, 0x10C5, 0x10C5,
    0x10C5, 0x10C5, 0x10C5, 0x10C5, 0x10C5, 0x10C5, 0x10C5, 0x10C5,
    0x10C5, 0x10C5, 0x10C5, 0x10C5, 0x10C5, 0x10C5, 0x10C5, 0x10C5,
    0x10C5, 0x10C5, 0x10C5, 0x10C5, 0x10C5, 0x10C5, 0x18E4, 0x3940,
    0x3940, 0x3940, 0x3940, 0x3940, 0x3940, 0xF710, 0xFF72, 0xFF72,
    0xFF72, 0xFF72, 0xFF72, 0xFF72, 0xFF72, 0xFF72, 0xFF72, 0xFF72,
    0xFF72, 0xD5CC, 0x3940, 0x3940, 0x3940, 0x3940, 0x3940, 0x3940,
    0x3940, 0x3940, 0xF710, 0xFF72, 0xFF72, 0xFF72, 0xFF72, 0xFF72,
    0xFF72, 0xFF72, 0xFF72, 0xFF72, 0xF710, 0x3940, 0x3940, 0x3940,
    0x3940, 0x3940, 0x3940, 0x3940, 0x3940, 0x3940, 0x3940, 0x3940,
    0x3940, 0x3940, 0x3940, 0x3940, 0x3940, 0x3940, 0x3940, 0x3940,
    0x3940, 0x3940, 0x3940, 0x3940, 0x3940, 0x3940, 0x3940, 0x3940,
    0x3940, 0x3940, 0x3940, 0x3940, 0x3940, 0x3940, 0x3940, 0x3940,
    0x3940, 0x3940, 0x3940, 0x3940, 0x3940, 0x3940, 0xEEAF, 0xFF72,
    0xFF72, 0xFF72, 0xFF72, 0xFF72, 0xFF72, 0xFF72, 0xFF72, 0xFF72,
    0xFF72, 0x5A43, 0x3940, 0x3940, 0x3940, 0x3940, 0x3940, 0x18E4,
    0x10C5, 0x10C5, 0x10C5, 0x10C5, 0x10C5, 0x10C5, 0x18E4, 0x20E3,
    0x20E3, 0x18E4, 0x2902, 0x3940, 0x3940, 0x3940, 0x3940, 0x3940,
    0xE64D, 0xFF72, 0xFF72, 0xFF72, 0xFF72, 0xFF72, 0xFF72, 0xFF72,
    0xFF72, 0xFF72, 0xFF72, 0xEEAF, 0x3940, 0x3940, 0x3940, 0x3940,
    0x3940, 0x3940, 0x3940, 0x3940, 0x3940, 0x3940, 0x3940, 0x3940,
    0x3940, 0x3940, 0x3940, 0x3940, 0x3940, 0x3940, 0x3940, 0x3940,
    0x3940, 0x3940, 0x3940, 0x3940, 0x3940, 0x3940, 0x3940, 0x3940,
    0x3940, 0x3940, 0x3940, 0x3940, 0xFF72, 0xFF72, 0xFF72, 0xFF72,
    0xFF72, 0xFF72, 0xFF72, 0xFF72, 0xFF72, 0xFF72, 0xFF72, 0x5A43,
    0x3940, 0x3940, 0x3940, 0x3940, 0x3940, 0x3940, 0x3940, 0x3940,
    0x3940, 0x3940, 0x3940, 0x3940, 0x3940, 0x3940, 0x3940, 0x3940,
    0x3940, 0x3940, 0x3940, 0x3940, 0x3940, 0x3940, 0x3940, 0x3940,
    0x3940, 0x3940, 0x3122, 0x10C5, 0x10C5, 0x10C5, 0x10C5, 0x10C5,
    0x10C5, 0x10C5, 0x10C5, 0x10C5, 0x10C5, 0x10C5, 0x10C5, 0x10C5,
    0x10C5, 0x10C5, 0x10C5, 0x10C5, 0x10C5, 0x10C5, 0x10C5, 0x10C5,
    0x10E5, 0x10E5, 0x10E5, 0x10E5, 0x10E5, 0x10E5, 0x10E5, 0x10E5,
    0x10E5, 0x10E5, 0x10E5, 0x10E5, 0x10E5, 0x10E5, 0x10E5, 0x10E5,
    0x10E5, 0x10E5, 0x10E5, 0x10E5, 0x10E5, 0x10E5, 0x2103, 0x3940,
    0x3940, 0x3940, 0x3940, 0x3940, 0x5A22, 0xFF72, 0xFF72, 0xFF72,
    0xFF72, 0xFF72, 0xFF72, 0xFF72, 0xFF72, 0xFF72, 0xFF72, 0xFF72,
    0xFF72, 0x93E7, 0x3940, 0x3940, 0x3940, 0x3940, 0x3940, 0x3940,
    0x3940, 0x3940, 0xF710, 0xFF72, 0xFF72, 0xFF72, 0xFF72, 0xFF72,
    0xFF72, 0xFF72, 0xFF72, 0xFF72, 0xF710, 0x3940, 0x3940, 0x3940,
    0x3940, 0x3940, 0x3940, 0x3940, 0x3940, 0x3940, 0x3940, 0x3940,
    0x3940, 0x3940, 0x3940, 0x3940, 0x3940, 0x3940, 0x3940, 0x3940,
    0x3940, 0x3940, 0x3940, 0x3940, 0x3940, 0x3940, 0x3940, 0x3940,
    0x3940, 0x3940, 0x3940, 0x3940, 0x3940, 0x3940, 0x3940, 0x3940,
    0x3940, 0x3940, 0x3940, 0x3940, 0x3940, 0x3940, 0xEEAF, 0xFF72,
    0xFF72, 0xFF72, 0xFF72, 0xFF72, 0xFF72, 0xFF72, 0xFF72, 0xFF72,
    0xFF72, 0x5A43, 0x3940, 0x3940, 0x3940, 0x3940, 0x3940, 0x18E4,
    0x10E5, 0x10E5, 0x10E5, 0x10E5, 0x10E5, 0x10E5, 0x10E5, 0x10E5,
    0x10E5, 0x10E5, 0x2902, 0x3940, 0x3940, 0x3940, 0x3940, 0x3940,
    0xE64D, 0xFF72, 0xFF72, 0xFF72, 0xFF72, 0xFF72, 0xFF72, 0xFF72,
    0xFF72, 0xFF72, 0xFF72, 0xFF72, 0x3940, 0x3940, 0x3940, 0x3940,
    0x3940, 0x3121, 0x3920, 0x3940, 0x3940, 0x3940, 0x3940, 0x3940,
    0x3940, 0x3940, 0x3940, 0x3940, 0x3940, 0x3940, 0x3940, 0x3940,
    0x3940, 0x3940, 0x3940, 0x3940, 0x3940, 0x3940, 0x3940, 0x3940,
    0x3940, 0x3940, 0x3940, 0x3940, 0xFF72, 0xFF72, 0xFF72, 0xFF72,
    0xFF72, 0xFF72, 0xFF72, 0xFF72, 0xFF72, 0xFF72, 0xFF72, 0x5A43,
    0x3940, 0x3940, 0x3940, 0x3940, 0x3940, 0x3940, 0x3940, 0x3940,
    0x3940, 0x3940, 0x3940, 0x3940, 0x3940, 0x3940, 0x3940, 0x3940,
    0x3940, 0x3940, 0x3940, 0x3940, 0x3940, 0x3940, 0x3940, 0x3940,
    0x3940, 0x3940, 0x2103, 0x10E5, 0x10E5, 0x10E5, 0x10E5, 0x10E5,
    0x10E5, 0x10E5, 0x10E5, 0x10E5, 0x10E5, 0x10E5, 0x10E5, 0x10E5,
    0x10E5, 0x10E5, 0x10E5, 0x10E5, 0x10E5, 0x10E5, 0x10E5, 0x10E5,
    0x10E5, 0x10E5, 0x10E5, 0x10E5, 0x10E5, 0x10E5, 0x10E5, 0x10E5,
    0x10E5, 0x10E5, 0x10E5, 0x10E5, 0x10E5, 0x10E5, 0x10E5, 0x10E5,
    0x10E5, 0x10E5, 0x10E5, 0x10E5, 0x10E5, 0x10E5, 0x2902, 0x3940,
    0x3940, 0x3940, 0x3940, 0x3940, 0xB4A9, 0xFF72, 0xFF72, 0xFF72,
    0xFF72, 0xFF72, 0xFF72, 0xFF72, 0xFF72, 0xFF72, 0xFF72, 0xFF72,
    0xFF52, 0x4981, 0x3940, 0x3940, 0x3940, 0x3940, 0x3940, 0x3940,
    0x3940, 0x3940, 0xF710, 0xFF72, 0xFF72, 0xFF72, 0xFF72, 0xFF72,
    0xFF72, 0xFF72, 0xFF72, 0xFF72, 0xF710, 0x3940, 0x3940, 0x3940,
    0x3940, 0x3940, 0x3940, 0x3940, 0x3940, 0x3940, 0x3940, 0x3940,
    0x3940, 0x3940, 0x3940, 0x3940, 0x3940, 0x3940, 0x3940, 0x3940,
    0x3940, 0x3940, 0x3940, 0x3940, 0x3940, 0x3940, 0x3940, 0x3940,
    0x3940, 0x3940, 0x3940, 0x3940, 0x3940, 0x3940, 0x3940, 0x3940,
    0x3940, 0x3940, 0x3940, 0x3940, 0x3940, 0x3940, 0xEEAF, 0xFF72,
    0xFF72, 0xFF72, 0xFF72, 0xFF72, 0xFF72, 0xFF72, 0xFF72, 0xFF72,
    0xFF72, 0x5A43, 0x3940, 0x3940, 0x3940, 0x3940, 0x3940, 0x18E4,
    0x10E5, 0x10E5, 0x10E5, 0x10E5, 0x10E5, 0x10E5, 0x10E5, 0x10E5,
    0x10E5, 0x10E5, 0x2902, 0x3940, 0x3940, 0x3940, 0x3940, 0x3940,
    0xE64D, 0xFF72, 0xFF72, 0xFF72, 0xFF72, 0xFF72, 0xFF72, 0xFF72,
    0xFF72, 0xFF72, 0xFF72, 0xFF72, 0x3940, 0x3940, 0x3940, 0x3940,
    0x3940, 0x3121, 0x2103, 0x3940, 0x3940, 0x3940, 0x3940, 0x3940,
    0x3940, 0x3940, 0x3940, 0x3940, 0x3940, 0x3940, 0x3940, 0x3940,
    0x3940, 0x3940, 0x3940, 0x3940, 0x3940, 0x3940, 0x3940, 0x3940,
    0x3940, 0x3940, 0x3940, 0x3940, 0xFF72, 0xFF72, 0xFF72, 0xFF72,
    0xFF72, 0xFF72, 0xFF72, 0xFF72, 0xFF72, 0xFF72, 0xFF72, 0x5A43,
    0x3940, 0x3940, 0x3940, 0x3940, 0x3940, 0x3940, 0x3940, 0x3940,
    0x3940, 0x3940, 0x3940, 0x3940, 0x3940, 0x3940, 0x3940, 0x3940,
    0x3940, 0x3940, 0x3940, 0x3940, 0x3940, 0x3940, 0x3940, 0x3940,
    0x3940, 0x3122, 0x10E5, 0x10E5, 0x10E5, 0x10E5, 0x10E5, 0x10E5,
    0x10E5, 0x10E5, 0x10E5, 0x10E5, 0x10E5, 0x10E5, 0x10E5, 0x10E5,
    0x10E5, 0x10E5, 0x10E5, 0x10E5, 0x10E5, 0x10E5, 0x10E5, 0x10E5,
    0x10E5, 0x10E5, 0x10E5, 0x10E5, 0x10E5, 0x10E5, 0x10E5, 0x10E5,
    0x10E5, 0x10E5, 0x10E5, 0x10E5, 0x10E5, 0x10E5, 0x10E5, 0x10E5,
    0x10E5, 0x10E5, 0x10E5, 0x10E5, 0x10E5, 0x10E5, 0x3921, 0x3940,
    0x3940, 0x3940, 0x3940, 0x3940, 0xE66E, 0xFF72, 0xFF72, 0xFF72,
    0xFF72, 0xFF72, 0xFF72, 0xFF72, 0xFF72, 0xFF72, 0xFF72, 0xFF72,
    0xF6CF, 0x3940, 0x3940, 0x3940, 0x3940, 0x3940, 0x3940, 0x3940,
    0x3940, 0x3940, 0xF710, 0xFF72, 0xFF72, 0xFF72, 0xFF72, 0xFF72,
    0xFF72, 0xFF72, 0xFF72, 0xFF72, 0xF710, 0x3940, 0x3940, 0x3940,
    0x3940, 0x3940, 0x3940, 0x3940, 0x3940, 0x3940, 0x3940, 0x3940,
    0x3940, 0x3940, 0x3940, 0x3940, 0x3940, 0x3940, 0x3940, 0x3940,
    0x3940, 0x3940, 0x3940, 0x3940, 0x3940, 0x3940, 0x3940, 0x3940,
    0x3940, 0x3940, 0x3940, 0x3940, 0x3940, 0x3940, 0x3940, 0x3940,
    0x3940, 0x3940, 0x3940, 0x3940, 0x3940, 0x3940, 0xEEAF, 0xFF72,
    0xFF72, 0xFF72, 0xFF72, 0xFF72, 0xFF72, 0xFF72, 0xFF72, 0xFF72,
    0xFF72, 0x5A43, 0x3940, 0x3940, 0x3940, 0x3940, 0x3940, 0x18E4,
    0x10E5, 0x10E5, 0x10E5, 0x10E5, 0x10E5, 0x10E5, 0x10E5, 0x10E5,
    0x10E5, 0x10E5, 0x2902, 0x3940, 0x3940, 0x3940, 0x3940, 0x3940,
    0xE64D, 0xFF72, 0xFF72, 0xFF72, 0xFF72, 0xFF72, 0xFF72, 0xFF72,
    0xFF72, 0xFF72, 0xFF72, 0xFF72, 0x3940, 0x3940, 0x3940, 0x3940,
    0x3940, 0x3122, 0x10E5, 0x2103, 0x3940, 0x3940, 0x3940, 0x3940,
    0x3940, 0x3940, 0x3940, 0x3940, 0x3940, 0x3940, 0x3940, 0x3940,
    0x3940, 0x3940, 0x3940, 0x3940, 0x3940, 0x3940, 0x3940, 0x3940,
    0x3940, 0x3940, 0x3940, 0x3940, 0xFF72, 0xFF72, 0xFF72, 0xFF72,
    0xFF72, 0xFF72, 0xFF72, 0xFF72, 0xFF72, 0xFF72, 0xFF72, 0x5A43,
    0x3940, 0x3940, 0x3940, 0x3940, 0x3940, 0x3940, 0x3940, 0x3940,
    0x3940, 0x3940, 0x3940, 0x3940, 0x3940, 0x3940, 0x3940, 0x3940,
    0x3940, 0x3940, 0x3940, 0x3940, 0x3940, 0x3940, 0x3940, 0x3940,
    0x2922, 0x18E5, 0x10E5, 0x10E5, 0x10E5, 0x10E5, 0x10E5, 0x10E5,
    0x10E5, 0x10E5, 0x10E5, 0x10E5, 0x10E5, 0x10E5, 0x10E5, 0x10E5,
    0x10E5, 0x10E5, 0x10E5, 0x10E5, 0x10E5, 0x10E5, 0x10E5, 0x10E5,
    0x10E5, 0x10E5, 0x10E5, 0x10E5, 0x10E5, 0x10E5, 0x10E5, 0x10E5,
    0x10E5, 0x10E5, 0x10E5, 0x10E5, 0x10E5, 0x10E5, 0x10E5, 0x10E5,
    0x10E5, 0x10E5, 0x10E5, 0x10E5, 0x10E5, 0x18E4, 0x3940, 0x3940,
    0x3940, 0x3940, 0x3940, 0x4160, 0xFF52, 0xFF72, 0xFF72, 0xFF72,
    0xFF72, 0xFF72, 0xFF72, 0xFF72, 0xFF72, 0xFF72, 0xFF72, 0xFF72,
    0xCD6B, 0x3940, 0x3940, 0x3940, 0x3940, 0x3940, 0x3940, 0x3940,
    0x3940, 0x3940, 0xF710, 0xFF72, 0xFF72, 0xFF72, 0xFF72, 0xFF72,
    0xFF72, 0xFF72, 0xFF72, 0xFF72, 0xF710, 0x3940, 0x3940, 0x3940,
    0x3940, 0x3940, 0x3940, 0x3940, 0x3940, 0x3940, 0x3940, 0x3940,
    0x3940, 0x3940, 0x3940, 0x3940, 0x3940, 0x3940, 0x3940, 0x3940,
    0x3940, 0x3940, 0x3940, 0x3940, 0x3940, 0x3940, 0x3940, 0x3940,
    0x3940, 0x3940, 0x3940, 0x3940, 0x3940, 0x3940, 0x3940, 0x3940,
    0x3940, 0x3940, 0x3940, 0x3940, 0x3940, 0x3940, 0xEEAF, 0xFF72,
    0xFF72, 0xFF72, 0xFF72, 0xFF72, 0xFF72, 0xFF72, 0xFF72, 0xFF72,
    0xFF72, 0x5A43, 0x3940, 0x3940, 0x3940, 0x3940, 0x3940, 0x18E4,
    0x10E5, 0x10E5, 0x10E5, 0x10E5, 0x10E5, 0x10E5, 0x10E5, 0x10E5,
    0x10E5, 0x10E5, 0x2902, 0x3940, 0x3940, 0x3940, 0x3940, 0x3940,
    0xE64D, 0xFF72, 0xFF72, 0xFF72, 0xFF72, 0xFF72, 0xFF72, 0xFF72,
    0xFF72, 0xFF72, 0xFF72, 0xFF72, 0x3940, 0x3940, 0x3940, 0x3940,
    0x3940, 0x3122, 0x10E5, 0x10E5, 0x18E4, 0x2902, 0x3121, 0x3921,
    0x3921, 0x3921, 0x3921, 0x3921, 0x3921, 0x3921, 0x3921, 0x3921,
    0x3921, 0x3921, 0x3921, 0x3921, 0x3921, 0x3921, 0x3940, 0x3940,
    0x3940, 0x3940, 0x3940, 0x3940, 0xFF72, 0xFF72, 0xFF72, 0xFF72,
    0xFF72, 0xFF72, 0xFF72, 0xFF72, 0xFF72, 0xFF72, 0xFF72, 0x5A43,
    0x3940, 0x3940, 0x3940, 0x3940, 0x3940, 0x3921, 0x3921, 0x3921,
    0x3921, 0x3921, 0x3921, 0x3921, 0x3921, 0x3921, 0x3921, 0x3921,
    0x3921, 0x3921, 0x3921, 0x3921, 0x3921, 0x3121, 0x2902, 0x20E3,
    0x10E5, 0x10E5, 0x10E5, 0x10E5, 0x10E5, 0x10E5, 0x10E5, 0x10E5,
    0x10E5, 0x10E5, 0x10E5, 0x10E5, 0x10E5, 0x10E5, 0x10E5, 0x10E5,
    0x10E5, 0x10E5, 0x10E5, 0x10E5, 0x10E5, 0x10E5, 0x10E5, 0x10E5,
    0x10E5, 0x10E5, 0x10E5, 0x10E5, 0x10E5, 0x10E5, 0x10E5, 0x10E5,
    0x10E5, 0x10E5, 0x10E5, 0x10E5, 0x10E5, 0x10E5, 0x10E5, 0x10E5,
    0x10E5, 0x10E5, 0x10E5, 0x10E5, 0x10E5, 0x2903, 0x3940, 0x3940,
    0x3940, 0x3940, 0x3940, 0x8B86, 0xFF72, 0xFF72, 0xFF72, 0xFF72,
    0xFF72, 0xFF72, 0xFF72, 0xFF72, 0xFF72, 0xFF72, 0xFF72, 0xFF72,
    0x8345, 0x3940, 0x3940, 0x3940, 0x3940, 0x3940, 0x3940, 0x3940,
    0x3940, 0x3940, 0xF710, 0xFF72, 0xFF72, 0xFF72, 0xFF72, 0xFF72,
    0xFF72, 0xFF72, 0xFF72, 0xFF72, 0xFF52, 0xF710, 0xF710, 0xF710,
    0xF710, 0xF710, 0xF710, 0xF710, 0xF710, 0xF710, 0xF710, 0xF710,
    0xF710, 0xF710, 0xF710, 0xF710, 0xF710, 0xF710, 0xF710, 0xF710,
    0xF710, 0xF710, 0xF710, 0xF710, 0xF710, 0xF710, 0xF710, 0xF710,
    0xF710, 0xF710, 0xF710, 0xF710, 0xF710, 0xF710, 0xF710, 0xF710,
    0xF710, 0xF710, 0xF710, 0xF710, 0xF710, 0xF710, 0xFF52, 0xFF72,
    0xFF72, 0xFF72, 0xFF72, 0xFF72, 0xFF72, 0xFF72, 0xFF72, 0xFF72,
    0xFF72, 0x5A43, 0x3940, 0x3940, 0x3940, 0x3940, 0x3940, 0x18E4,
    0x10E5, 0x10E5, 0x10E5, 0x10E5, 0x10E5, 0x10E5, 0x10E5, 0x10E5,
    0x10E5, 0x10E5, 0x2902, 0x3940, 0x3940, 0x3940, 0x3940, 0x3940,
    0xE64D, 0xFF72, 0xFF72, 0xFF72, 0xFF72, 0xFF72, 0xFF72, 0xFF72,
    0xFF72, 0xFF72, 0xFF72, 0xFF72, 0xFF72, 0xFF72, 0xFF72, 0xFF72,
    0x3940, 0x3122, 0x10E5, 0x10E5, 0x10E5, 0x10E5, 0x10E5, 0x10E5,
    0x10E5, 0x10E5, 0x10E5, 0x10E5, 0x10E5, 0x10E5, 0x10E5, 0x10E5,
    0x10E5, 0x10E5, 0x10E5, 0x10E5, 0x10E5, 0x10E5, 0x3940, 0x3940,
    0x3940, 0x3940, 0x3940, 0x3940, 0xFF72, 0xFF72, 0xFF72, 0xFF72,
    0xFF72, 0xFF72, 0xFF72, 0xFF72, 0xFF72, 0xFF72, 0xFF72, 0x5A43,
    0x3940, 0x3940, 0x3940, 0x3940, 0x3940, 0x18E4, 0x10E5, 0x10E5,
    0x10E5, 0x10E5, 0x10E5, 0x10E5, 0x10E5, 0x10E5, 0x10E5, 0x10E5,
    0x10E5, 0x10E5, 0x10E5, 0x10E5, 0x10E5, 0x10E5, 0x10E5, 0x10E5,
    0x10E5, 0x10E5, 0x10E5, 0x10E5, 0x10E5, 0x10E5, 0x10E5, 0x10E5,
    0x10E5, 0x10E5, 0x10E5, 0x10E5, 0x10E5, 0x10E5, 0x10E5, 0x10E5,
    0x10E5, 0x10E5, 0x10E5, 0x10E5, 0x10E5, 0x10E5, 0x10E5, 0x10E5,
    0x10E5, 0x10E5, 0x10E5, 0x10E5, 0x10E5, 0x10E5, 0x10E5, 0x10E5,
    0x10E5, 0x10E5, 0x10E5, 0x10E5, 0x10E5, 0x10E5, 0x10E5, 0x10E5,
    0x10E5, 0x10E5, 0x10E5, 0x10E5, 0x10E5, 0x3121, 0x3940, 0x3940,
    0x3940, 0x3940, 0x3940, 0xD5CC, 0xFF72, 0xFF72, 0xFF72, 0xFF72,
    0xFF72, 0xFF72, 0xFF72, 0xFF72, 0xFF72, 0xFF72, 0xFF72, 0xFF52,
    0x4140, 0x3940, 0x3940, 0x3940, 0x3940, 0x3940, 0x3940, 0x3940,
    0x3940, 0x3940, 0xF710, 0xFF72, 0xFF72, 0xFF72, 0xFF72, 0xFF72,
    0xFF72, 0xFF72, 0xFF72, 0xFF72, 0xFF72, 0xFF72, 0xFF72, 0xFF72,
    0xFF72, 0xFF72, 0xFF72, 0xFF72, 0xFF72, 0xFF72, 0xFF72, 0xFF72,
    0xFF72, 0xFF72, 0xFF72, 0xFF72, 0xFF72, 0xFF72, 0xFF72, 0xFF72,
    0xFF72, 0xFF72, 0xFF72, 0xFF72, 0xFF72, 0xFF72, 0xFF72, 0xFF72,
    0xFF72, 0xFF72, 0xFF72, 0xFF72, 0xFF72, 0xFF72, 0xFF72, 0xFF72,
    0xFF72, 0xFF72, 0xFF72, 0xFF72, 0xFF72, 0xFF72, 0xFF72, 0xFF72,
    0xFF72, 0xFF72, 0xFF72, 0xFF72, 0xFF72, 0xFF72, 0xFF72, 0xFF72,
    0xFF72, 0x5A43, 0x3940, 0x3940, 0x3940, 0x3940, 0x3940, 0x18E4,
    0x10E5, 0x10E5, 0x10E5, 0x10E5, 0x10E5, 0x10E5, 0x10E5, 0x10E5,
    0x10E5, 0x10E5, 0x2902, 0x3940, 0x3940, 0x3940, 0x3940, 0x3940,
    0xE64D, 0xFF72, 0xFF72, 0xFF72, 0xFF72, 0xFF72, 0xFF72, 0xFF72,
    0xFF72, 0xFF72, 0xFF72, 0xFF72, 0x3940, 0x3940, 0x3940, 0x3940,
    0x3940, 0x3122, 0x10E5, 0x10E5, 0x10E5, 0x10E5, 0x10E5, 0x10E5,
    0x10E5, 0x10E5, 0x10E5, 0x10E5, 0x10E5, 0x10E5, 0x10E5, 0x10E5,
    0x10E5, 0x10E5, 0x10E5, 0x10E5, 0x10E5, 0x10E5, 0x3940, 0x3940,
    0x3940, 0x3940, 0x3940, 0x3940, 0xFF72, 0xFF72, 0xFF72, 0xFF72,
    0xFF72, 0xFF72, 0xFF72, 0xFF72, 0xFF72, 0xFF72, 0xFF72, 0x5A43,
    0x3940, 0x3940, 0x3940, 0x3940, 0x3940, 0x18E4, 0x10E5, 0x10E5,
    0x10E5, 0x10E5, 0x10E5, 0x10E5, 0x10E5, 0x10E5, 0x10E5, 0x10E5,
    0x10E5, 0x10E5, 0x10E5, 0x10E5, 0x10E5, 0x10E5, 0x10E5, 0x10E5,
    0x10E5, 0x10E5, 0x10E5, 0x10E5, 0x10E5, 0x10E5, 0x10E5, 0x10E5,
    0x10E5, 0x10E5, 0x10E5, 0x10E5, 0x10E5, 0x10E5, 0x10E5, 0x10E5,
    0x10E5, 0x10E5, 0x10E5, 0x10E5, 0x10E5, 0x10E5, 0x10E5, 0x10E5,
    0x10E5, 0x10E5, 0x10E5, 0x10E5, 0x10E5, 0x10E5, 0x10E5, 0x10E5,
    0x10E5, 0x10E5, 0x10E5, 0x10E5, 0x10E5, 0x10E5, 0x10E5, 0x10E5,
    0x10E5, 0x10E5, 0x10E5, 0x10E5, 0x18E4, 0x3940, 0x3940, 0x3940,
    0x3940, 0x3940, 0x3940, 0xFF10, 0xFF72, 0xFF72, 0xFF72, 0xFF72,
    0xFF72, 0xFF72, 0xFF72, 0xFF72, 0xFF72, 0xFF72, 0xFF72, 0xEE8E,
    0x3940, 0x3940, 0x3940, 0x3940, 0x3940, 0x3940, 0x3940, 0x3940,
    0x3940, 0x3940, 0xF710, 0xFF72, 0xFF72, 0xFF72, 0xFF72, 0xFF72,
    0xFF72, 0xFF72, 0xFF72, 0xFF72, 0xFF72, 0xFF72, 0xFF72, 0xFF72,
    0xFF72, 0xFF72, 0xFF72, 0xFF72, 0xFF72, 0xFF72, 0xFF72, 0xFF72,
    0xFF72, 0xFF72, 0xFF72, 0xFF72, 0xFF72, 0xFF72, 0xFF72, 0xFF72,
    0xFF72, 0xFF72, 0xFF72, 0xFF72, 0xFF72, 0xFF72, 0xFF72, 0xFF72,
    0xFF72, 0xFF72, 0xFF72, 0xFF72, 0xFF72, 0xFF72, 0xFF72, 0xFF72,
    0xFF72, 0xFF72, 0xFF72, 0xFF72, 0xFF72, 0xFF72, 0xFF72, 0xFF72,
    0xFF72, 0xFF72, 0xFF72, 0xFF72, 0xFF72, 0xFF72, 0xFF72, 0xFF72,
    0xFF72, 0x5A43, 0x3940, 0x3940, 0x3940, 0x3940, 0x3940, 0x18E4,
    0x10E5, 0x10E5, 0x10E5, 0x10E5, 0x10E5, 0x10E5, 0x10E5, 0x10E5,
    0x10E5, 0x10E5, 0x2902, 0x3940, 0x3940, 0x3940, 0x3940, 0x3940,
    0xE64D, 0xFF72, 0xFF72, 0xFF72, 0xFF72, 0xFF72, 0xFF72, 0xFF72,
    0xFF72, 0xFF72, 0xFF72, 0xFF72, 0x3940, 0x3940, 0x3940, 0x3940,
    0x3940, 0x3122, 0x10E5, 0x10E5, 0x10E5, 0x10E5, 0x10E5, 0x10E5,
    0x10E5, 0x10E5, 0x10E5, 0x10E5, 0x10E5, 0x10E5, 0x10E5, 0x10E5,
    0x10E5, 0x10E5, 0x10E5, 0x10E5, 0x10E5, 0x10E5, 0x3940, 0x3940,
    0x3940, 0x3940, 0x3940, 0x3940, 0xFF72, 0xFF72, 0xFF72, 0xFF72,
    0xFF72, 0xFF72, 0xFF72, 0xFF72, 0xFF72, 0xFF72, 0xFF72, 0x5A43,
    0x3940, 0x3940, 0x3940, 0x3940, 0x3940, 0x18E4, 0x10E5, 0x10E5,
    0x10E5, 0x10E5, 0x10E5, 0x10E5, 0x10E5, 0x10E5, 0x10E5, 0x10E5,
    0x10E5, 0x10E5, 0x10E5, 0x10E5, 0x10E5, 0x10E5, 0x10E5, 0x10E5,
    0x10E5, 0x10E5, 0x10E5, 0x10E5, 0x10E5, 0x10E5, 0x10E5, 0x10E5,
    0x10E5, 0x10E5, 0x10E5, 0x10E5, 0x10E5, 0x10E5, 0x10E5, 0x10E5,
    0x10E5, 0x10E5, 0x10E5, 0x10E5, 0x10E5, 0x10E5, 0x10E5, 0x10E5,
    0x10E5, 0x10E5, 0x10E5, 0x10E5, 0x10E5, 0x10E5, 0x10E5, 0x10E5,
    0x10E5, 0x10E5, 0x10E5, 0x10E5, 0x10E5, 0x10E5, 0x10E5, 0x10E5,
    0x10E5, 0x10E5, 0x10E5, 0x10E5, 0x2103, 0x3940, 0x3940, 0x3940,
    0x3940, 0x3940, 0x6263, 0xFF72, 0xFF72, 0xFF72, 0xFF72, 0xFF72,
    0xFF72, 0xFF72, 0xFF72, 0xFF72, 0xFF72, 0xFF72, 0xFF72, 0xB4E9,
    0x3940, 0x3940, 0x3940, 0x3940, 0x3940, 0x3940, 0x3940, 0x3940,
    0x3940, 0x3940, 0xF710, 0xFF72, 0xFF72, 0xFF72, 0xFF72, 0xFF72,
    0xFF72, 0xFF72, 0xFF72, 0xFF72, 0xFF72, 0xFF72, 0xFF72, 0xFF72,
    0xFF72, 0xFF72, 0xFF72, 0xFF72, 0xFF72, 0xFF72, 0xFF72, 0xFF72,
    0xFF72, 0xFF72, 0xFF72, 0xFF72, 0xFF72, 0xFF72, 0xFF72, 0xFF72,
    0xFF72, 0xFF72, 0xFF72, 0xFF72, 0xFF72, 0xFF72, 0xFF72, 0xFF72,
    0xFF72, 0xFF72, 0xFF72, 0xFF72, 0xFF72, 0xFF72, 0xFF72, 0xFF72,
    0xFF72, 0xFF72, 0xFF72, 0xFF72, 0xFF72, 0xFF72, 0xFF72, 0xFF72,
    0xFF72, 0xFF72, 0xFF72, 0xFF72, 0xFF72, 0xFF72, 0xFF72, 0xFF72,
    0xFF72, 0x5A43, 0x3940, 0x3940, 0x3940, 0x3940, 0x3940, 0x18E4,
    0x10E5, 0x10E5, 0x10E5, 0x10E5, 0x10E5, 0x10E5, 0x10E5, 0x10E5,
    0x10E5, 0x10E5, 0x2902, 0x3940, 0x3940, 0x3940, 0x3940, 0x3940,
    0xE64D, 0xFF72, 0xFF72, 0xFF72, 0xFF72, 0xFF72, 0xFF72, 0xFF72,
    0xFF72, 0xFF72, 0xFF72, 0xFF72, 0x3940, 0x3940, 0x3940, 0x3940,
    0x3940, 0x3122, 0x10E5, 0x10E5, 0x10E5, 0x10E5, 0x10E5, 0x10E5,
    0x10E5, 0x10E5, 0x10E5, 0x10E5, 0x10E5, 0x10E5, 0x10E5, 0x10E5,
    0x10E5, 0x10E5, 0x10E5, 0x10E5, 0x10E5, 0x10E5, 0x3940, 0x3940,
    0x3940, 0x3940, 0x3940, 0x3940, 0xFF72, 0xFF72, 0xFF72, 0xFF72,
    0xFF72, 0xFF72, 0xFF72, 0xFF72, 0xFF72, 0xFF72, 0xFF72, 0x5A43,
    0x3940, 0x3940, 0x3940, 0x3940, 0x3940, 0x18E4, 0x10E5, 0x10E5,
    0x10E5, 0x10E5, 0x10E5, 0x10E5, 0x10E5, 0x10E5, 0x10E5, 0x10E5,
    0x10E5, 0x10E5, 0x10E5, 0x10E5, 0x10E5, 0x10E5, 0x10E5, 0x10E5,
    0x10E5, 0x10E5, 0x10E5, 0x10E5, 0x10E5, 0x10E5, 0x10E5, 0x10E5,
    0x10E5, 0x10E5, 0x10E5, 0x10E5, 0x10E5, 0x10E5, 0x10E5, 0x10E5,
    0x10E5, 0x10E5, 0x10E5, 0x10E5, 0x10E5, 0x10E5, 0x10E5, 0x10E5,
    0x10E5, 0x10E5, 0x10E5, 0x10E5, 0x10E5, 0x10E5, 0x10E5, 0x10E5,
    0x10E5, 0x10E5, 0x10E5, 0x10E5, 0x10E5, 0x10E5, 0x10E5, 0x10E5,
    0x10E5, 0x10E5, 0x10E5, 0x10E5, 0x3121, 0x3940, 0x3940, 0x3940,
    0x3940, 0x3940, 0xFF72, 0xFF72, 0xFF72, 0xFF72, 0xFF72, 0xFF72,
    0xFF72, 0xFF72, 0xFF72, 0xFF72, 0xFF72, 0xFF72, 0xFF72, 0x6A83,
    0x3940, 0x3940, 0x3940, 0x3940, 0x3940, 0x3940, 0x3940, 0x3940,
    0x3940, 0x3940, 0xF710, 0xFF72, 0xFF72, 0xFF72, 0xFF72, 0xFF72,
    0xFF72, 0xFF72, 0xFF72, 0xFF72, 0xFF72, 0xFF72, 0xFF72, 0xFF72,
    0xFF72, 0xFF72, 0xFF72, 0xFF72, 0xFF72, 0xFF72, 0xFF72, 0xFF72,
    0xFF72, 0xFF72, 0xFF72, 0xFF72, 0xFF72, 0xFF72, 0xFF72, 0xFF72,
    0xFF72, 0xFF72, 0xFF72, 0xFF72, 0xFF72, 0xFF72, 0xFF72, 0xFF72,
    0xFF72, 0xFF72, 0xFF72, 0xFF72, 0xFF72, 0xFF72, 0xFF72, 0xFF72,
    0xFF72, 0xFF72, 0xFF72, 0xFF72, 0xFF72, 0xFF72, 0xFF72, 0xFF72,
    0xFF72, 0xFF72, 0xFF72, 0xFF72, 0xFF72, 0xFF72, 0xFF72, 0xFF72,
    0xFF72, 0x5A43, 0x3940, 0x3940, 0x3940, 0x3940, 0x3940, 0x18E4,
    0x10E5, 0x10E5, 0x10E5, 0x10E5, 0x10E5, 0x10E5, 0x10E5, 0x10E5,
    0x10E5, 0x10E5, 0x2902, 0x3940, 0x3940, 0x3940, 0x3940, 0x3940,
    0xE64D, 0xFF72, 0xFF72, 0xFF72, 0xFF72, 0xFF72, 0xFF72, 0xFF72,
    0xFF72, 0xFF72, 0xFF72, 0xFF72, 0x3940, 0x3940, 0x3940, 0x3940,
    0x3940, 0x3122, 0x10E5, 0x10E5, 0x10E5, 0x10E5, 0x10E5, 0x10E5,
    0x10E5, 0x10E5, 0x10E5, 0x10E5, 0x10E5, 0x10E5, 0x10E5, 0x10E5,
    0x10E5, 0x10E5, 0x10E5, 0x10E5, 0x10E5, 0x10E5, 0x3940, 0x3940,
    0x3940, 0x3940, 0x3940, 0x3940, 0xFF72, 0xFF72, 0xFF72, 0xFF72,
    0xFF72, 0xFF72, 0xFF72, 0xFF72, 0xFF72, 0xFF72, 0xFF72, 0x5A43,
    0x3940, 0x3940, 0x3940, 0x3940, 0x3940, 0x18E4, 0x10E5, 0x10E5,
    0x10E5, 0x10E5, 0x10E5, 0x10E5, 0x10E5, 0x10E5, 0x10E5, 0x10E5,
    0x10E5, 0x10E5, 0x10E5, 0x10E5, 0x10E5, 0x10E5, 0x10E5, 0x10E5,
    0x10E5, 0x10E5, 0x10E5, 0x10E5, 0x10E5, 0x10E5, 0x10E5, 0x10E5,
    0x10E5, 0x10E5, 0x10E5, 0x10E5, 0x10E5, 0x10E5, 0x10E5, 0x10E5,
    0x10E5, 0x10E5, 0x10E5, 0x10E5, 0x10E5, 0x10E5, 0x10E5, 0x10E5,
    0x10E5, 0x10E5, 0x10E5, 0x10E5, 0x10E5, 0x10E5, 0x10E5, 0x10E5,
    0x10E5, 0x10E5, 0x10E5, 0x10E5, 0x10E5, 0x10E5, 0x10E5, 0x10E5,
    0x10E5, 0x10E5, 0x10E5, 0x18E5, 0x3940, 0x3940, 0x3940, 0xFF72,
    0xFF72, 0xFF72, 0xFF72, 0xFF72, 0xFF72, 0xFF72, 0xFF72, 0xFF72,
    0xFF72, 0xFF72, 0xFF72, 0xFF72, 0xFF72, 0xFF72, 0xFF31, 0x3940,
    0x3940, 0x3940, 0x3940, 0x3940, 0x3940, 0x3940, 0x3940, 0x3940,
    0x3940, 0x3940, 0xF710, 0xFF72, 0xFF72, 0xFF72, 0xFF72, 0xFF72,
    0xFF72, 0xFF72, 0xFF72, 0xFF72, 0xFF72, 0xFF72, 0xFF72, 0xFF72,
    0xFF72, 0xFF72, 0xFF72, 0xFF72, 0xFF72, 0xFF72, 0xFF72, 0xFF72,
    0xFF72, 0xFF72, 0xFF72, 0xFF72, 0xFF72, 0xFF72, 0xFF72, 0xFF72,
    0xFF72, 0xFF72, 0xFF72, 0xFF72, 0xFF72, 0xFF72, 0xFF72, 0xFF72,
    0xFF72, 0xFF72, 0xFF72, 0xFF72, 0xFF72, 0xFF72, 0xFF72, 0xFF72,
    0xFF72, 0xFF72, 0xFF72, 0xFF72, 0xFF72, 0xFF72, 0xFF72, 0xFF72,
    0xFF72, 0xFF72, 0xFF72, 0xFF72, 0xFF72, 0xFF72, 0xFF72, 0xFF72,
    0xFF72, 0x5A43, 0x3940, 0x3940, 0x3940, 0x3940, 0x3940, 0x18E4,
    0x10E5, 0x10E5, 0x10E5, 0x10E5, 0x10E5, 0x10E5, 0x10E5, 0x10E5,
    0x10E5, 0x10E5, 0x2902, 0x3940, 0x3940, 0x3940, 0x3940, 0x3940,
    0xE64D, 0xFF72, 0xFF72, 0xFF72, 0xFF72, 0xFF72, 0xFF72, 0xFF72,
    0xFF72, 0xFF72, 0xFF72, 0xEEAF, 0x3940, 0x3940, 0x3940, 0x3940,
    0x3940, 0x3122, 0x10E5, 0x10E5, 0x10E5, 0x10E5, 0x10E5, 0x10E5,
    0x10E5, 0x10E5, 0x10E5, 0x10E5, 0x10E5, 0x10E5, 0x10E5, 0x10E5,
    0x10E5, 0x10E5, 0x10E5, 0x10E5, 0x10E5, 0x10E5, 0x3940, 0x3940,
    0x3940, 0x3940, 0x3940, 0x3940, 0xFF72, 0xFF72, 0xFF72, 0xFF72,
    0xFF72, 0xFF72, 0xFF72, 0xFF72, 0xFF72, 0xFF72, 0xFF72, 0x5A43,
    0x3940, 0x3940, 0x3940, 0x3940, 0x3940, 0x18E4, 0x10E5, 0x10E5,
    0x10E5, 0x10E5, 0x10E5, 0x10E5, 0x10E5, 0x10E5, 0x10E5, 0x10E5,
    0x10E5, 0x10E5, 0x10E5, 0x10E5, 0x10E5, 0x10E5, 0x10E5, 0x10E5,
    0x10E5, 0x10E5, 0x10E5, 0x10E5, 0x10E5, 0x10E5, 0x10E5, 0x10E5,
    0x10E5, 0x10E5, 0x10E5, 0x10E5, 0x10E5, 0x10E5, 0x10E5, 0x10E5,
    0x10E5, 0x10E5, 0x10E5, 0x10E5, 0x10E5, 0x10E5, 0x10E5, 0x10E5,
    0x10E5, 0x10E5, 0x10E5, 0x10E5, 0x10E5, 0x10E5, 0x10E5, 0x10E5,
    0x10E5, 0x10E5, 0x10E5, 0x10E5, 0x10E5, 0x10E5, 0x10E5, 0x10E5,
    0x10E5, 0x10E5, 0x10E5, 0x2103, 0x3940, 0x3940, 0x3940, 0x3940,
    0x3940, 0x51C2, 0xFF72, 0xFF72, 0xFF72, 0xFF72, 0xFF72, 0xFF72,
    0xFF72, 0xFF72, 0xFF72, 0xFF72, 0xFF72, 0xFF72, 0xDE0D, 0x3940,
    0x3940, 0x3940, 0x3940, 0x3940, 0x3940, 0x3940, 0x3940, 0x3940,
    0x3940, 0x3940, 0xF710, 0xFF72, 0xFF72, 0xFF72, 0xFF72, 0xFF72,
    0xFF72, 0xFF72, 0xFF72, 0xFF72, 0xFF72, 0xFF72, 0xFF72, 0xFF72,
    0xFF72, 0xFF72, 0xFF72, 0xFF72, 0xFF72, 0xFF72, 0xFF72, 0xFF72,
    0xFF72, 0xFF72, 0xFF72, 0xFF72, 0xFF72, 0xFF72, 0xFF72, 0xFF72,
    0xFF72, 0xFF72, 0xFF72, 0xFF72, 0xFF72, 0xFF72, 0xFF72, 0xFF72,
    0xFF72, 0xFF72, 0xFF72, 0xFF72, 0xFF72, 0xFF72, 0xFF72, 0xFF72,
    0xFF72, 0xFF72, 0xFF72, 0xFF72, 0xFF72, 0xFF72, 0xFF72, 0xFF72,
    0xFF72, 0xFF72, 0xFF72, 0xFF72, 0xFF72, 0xFF72, 0xFF72, 0xFF72,
    0xFF72, 0x5A43, 0x3940, 0x3940, 0x3940, 0x3940, 0x3940, 0x18E4,
    0x10E5, 0x10E5, 0x10E5, 0x10E5, 0x10E5, 0x10E5, 0x10E5, 0x10E5,
    0x10E5, 0x10E5, 0x2902, 0x3940, 0x3940, 0x3940, 0x3940, 0x3940,
    0xE64D, 0xFF72, 0xFF72, 0xFF72, 0xFF72, 0xFF72, 0xFF72, 0xFF72,
    0xFF72, 0xFF72, 0xFF72, 0xEEAF, 0x3940, 0x3940, 0x3940, 0x3940,
    0x3940, 0x3122, 0x10E5, 0x10E5, 0x10E5, 0x10E5, 0x10E5, 0x10E5,
    0x10E5, 0x10E5, 0x10E5, 0x10E5, 0x10E5, 0x10E5, 0x10E5, 0x10E5,
    0x10E5, 0x10E5, 0x10E5, 0x10E5, 0x10E5, 0x10E5, 0x3940, 0x3940,
    0x3940, 0x3940, 0x3940, 0x3940, 0xFF72, 0xFF72, 0xFF72, 0xFF72,
    0xFF72, 0xFF72, 0xFF72, 0xFF72, 0xFF72, 0xFF72, 0xFF72, 0x5A43,
    0x3940, 0x3940, 0x3940, 0x3940, 0x3940, 0x18E4, 0x10E5, 0x10E5,
    0x10E5, 0x10E5, 0x10E5, 0x10E5, 0x10E5, 0x10E5, 0x10E5, 0x10E5,
    0x10E5, 0x10E5, 0x10E5, 0x10E5, 0x10E5, 0x10E5, 0x10E5, 0x10E5,
    0x10E5, 0x10E5, 0x10E5, 0x10E5, 0x10E5, 0x10E5, 0x10E5, 0x10E5,
    0x10E5, 0x10E5, 0x10E5, 0x10E5, 0x10E5, 0x10E5, 0x10E5, 0x10E5,
    0x10E5, 0x10E5, 0x10E5, 0x10E5, 0x10E5, 0x10E5, 0x10E5, 0x10E5,
    0x10E5, 0x10E5, 0x10E5, 0x10E5, 0x10E5, 0x10E5, 0x10E5, 0x10E5,
    0x10E5, 0x10E5, 0x10E5, 0x10E5, 0x10E5, 0x10E5, 0x10E5, 0x10E5,
    0x10E5, 0x10E5, 0x10E5, 0x2922, 0x3940, 0x3940, 0x3940, 0x3940,
    0x3940, 0xAC88, 0xFF72, 0xFF72, 0xFF72, 0xFF72, 0xFF72, 0xFF72,
    0xFF72, 0xFF72, 0xFF72, 0xFF72, 0xFF72, 0xFF72, 0x9C27, 0x3940,
    0x3940, 0x3940, 0x3940, 0x3940, 0x3940, 0x3940, 0x3940, 0x3940,
    0x3940, 0x3940, 0xF710, 0xFF72, 0xFF72, 0xFF72, 0xFF72, 0xFF72,
    0xFF72, 0xFF72, 0xFF72, 0xFF72, 0xFF72, 0xFF72, 0xFF72, 0xFF72,
    0xFF72, 0xFF72, 0xFF72, 0xFF72, 0xFF72, 0xFF72, 0xFF72, 0xFF72,
    0xFF72, 0xFF72, 0xFF72, 0xFF72, 0xFF72, 0xFF72, 0xFF72, 0xFF72,
    0xFF72, 0xFF72, 0xFF72, 0xFF72, 0xFF72, 0xFF72, 0xFF72, 0xFF72,
    0xFF72, 0xFF72, 0xFF72, 0xFF72, 0xFF72, 0xFF72, 0xFF72, 0xFF72,
    0xFF72, 0xFF72, 0xFF72, 0xFF72, 0xFF72, 0xFF72, 0xFF72, 0xFF72,
    0xFF72, 0xFF72, 0xFF72, 0xFF72, 0xFF72, 0xFF72, 0xFF72, 0xFF72,
    0xFF72, 0x5A43, 0x3940, 0x3940, 0x3940, 0x3940, 0x3940, 0x18E4,
    0x10E5, 0x10E5, 0x10E5, 0x10E5, 0x10E5, 0x10E5, 0x10E5, 0x10E5,
    0x10E5, 0x10E5, 0x2902, 0x3940, 0x3940, 0x3940, 0x3940, 0x3940,
    0xE64D, 0xFF72, 0xFF72, 0xFF72, 0xFF72, 0xFF72, 0xFF72, 0xFF72,
    0xFF72, 0xFF72, 0xFF72, 0xEEAF, 0x3940, 0x3940, 0x3940, 0x3940,
    0x3940, 0x3122, 0x10E5, 0x10E5, 0x10E5, 0x10E5, 0x10E5, 0x10E5,
    0x10E5, 0x10E5, 0x10E5, 0x10E5, 0x10E5, 0x10E5, 0x10E5, 0x10E5,
    0x10E5, 0x10E5, 0x10E5, 0x10E5, 0x10E5, 0x10E5, 0x3940, 0x3940,
    0x3940, 0x3940, 0x3940, 0x3940, 0xFF72, 0xFF72, 0xFF72, 0xFF72,
    0xFF72, 0xFF72, 0xFF72, 0xFF72, 0xFF72, 0xFF72, 0xFF72, 0x5A43,
    0x3940, 0x3940, 0x3940, 0x3940, 0x3940, 0x18E4, 0x10E5, 0x10E5,
    0x10E5, 0x10E5, 0x10E5, 0x10E5, 0x10E5, 0x10E5, 0x10E5, 0x10E5,
    0x10E5, 0x10E5, 0x10E5, 0x10E5, 0x10E5, 0x10E5, 0x10E5, 0x10E5,
    0x10E5, 0x10E5, 0x10E5, 0x10E5, 0x10E5, 0x10E5, 0x10E5, 0x10E5,
    0x10E5, 0x10E5, 0x10E5, 0x10E5, 0x10E5, 0x10E5, 0x10E5, 0x10E5,
    0x10E5, 0x10E5, 0x10E5, 0x10E5, 0x10E5, 0x10E5, 0x10E5, 0x10E5,
    0x10E5, 0x10E5, 0x10E5, 0x10E5, 0x10E5, 0x10E5, 0x10E5, 0x10E5,
    0x10E5, 0x10E5, 0x10E5, 0x10E5, 0x10E5, 0x10E5, 0x10E5, 0x10E5,
    0x10E5, 0x10E5, 0x18E5, 0x3920, 0x3940, 0x3940, 0x3940, 0x3940,
    0x3940, 0xEE8E, 0xFF72, 0xFF72, 0xFF72, 0xFF72, 0xFF72, 0xFF72,
    0xFF72, 0xFF72, 0xFF72, 0xFF72, 0xFF72, 0xFF52, 0x49A1, 0x3940,
    0x3940, 0x3940, 0x3940, 0x3940, 0x3940, 0x3940, 0x3940, 0x3940,
    0x3940, 0x3940, 0xF710, 0xFF72, 0xFF72, 0xFF72, 0xFF72, 0xFF72,
    0xFF72, 0xFF72, 0xFF72, 0xFF72, 0xFF72, 0xFF72, 0xFF72, 0xFF72,
    0xFF72, 0xFF72, 0xFF72, 0xFF72, 0xFF72, 0xFF72, 0xFF72, 0xFF72,
    0xFF72, 0xFF72, 0xFF72, 0xFF72, 0xFF72, 0xFF72, 0xFF72, 0xFF72,
    0xFF72, 0xFF72, 0xFF72, 0xFF72, 0xFF72, 0xFF72, 0xFF72, 0xFF72,
    0xFF72, 0xFF72, 0xFF72, 0xFF72, 0xFF72, 0xFF72, 0xFF72, 0xFF72,
    0xFF72, 0xFF72, 0xFF72, 0xFF72, 0xFF72, 0xFF72, 0xFF72, 0xFF72,
    0xFF72, 0xFF72, 0xFF72, 0xFF72, 0xFF72, 0xFF72, 0xFF72, 0xFF72,
    0xFF72, 0x5A43, 0x3940, 0x3940, 0x3940, 0x3940, 0x3940, 0x18E4,
    0x10E5, 0x10E5, 0x10E5, 0x10E5, 0x10E5, 0x10E5, 0x10E5, 0x10E5,
    0x10E5, 0x10E5, 0x2902, 0x3940, 0x3940, 0x3940, 0x3940, 0x3940,
    0xE64D, 0xFF72, 0xFF72, 0xFF72, 0xFF72, 0xFF72, 0xFF72, 0xFF72,
    0xFF72, 0xFF72, 0xFF72, 0xEEAF, 0x3940, 0x3940, 0x3940, 0x3940,
    0x3940, 0x3122, 0x10E5, 0x10E5, 0x10E5, 0x10E5, 0x10E5, 0x10E5,
    0x10E5, 0x10E5, 0x10E5, 0x10E5, 0x10E5, 0x10E5, 0x10E5, 0x10E5,
    0x10E5, 0x10E5, 0x10E5, 0x10E5, 0x10E5, 0x10E5, 0x3940, 0x3940,
    0x3940, 0x3940, 0x3940, 0x3940, 0xFF72, 0xFF72, 0xFF72, 0xFF72,
    0xFF72, 0xFF72, 0xFF72, 0xFF72, 0xFF72, 0xFF72, 0xFF72, 0x5A43,
    0x3940, 0x3940, 0x3940, 0x3940, 0x3940, 0x18E4, 0x10E5, 0x10E5,
    0x10E5, 0x10E5, 0x10E5, 0x10E5, 0x10E5, 0x10E5, 0x10E5, 0x10E5,
    0x10E5, 0x10E5, 0x10E5, 0x10E5, 0x10E5, 0x10E5, 0x10E5, 0x10E5,
    0x10E5, 0x10E5, 0x10E5, 0x10E5, 0x10E5, 0x10E5, 0x10E5, 0x10E5,
    0x10E5, 0x10E5, 0x10E5, 0x10E5, 0x10E5, 0x10E5, 0x10E5, 0x10E5,
    0x10E5, 0x10E5, 0x10E5, 0x10E5, 0x10E5, 0x10E5, 0x10E5, 0x10E5,
    0x10E5, 0x10E5, 0x10E5, 0x10E5, 0x10E5, 0x10E5, 0x10E5, 0x10E5,
    0x10E5, 0x10E5, 0x10E5, 0x10E5, 0x10E5, 0x10E5, 0x10E5, 0x10E5,
    0x10E5, 0x10E5, 0x20E3, 0x3940, 0x3940, 0x3940, 0x3940, 0x3940,
    0x49A1, 0xFF52, 0xFF72, 0xFF72, 0xFF72, 0xFF72, 0xFF72, 0xFF72,
    0xFF72, 0xFF72, 0xFF72, 0xFF72, 0xFF72, 0xF6CF, 0x3940, 0x3940,
    0x3940, 0x3940, 0x3940, 0x3920, 0x3121, 0x3940, 0x3940, 0x3940,
    0x3940, 0x3940, 0xF710, 0xFF72, 0xFF72, 0xFF72, 0xFF72, 0xFF72,
    0xFF72, 0xFF72, 0xFF72, 0xFF72, 0xFF72, 0xFF72, 0xFF72, 0xFF72,
    0xFF72, 0xFF72, 0xFF72, 0xFF72, 0xFF72, 0xFF72, 0xFF72, 0xFF72,
    0xFF72, 0xFF72, 0xFF72, 0xFF72, 0xFF72, 0xFF72, 0xFF72, 0xFF72,
    0xFF72, 0xFF72, 0xFF72, 0xFF72, 0xFF72, 0xFF72, 0xFF72, 0xFF72,
    0xFF72, 0xFF72, 0xFF72, 0xFF72, 0xFF72, 0xFF72, 0xFF72, 0xFF72,
    0xFF72, 0xFF72, 0xFF72, 0xFF72, 0xFF72, 0xFF72, 0xFF72, 0xFF72,
    0xFF72, 0xFF72, 0xFF72, 0xFF72, 0xFF72, 0xFF72, 0xFF72, 0xFF72,
    0xFF72, 0x5A43, 0x3940, 0x3940, 0x3940, 0x3940, 0x3940, 0x18E4,
    0x10E5, 0x10E5, 0x10E5, 0x10E5, 0x10E5, 0x10E5, 0x10E5, 0x10E5,
    0x10E5, 0x10E5, 0x2902, 0x3940, 0x3940, 0x3940, 0x3940, 0x3940,
    0xE64D, 0xFF72, 0xFF72, 0xFF72, 0xFF72, 0xFF72, 0xFF72, 0xFF72,
    0xFF72, 0xFF72, 0xFF72, 0xEEAF, 0x3940, 0x3940, 0x3940, 0x3940,
    0x3940, 0x3122, 0x10E5, 0x10E5, 0x10E5, 0x10E5, 0x10E5, 0x10E5,
    0x10E5, 0x10E5, 0x10E5, 0x10E5, 0x10E5, 0x10E5, 0x10E5, 0x10E5,
    0x10E5, 0x10E5, 0x10E5, 0x10E5, 0x10E5, 0x10E5, 0x3940, 0x3940,
    0x3940, 0x3940, 0x3940, 0x3940, 0xFF72, 0xFF72, 0xFF72, 0xFF72,
    0xFF72, 0xFF72, 0xFF72, 0xFF72, 0xFF72, 0xFF72, 0xFF72, 0x5A43,
    0x3940, 0x3940, 0x3940, 0x3940, 0x3940, 0x18E4, 0x10E5, 0x10E5,
    0x10E5, 0x10E5, 0x10E5, 0x10E5, 0x10E5, 0x10E5, 0x10E5, 0x10E5,
    0x10E5, 0x10E5, 0x10E5, 0x10E5, 0x10E5, 0x10E5, 0x10E5, 0x10E5,
    0x10E5, 0x10E5, 0x10E5, 0x10E5, 0x10E5, 0x10E5, 0x10E5, 0x10E5,
    0x10E5, 0x10E5, 0x10E5, 0x10E5, 0x10E5, 0x10E5, 0x10E5, 0x10E5,
    0x10E5, 0x10E5, 0x10E5, 0x10E5, 0x10E5, 0x10E5, 0x10E5, 0x10E5,
    0x10E5, 0x10E5, 0x10E5, 0x10E5, 0x10E5, 0x10E5, 0x10E5, 0x10E5,
    0x10E5, 0x10E5, 0x10E5, 0x10E5, 0x10E5, 0x10E5, 0x10E5, 0x10E5,
    0x10E5, 0x10E5, 0x2903, 0x3940, 0x3940, 0x3940, 0x3940, 0x3940,
    0xA468, 0xFF72, 0xFF72, 0xFF72, 0xFF72, 0xFF72, 0xFF72, 0xFF72,
    0xFF72, 0xFF72, 0xFF72, 0xFF72, 0xFF72, 0xC52A, 0x3940, 0x3940,
    0x3940, 0x3940, 0x3940, 0x3122, 0x3121, 0x3940, 0x3940, 0x3940,
    0x3940, 0x3940, 0xF710, 0xFF72, 0xFF72, 0xFF72, 0xFF72, 0xFF72,
    0xFF72, 0xFF72, 0xFF72, 0xFF72, 0xFF72, 0xFF72, 0xFF72, 0xFF72,
    0xFF72, 0xFF72, 0xFF72, 0xFF72, 0xFF72, 0xFF72, 0xFF72, 0xFF72,
    0xFF72, 0xFF72, 0xFF72, 0xFF72, 0xFF72, 0xFF72, 0xFF72, 0xFF72,
    0xFF72, 0xFF72, 0xFF72, 0xFF72, 0xFF72, 0xFF72, 0xFF72, 0xFF72,
    0xFF72, 0xFF72, 0xFF72, 0xFF72, 0xFF72, 0xFF72, 0xFF72, 0xFF72,
    0xFF72, 0xFF72, 0xFF72, 0xFF72, 0xFF72, 0xFF72, 0xFF72, 0xFF72,
    0xFF72, 0xFF72, 0xFF72, 0xFF72, 0xFF72, 0xFF72, 0xFF72, 0xFF72,
    0xFF72, 0x5A43, 0x3940, 0x3940, 0x3940, 0x3940, 0x3940, 0x18E4,
    0x10E5, 0x10E5, 0x10E5, 0x10E5, 0x10E5, 0x10E5, 0x10E5, 0x10E5,
    0x10E5, 0x10E5, 0x2902, 0x3940, 0x3940, 0x3940, 0x3940, 0x3940,
    0xE64D, 0xFF72, 0xFF72, 0xFF72, 0xFF72, 0xFF72, 0xFF72, 0xFF72,
    0xFF72, 0xFF72, 0xFF72, 0xEEAF, 0x3940, 0x3940, 0x3940, 0x3940,
    0x3940, 0x3122, 0x10E5, 0x10E5, 0x10E5, 0x10E5, 0x10E5, 0x10E5,
    0x10E5, 0x10E5, 0x10E5, 0x10E5, 0x10E5, 0x10E5, 0x10E5, 0x10E5,
    0x10E5, 0x10E5, 0x10E5, 0x10E5, 0x10E5, 0x10E5, 0x3940, 0x3940,
    0x3940, 0x3940, 0x3940, 0x3940, 0xFF72, 0xFF72, 0xFF72, 0xFF72,
    0xFF72, 0xFF72, 0xFF72, 0xFF72, 0xFF72, 0xFF72, 0xFF72, 0x5A43,
    0x3940, 0x3940, 0x3940, 0x3940, 0x3940, 0x18E4, 0x10E5, 0x10E5,
    0x10E5, 0x10E5, 0x10E5, 0x10E5, 0x10E5, 0x10E5, 0x10E5, 0x10E5,
    0x10E5, 0x10E5, 0x10E5, 0x10E5, 0x10E5, 0x10E5, 0x10E5, 0x10E5,
    0x10E5, 0x10E5, 0x10E5, 0x10E5, 0x10E5, 0x10E5, 0x10E5, 0x10E5,
    0x10E5, 0x10E5, 0x10E5, 0x10E5, 0x10E5, 0x10E5, 0x10E5, 0x10E5,
    0x10E5, 0x10E5, 0x10E5, 0x10E5, 0x10E5, 0x10E5, 0x10E5, 0x10E5,
    0x10E5, 0x10E5, 0x10E5, 0x10E5, 0x10E5, 0x10E5, 0x10E5, 0x10E5,
    0x10E5, 0x10E5, 0x10E5, 0x10E5, 0x10E5, 0x10E5, 0x10E5, 0x10E5,
    0x10E5, 0x10E5, 0x2903, 0x3940, 0x3940, 0x3940, 0x3940, 0x3940,
    0x49A1, 0x93C6, 0xCD8B, 0xF6CF, 0xFF52, 0xFF72, 0xFF72, 0xFF72,
    0xFF72, 0xFF72, 0xFF72, 0xFF72, 0xFF72, 0x6AA3, 0x3940, 0x3940,
    0x3940, 0x3940, 0x3940, 0x2103, 0x3121, 0x3940, 0x3940, 0x3940,
    0x3940, 0x3940, 0xF710, 0xFF72, 0xFF72, 0xFF72, 0xFF72, 0xFF72,
    0xFF72, 0xFF72, 0xFF72, 0xFF72, 0xF710, 0x3940, 0x3940, 0x3940,
    0x3940, 0x3940, 0x3940, 0x3940, 0x3940, 0x3940, 0x3940, 0x3940,
    0x3940, 0x3940, 0x3940, 0x3940, 0x3940, 0x3940, 0x3940, 0x3940,
    0x3940, 0x3940, 0x3940, 0x3940, 0x3940, 0x3940, 0x3940, 0x3940,
    0x3940, 0x3940, 0x3940, 0x3940, 0x3940, 0x3940, 0x3940, 0x3940,
    0x3940, 0x3940, 0x3940, 0x3940, 0x3940, 0x3940, 0xEEAF, 0xFF72,
    0xFF72, 0xFF72, 0xFF72, 0xFF72, 0xFF72, 0xFF72, 0xFF72, 0xFF72,
    0xFF72, 0x5A43, 0x3940, 0x3940, 0x3940, 0x3940, 0x3940, 0x18E4,
    0x10E5, 0x10E5, 0x10E5, 0x10E5, 0x10E5, 0x10E5, 0x10E5, 0x10E5,
    0x10E5, 0x10E5, 0x2902, 0x3940, 0x3940, 0x3940, 0x3940, 0x3940,
    0xE64D, 0xFF72, 0xFF72, 0xFF72, 0xFF72, 0xFF72, 0xFF72, 0xFF72,
    0xFF72, 0xFF72, 0xFF72, 0xEEAF, 0x3940, 0x3940, 0x3940, 0x3940,
    0x3940, 0x3122, 0x10E5, 0x10E5, 0x10E5, 0x10E5, 0x10E5, 0x10E5,
    0x10E5, 0x10E5, 0x10E5, 0x10E5, 0x10E5, 0x10E5, 0x10E5, 0x10E5,
    0x10E5, 0x10E5, 0x10E5, 0x10E5, 0x10E5, 0x10E5, 0x3940, 0x3940,
    0x3940, 0x3940, 0x3940, 0x3940, 0xFF72, 0xFF72, 0xFF72, 0xFF72,
    0xFF72, 0xFF72, 0xFF72, 0xFF72, 0xFF72, 0xFF72, 0xFF72, 0x5A43,
    0x3940, 0x3940, 0x3940, 0x3940, 0x3940, 0x18E4, 0x10E5, 0x10E5,
    0x10E5, 0x10E5, 0x10E5, 0x10E5, 0x10E5, 0x10E5, 0x10E5, 0x10E5,
    0x10E5, 0x10E5, 0x10E5, 0x10E5, 0x10E5, 0x10E5, 0x10E5, 0x10E5,
    0x10E5, 0x10E5, 0x10E5, 0x10E5, 0x10E5, 0x10E5, 0x10E5, 0x10E5,
    0x10E5, 0x10E5, 0x10E5, 0x10E5, 0x10E5, 0x10E5, 0x10E5, 0x10E5,
    0x10E5, 0x10E5, 0x10E5, 0x10E5, 0x10E5, 0x10E5, 0x10E5, 0x10E5,
    0x10E5, 0x10E5, 0x10E5, 0x10E5, 0x10E5, 0x10E5, 0x10E5, 0x10E5,
    0x10E5, 0x10E5, 0x10E5, 0x10E5, 0x10E5, 0x10E5, 0x10E5, 0x10E5,
    0x10E5, 0x10E5, 0x20E4, 0x3940, 0x3940, 0x3940, 0x3940, 0x3940,
    0x3940, 0x3940, 0x3940, 0x3940, 0x4140, 0x7B25, 0xBD2A, 0xEE6E,
    0xFF31, 0xFF72, 0xFF72, 0xFF72, 0xFF10, 0x3940, 0x3940, 0x3940,
    0x3940, 0x3940, 0x3940, 0x18E4, 0x3121, 0x3940, 0x3940, 0x3940,
    0x3940, 0x3940, 0xF710, 0xFF72, 0xFF72, 0xFF72, 0xFF72, 0xFF72,
    0xFF72, 0xFF72, 0xFF72, 0xFF72, 0xF710, 0x3940, 0x3940, 0x3940,
    0x3940, 0x3940, 0x3940, 0x3940, 0x3940, 0x3940, 0x3940, 0x3940,
    0x3940, 0x3940, 0x3940, 0x3940, 0x3940, 0x3940, 0x3940, 0x3940,
    0x3940, 0x3940, 0x3940, 0x3940, 0x3940, 0x3940, 0x3940, 0x3940,
    0x3940, 0x3940, 0x3940, 0x3940, 0x3940, 0x3940, 0x3940, 0x3940,
    0x3940, 0x3940, 0x3940, 0x3940, 0x3940, 0x3940, 0xEEAF, 0xFF72,
    0xFF72, 0xFF72, 0xFF72, 0xFF72, 0xFF72, 0xFF72, 0xFF72, 0xFF72,
    0xFF72, 0x5A43, 0x3940, 0x3940, 0x3940, 0x3940, 0x3940, 0x18E4,
    0x10E5, 0x10E5, 0x10E5, 0x10E5, 0x10E5, 0x10E5, 0x10E5, 0x10E5,
    0x10E5, 0x10E5, 0x2902, 0x3940, 0x3940, 0x3940, 0x3940, 0x3940,
    0xE64D, 0xFF72, 0xFF72, 0xFF72, 0xFF72, 0xFF72, 0xFF72, 0xFF72,
    0xFF72, 0xFF72, 0xFF72, 0xEEAF, 0x3940, 0x3940, 0x3940, 0x3940,
    0x3940, 0x3122, 0x10E5, 0x10E5, 0x10E5, 0x10E5, 0x10E5, 0x10E5,
    0x10E5, 0x10E5, 0x10E5, 0x10E5, 0x10E5, 0x10E5, 0x10E5, 0x10E5,
    0x10E5, 0x10E5, 0x10E5, 0x10E5, 0x10E5, 0x10E5, 0x3940, 0x3940,
    0x3940, 0x3940, 0x3940, 0x3940, 0xFF72, 0xFF72, 0xFF72, 0xFF72,
    0xFF72, 0xFF72, 0xFF72, 0xFF72, 0xFF72, 0xFF72, 0xFF72, 0x5A43,
    0x3940, 0x3940, 0x3940, 0x3940, 0x3940, 0x18E4, 0x10E5, 0x10E5,
    0x10E5, 0x10E5, 0x10E5, 0x10E5, 0x10E5, 0x10E5, 0x10E5, 0x10E5,
    0x10E5, 0x10E5, 0x10E5, 0x10E5, 0x10E5, 0x10E5, 0x10E5, 0x10E5,
    0x10E5, 0x10E5, 0x10E5, 0x10E5, 0x10E5, 0x10E5, 0x10E5, 0x10E5,
    0x10E5, 0x10E5, 0x10E5, 0x10E5, 0x10E5, 0x10E5, 0x10E5, 0x10E5,
    0x10E5, 0x10E5, 0x10E5, 0x10E5, 0x10E5, 0x10E5, 0x10E5, 0x10E5,
    0x10E5, 0x10E5, 0x10E5, 0x10E5, 0x10E5, 0x10E5, 0x10E5, 0x10E5,
    0x10E5, 0x10E5, 0x10E5, 0x10E5, 0x10E5, 0x10E5, 0x10E5, 0x10E5,
    0x10E5, 0x10E5, 0x18E5, 0x3921, 0x3940, 0x3940, 0x3940, 0x3940,
    0x3940, 0x3940, 0x3940, 0x3940, 0x3940, 0x3940, 0x3940, 0x3940,
    0x3940, 0x6A83, 0xACA9, 0xDE2D, 0xBCE9, 0x3940, 0x3940, 0x3940,
    0x3940, 0x3940, 0x3121, 0x10E5, 0x3121, 0x3940, 0x3940, 0x3940,
    0x3940, 0x3940, 0xF710, 0xFF72, 0xFF72, 0xFF72, 0xFF72, 0xFF72,
    0xFF72, 0xFF72, 0xFF72, 0xFF72, 0xF710, 0x3940, 0x3940, 0x3940,
    0x3940, 0x3940, 0x3940, 0x3940, 0x3940, 0x3940, 0x3940, 0x3940,
    0x3940, 0x3940, 0x3940, 0x3940, 0x3940, 0x3940, 0x3940, 0x3940,
    0x3940, 0x3940, 0x3940, 0x3940, 0x3940, 0x3940, 0x3940, 0x3940,
    0x3940, 0x3940, 0x3940, 0x3940, 0x3940, 0x3940, 0x3940, 0x3940,
    0x3940, 0x3940, 0x3940, 0x3940, 0x3940, 0x3940, 0xEEAF, 0xFF72,
    0xFF72, 0xFF72, 0xFF72, 0xFF72, 0xFF72, 0xFF72, 0xFF72, 0xFF72,
    0xFF72, 0x5A43, 0x3940, 0x3940, 0x3940, 0x3940, 0x3940, 0x18E4,
    0x10E5, 0x10E5, 0x10E5, 0x10E5, 0x10E5, 0x10E5, 0x10E5, 0x10E5,
    0x10E5, 0x10E5, 0x2922, 0x3940, 0x3940, 0x3940, 0x3940, 0x3940,
    0xE64D, 0xFF72, 0xFF72, 0xFF72, 0xFF72, 0xFF72, 0xFF72, 0xFF72,
    0xFF72, 0xFF72, 0xFF72, 0xEEAF, 0x3940, 0x3940, 0x3940, 0x3940,
    0x3940, 0x3122, 0x10E5, 0x10E5, 0x10E5, 0x10E5, 0x10E5, 0x10E5,
    0x10E5, 0x10E5, 0x10E5, 0x10E5, 0x10E5, 0x10E5, 0x10E5, 0x10E5,
    0x10E5, 0x10E5, 0x10E5, 0x10E5, 0x10E5, 0x10E5, 0x3940, 0x3940,
    0x3940, 0x3940, 0x3940, 0x3940, 0xFF72, 0xFF72, 0xFF72, 0xFF72,
    0xFF72, 0xFF72, 0xFF72, 0xFF72, 0xFF72, 0xFF72, 0xFF72, 0x5A43,
    0x3940, 0x3940, 0x3940, 0x3940, 0x3940, 0x18E4, 0x10E5, 0x10E5,
    0x10E5, 0x10E5, 0x10E5, 0x10E5, 0x10E5, 0x10E5, 0x10E5, 0x10E5,
    0x10E5, 0x10E5, 0x10E5, 0x10E5, 0x10E5, 0x10E5, 0x10E5, 0x10E5,
    0x10E5, 0x10E5, 0x10E5, 0x10E5, 0x10E5, 0x10E5, 0x10E5, 0x10E5,
    0x10E5, 0x10E5, 0x10E5, 0x10E5, 0x10E5, 0x10E5, 0x10E5, 0x10E5,
    0x10E5, 0x10E5, 0x10E5, 0x10E5, 0x10E5, 0x10E5, 0x10E5, 0x10E5,
    0x10E5, 0x10E5, 0x10E5, 0x10E5, 0x10E5, 0x10E5, 0x10E5, 0x10E5,
    0x10E5, 0x10E5, 0x10E5, 0x10E5, 0x10E5, 0x10E5, 0x10E5, 0x10E5,
    0x10E5, 0x10E5, 0x10E5, 0x2104, 0x3940, 0x3940, 0x3940, 0x3940,
    0x3940, 0x3940, 0x3940, 0x3940, 0x3940, 0x3940, 0x3940, 0x3940,
    0x3940, 0x3940, 0x3940, 0x3940, 0x3940, 0x3940, 0x3940, 0x3940,
    0x3940, 0x3940, 0x2903, 0x10E5, 0x3121, 0x3940, 0x3940, 0x3940,
    0x3940, 0x3940, 0xF6CF, 0xFF51, 0xFF51, 0xFF51, 0xFF51, 0xFF51,
    0xFF51, 0xFF51, 0xFF51, 0xFF51, 0xF6CF, 0x3940, 0x3940, 0x3940,
    0x3940, 0x3940, 0x3940, 0x3940, 0x3940, 0x3940, 0x3940, 0x3940,
    0x3940, 0x3940, 0x3940, 0x3940, 0x3940, 0x3940, 0x3940, 0x3940,
    0x3940, 0x3940, 0x3940, 0x3940, 0x3940, 0x3940, 0x3940, 0x3940,
    0x3940, 0x3940, 0x3940, 0x3940, 0x3940, 0x3940, 0x3940, 0x3940,
    0x3940, 0x3940, 0x3940, 0x3940, 0x3940, 0x3940, 0xE66E, 0xFF51,
    0xFF51, 0xFF51, 0xFF51, 0xFF51, 0xFF51, 0xFF51, 0xFF51, 0xFF51,
    0xFF51, 0x5A22, 0x3940, 0x3940, 0x3940, 0x3940, 0x3940, 0x18E4,
    0x10E5, 0x10E5, 0x10E5, 0x10E5, 0x10E5, 0x10E5, 0x10E5, 0x10E5,
    0x10E5, 0x10E5, 0x2922, 0x3940, 0x3940, 0x3940, 0x3940, 0x3940,
    0xE64D, 0xFF72, 0xFF72, 0xFF72, 0xFF72, 0xFF72, 0xFF72, 0xFF72,
    0xFF72, 0xFF72, 0xFF72, 0xEEAF, 0x3940, 0x3940, 0x3940, 0x3940,
    0x3940, 0x3122, 0x10E5, 0x10E5, 0x10E5, 0x10E5, 0x10E5, 0x10E5,
    0x10E5, 0x10E5, 0x10E5, 0x10E5, 0x10E5, 0x10E5, 0x10E5, 0x10E5,
    0x10E5, 0x10E5, 0x10E5, 0x10E5, 0x10E5, 0x10E5, 0x3940, 0x3940,
    0x3940, 0x3940, 0x3940, 0x3940, 0xFF72, 0xFF72, 0xFF72, 0xFF72,
    0xFF72, 0xFF72, 0xFF72, 0xFF72, 0xFF72, 0xFF72, 0xFF72, 0x5A43,
    0x3940, 0x3940, 0x3940, 0x3940, 0x3940, 0x18E4, 0x10E5, 0x10E5,
    0x10E5, 0x10E5, 0x10E5, 0x10E5, 0x10E5, 0x10E5, 0x10E5, 0x10E5,
    0x10E5, 0x10E5, 0x10E5, 0x10E5, 0x10E5, 0x10E5, 0x10E5, 0x10E5,
    0x10E5, 0x10E5, 0x10E5, 0x10E5, 0x10E5, 0x10E5, 0x10E5, 0x10E5,
    0x10E5, 0x10E5, 0x10E5, 0x10E5, 0x10E5, 0x10E5, 0x10E5, 0x10E5,
    0x10E5, 0x10E5, 0x10E5, 0x10E5, 0x10E5, 0x10E5, 0x10E5, 0x10E5,
    0x10E5, 0x10E5, 0x10E5, 0x10E5, 0x10E5, 0x10E5, 0x10E5, 0x10E5,
    0x10E5, 0x10E5, 0x10E5, 0x10E5, 0x10E5, 0x10E5, 0x10E5, 0x10E5,
    0x10E5, 0x10E5, 0x10E5, 0x10E5, 0x2103, 0x3940, 0x3940, 0x3940,
    0x3940, 0x3940, 0x3940, 0x3940, 0x3940, 0x3940, 0x3940, 0x3940,
    0x3940, 0x3940, 0x3940, 0x3940, 0x3940, 0x3940, 0x3940, 0x3940,
    0x3940, 0x3940, 0x18E4, 0x10E5, 0x3122, 0x3940, 0x3940, 0x3940,
    0x3940, 0x3940, 0x3940, 0x3940, 0x3940, 0x3940, 0x3940, 0x3940,
    0x3940, 0x3940, 0x3940, 0x3940, 0x3940, 0x3940, 0x3940, 0x3940,
    0x3940, 0x3940, 0x3940, 0x3940, 0x3940, 0x3940, 0x3940, 0x3940,
    0x3940, 0x3940, 0x3940, 0x3940, 0x3940, 0x3940, 0x3940, 0x3940,
    0x3940, 0x3940, 0x3940, 0x3940, 0x3940, 0x3940, 0x3940, 0x3940,
    0x3940, 0x3940, 0x3940, 0x3940, 0x3940, 0x3940, 0x3940, 0x3940,
    0x3940, 0x3940, 0x3940, 0x3940, 0x3940, 0x3940, 0x3940, 0x3940,
    0x3940, 0x3940, 0x3940, 0x3940, 0x3940, 0x3940, 0x3940, 0x3940,
    0x3940, 0x3940, 0x3940, 0x3940, 0x3940, 0x3940, 0x3940, 0x10E5,
    0x10E5, 0x10E5, 0x10E5, 0x10E5, 0x10E5, 0x10E5, 0x10E5, 0x10E5,
    0x10E5, 0x10E5, 0x2902, 0x3940, 0x3940, 0x3940, 0x3940, 0x3940,
    0x51C2, 0x5A43, 0x5A43, 0x5A43, 0x5A43, 0x5A43, 0x5A43, 0x5A43,
    0x5A43, 0x5A43, 0x5A43, 0x51E2, 0x3940, 0x3940, 0x3940, 0x3940,
    0x3940, 0x2922, 0x10E5, 0x10E5, 0x10E5, 0x10E5, 0x10E5, 0x10E5,
    0x10E5, 0x10E5, 0x10E5, 0x10E5, 0x10E5, 0x10E5, 0x10E5, 0x10E5,
    0x10E5, 0x10E5, 0x10E5, 0x10E5, 0x10E5, 0x10E5, 0x3920, 0x3940,
    0x3940, 0x3940, 0x3940, 0x3940, 0x9C27, 0x9C27, 0x9C27, 0x9C27,
    0x9C27, 0x9C27, 0x9C27, 0x9C27, 0x9C27, 0x9C27, 0x9C27, 0x4181,
    0x3940, 0x3940, 0x3940, 0x3940, 0x3940, 0x18E5, 0x10E5, 0x10E5,
    0x10E5, 0x10E5, 0x10E5, 0x10E5, 0x10E5, 0x10E5, 0x10E5, 0x10E5,
    0x10E5, 0x10E5, 0x10E5, 0x10E5, 0x10E5, 0x10E5, 0x10E5, 0x10E5,
    0x10E5, 0x10E5, 0x10E5, 0x10E5, 0x10E5, 0x10E5, 0x10E5, 0x10E5,
    0x10E5, 0x10E5, 0x10E5, 0x10E5, 0x10E5, 0x10E5, 0x10E5, 0x10E5,
    0x10E5, 0x10E5, 0x10E5, 0x10E5, 0x10E5, 0x10E5, 0x10E5, 0x10E5,
    0x10E5, 0x10E5, 0x10E5, 0x10E5, 0x10E5, 0x10E5, 0x10E5, 0x10E5,
    0x10E5, 0x10E5, 0x10E5, 0x10E5, 0x10E5, 0x10E5, 0x10E5, 0x10E5,
    0x10E5, 0x10E5, 0x10E5, 0x10E5, 0x10E5, 0x18E4, 0x2902, 0x3920,
    0x3940, 0x3940, 0x3940, 0x3940, 0x3940, 0x3940, 0x3940, 0x3940,
    0x3940, 0x3940, 0x3940, 0x3940, 0x3940, 0x3940, 0x3940, 0x3940,
    0x3940, 0x2922, 0x10E5, 0x10E5, 0x2903, 0x3940, 0x3940, 0x3940,
    0x3940, 0x3940, 0x3940, 0x3940, 0x3940, 0x3940, 0x3940, 0x3940,
    0x3940, 0x3940, 0x3940, 0x3940, 0x3940, 0x3940, 0x3940, 0x3940,
    0x3940, 0x3940, 0x3940, 0x3940, 0x3940, 0x3940, 0x3940, 0x3940,
    0x3940, 0x3940, 0x3940, 0x3940, 0x3940, 0x3940, 0x3940, 0x3940,
    0x3940, 0x3940, 0x3940, 0x3940, 0x3940, 0x3940, 0x3940, 0x3940,
    0x3940, 0x3940, 0x3940, 0x3940, 0x3940, 0x3940, 0x3940, 0x3940,
    0x3940, 0x3940, 0x3940, 0x3940, 0x3940, 0x3940, 0x3940, 0x3940,
    0x3940, 0x3940, 0x3940, 0x3940, 0x3940, 0x3940, 0x3940, 0x3940,
    0x3940, 0x3940, 0x3940, 0x3940, 0x3940, 0x3940, 0x3121, 0x10E5,
    0x10E5, 0x10E5, 0x10E5, 0x10E5, 0x10E5, 0x10E5, 0x10E5, 0x10E5,
    0x10E5, 0x10E5, 0x2103, 0x3940, 0x3940, 0x3940, 0x3940, 0x3940,
    0x3940, 0x3940, 0x3940, 0x3940, 0x3940, 0x3940, 0x3940, 0x3940,
    0x3940, 0x3940, 0x3940, 0x3940, 0x3940, 0x3940, 0x3940, 0x3940,
    0x3940, 0x2103, 0x10E5, 0x10E5, 0x10E5, 0x10E5, 0x10E5, 0x10E5,
    0x10E5, 0x10E5, 0x10E5, 0x10E5, 0x10E5, 0x10E5, 0x10E5, 0x10E5,
    0x10E5, 0x10E5, 0x10E5, 0x10E5, 0x10E5, 0x10E5, 0x3121, 0x3940,
    0x3940, 0x3940, 0x3940, 0x3940, 0x3940, 0x3940, 0x3940, 0x3940,
    0x3940, 0x3940, 0x3940, 0x3940, 0x3940, 0x3940, 0x3940, 0x3940,
    0x3940, 0x3940, 0x3940, 0x3940, 0x3121, 0x10E5, 0x10E5, 0x10E5,
    0x10E5, 0x10E5, 0x10E5, 0x10E5, 0x10E5, 0x10E5, 0x10E5, 0x10E5,
    0x10E5, 0x10E5, 0x10E5, 0x10E5, 0x10E5, 0x10E5, 0x10E5, 0x10E5,
    0x10E5, 0x10E5, 0x10E5, 0x10E5, 0x10E5, 0x10E5, 0x10E5, 0x10E5,
    0x10E5, 0x10E5, 0x10E5, 0x10E5, 0x10E5, 0x10E5, 0x10E5, 0x10E5,
    0x10E5, 0x10E5, 0x10E5, 0x10E5, 0x10E5, 0x10E5, 0x10E5, 0x10E5,
    0x18E5, 0x18E5, 0x18E5, 0x18E5, 0x18E5, 0x18E5, 0x18E5, 0x18E5,
    0x18E5, 0x18E5, 0x18E5, 0x18E5, 0x18E5, 0x18E5, 0x18E5, 0x18E5,
    0x18E5, 0x18E5, 0x18E5, 0x18E5, 0x18E5, 0x18E5, 0x18E5, 0x18E5,
    0x18E4, 0x2103, 0x2922, 0x3921, 0x3940, 0x3940, 0x3940, 0x3940,
    0x3940, 0x3940, 0x3940, 0x3940, 0x3940, 0x3940, 0x3940, 0x3940,
    0x3920, 0x18E4, 0x18E5, 0x18E5, 0x18E4, 0x3940, 0x3940, 0x3940,
    0x3940, 0x3940, 0x3940, 0x3940, 0x3940, 0x3940, 0x3940, 0x3940,
    0x3940, 0x3940, 0x3940, 0x3940, 0x3940, 0x3940, 0x3940, 0x3940,
    0x3940, 0x3940, 0x18E4, 0x18E5, 0x18E5, 0x18E5, 0x18E5, 0x18E5,
    0x18E5, 0x18E5, 0x18E5, 0x18E5, 0x18E5, 0x18E5, 0x18E5, 0x18E5,
    0x18E5, 0x18E5, 0x18E5, 0x18E5, 0x18E5, 0x18E5, 0x18E5, 0x18E5,
    0x18E5, 0x18E5, 0x18E5, 0x18E5, 0x18E5, 0x18E5, 0x18E5, 0x18E5,
    0x18E4, 0x3920, 0x3940, 0x3940, 0x3940, 0x3940, 0x3940, 0x3940,
    0x3940, 0x3940, 0x3940, 0x3940, 0x3940, 0x3940, 0x3940, 0x3940,
    0x3940, 0x3940, 0x3940, 0x3940, 0x3940, 0x3940, 0x2903, 0x18E5,
    0x18E5, 0x18E5, 0x18E5, 0x18E5, 0x18E5, 0x18E5, 0x18E5, 0x18E5,
    0x18E5, 0x18E5, 0x18E4, 0x3940, 0x3940, 0x3940, 0x3940, 0x3940,
    0x3940, 0x3940, 0x3940, 0x3940, 0x3940, 0x3940, 0x3940, 0x3940,
    0x3940, 0x3940, 0x3940, 0x3940, 0x3940, 0x3940, 0x3940, 0x3940,
    0x3940, 0x18E4, 0x18E5, 0x18E5, 0x18E5, 0x18E5, 0x18E5, 0x18E5,
    0x18E5, 0x18E5, 0x18E5, 0x18E5, 0x18E5, 0x18E5, 0x18E5, 0x18E5,
    0x18E5, 0x18E5, 0x18E5, 0x18E5, 0x18E5, 0x18E5, 0x2902, 0x3940,
    0x3940, 0x3940, 0x3940, 0x3940, 0x3940, 0x3940, 0x3940, 0x3940,
    0x3940, 0x3940, 0x3940, 0x3940, 0x3940, 0x3940, 0x3940, 0x3940,
    0x3940, 0x3940, 0x3940, 0x3940, 0x2922, 0x18E5, 0x18E5, 0x18E5,
    0x18E5, 0x18E5, 0x18E5, 0x18E5, 0x18E5, 0x18E5, 0x18E5, 0x18E5,
    0x18E5, 0x18E5, 0x18E5, 0x18E5, 0x18E5, 0x18E5, 0x18E5, 0x18E5,
    0x18E5, 0x18E5, 0x18E5, 0x18E5, 0x18E5, 0x18E5, 0x18E5, 0x18E5,
    0x18E5, 0x18E5, 0x18E5, 0x18E5, 0x18E5, 0x18E5, 0x18E5, 0x18E5,
    0x18E5, 0x18E5, 0x18E5, 0x18E5, 0x18E5, 0x18E5, 0x18E5, 0x18E5,
    0x18E5, 0x18E5, 0x18E5, 0x18E5, 0x18E5, 0x18E5, 0x18E5, 0x18E5,
    0x18E5, 0x18E5, 0x18E5, 0x18E5, 0x18E5, 0x18E5, 0x18E5, 0x18E5,
    0x18E5, 0x18E5, 0x18E5, 0x18E5, 0x18E5, 0x18E5, 0x18E5, 0x18E5,
    0x18E5, 0x18E5, 0x18E5, 0x18E5, 0x18E4, 0x2103, 0x2902, 0x3121,
    0x3940, 0x3940, 0x3940, 0x3940, 0x3940, 0x3940, 0x3940, 0x3121,
    0x18E4, 0x18E5, 0x18E5, 0x18E5, 0x18E5, 0x2903, 0x3940, 0x3940,
    0x3940, 0x3940, 0x3940, 0x3940, 0x3940, 0x3940, 0x3940, 0x3940,
    0x3940, 0x3940, 0x3940, 0x3940, 0x3940, 0x3940, 0x3940, 0x3940,
    0x3940, 0x2903, 0x18E5, 0x18E5, 0x18E5, 0x18E5, 0x18E5, 0x18E5,
    0x18E5, 0x18E5, 0x18E5, 0x18E5, 0x18E5, 0x18E5, 0x18E5, 0x18E5,
    0x18E5, 0x18E5, 0x18E5, 0x18E5, 0x18E5, 0x18E5, 0x18E5, 0x18E5,
    0x18E5, 0x18E5, 0x18E5, 0x18E5, 0x18E5, 0x18E5, 0x18E5, 0x18E5,
    0x18E5, 0x2103, 0x3940, 0x3940, 0x3940, 0x3940, 0x3940, 0x3940,
    0x3940, 0x3940, 0x3940, 0x3940, 0x3940, 0x3940, 0x3940, 0x3940,
    0x3940, 0x3940, 0x3940, 0x3940, 0x3940, 0x3121, 0x18E5, 0x18E5,
    0x18E5, 0x18E5, 0x18E5, 0x18E5, 0x18E5, 0x18E5, 0x18E5, 0x18E5,
    0x18E5, 0x18E5, 0x18E5, 0x2103, 0x3940, 0x3940, 0x3940, 0x3940,
    0x3940, 0x3940, 0x3940, 0x3940, 0x3940, 0x3940, 0x3940, 0x3940,
    0x3940, 0x3940, 0x3940, 0x3940, 0x3940, 0x3940, 0x3940, 0x3940,
    0x2903, 0x18E5, 0x18E5, 0x18E5, 0x18E5, 0x18E5, 0x18E5, 0x18E5,
    0x18E5, 0x18E5, 0x18E5, 0x18E5, 0x18E5, 0x18E5, 0x18E5, 0x18E5,
    0x18E5, 0x18E5, 0x18E5, 0x18E5, 0x18E5, 0x18E5, 0x18E5, 0x3921,
    0x3940, 0x3940, 0x3940, 0x3940, 0x3940, 0x3940, 0x3940, 0x3940,
    0x3940, 0x3940, 0x3940, 0x3940, 0x3940, 0x3940, 0x3940, 0x3940,
    0x3940, 0x3940, 0x3940, 0x3920, 0x18E4, 0x18E5, 0x18E5, 0x18E5,
    0x18E5, 0x18E5, 0x18E5, 0x18E5, 0x18E5, 0x18E5, 0x18E5, 0x18E5,
    0x18E5, 0x18E5, 0x18E5, 0x18E5, 0x18E5, 0x18E5, 0x18E5, 0x18E5,
    0x18E5, 0x18E5, 0x18E5, 0x18E5, 0x18E5, 0x18E5, 0x18E5, 0x18E5,
    0x18E5, 0x18E5, 0x18E5, 0x18E5, 0x18E5, 0x18E5, 0x18E5, 0x18E5,
    0x18E5, 0x18E5, 0x18E5, 0x18E5, 0x18E5, 0x18E5, 0x18E5, 0x18E5,
    0x18E5, 0x18E5, 0x18E5, 0x18E5, 0x18E5, 0x18E5, 0x18E5, 0x18E5,
    0x18E5, 0x18E5, 0x18E5, 0x18E5, 0x18E5, 0x18E5, 0x18E5, 0x18E5,
    0x18E5, 0x18E5, 0x18E5, 0x18E5, 0x18E5, 0x18E5, 0x18E5, 0x18E5,
    0x18E5, 0x18E5, 0x18E5, 0x18E5, 0x18E5, 0x18E5, 0x18E5, 0x18E5,
    0x18E5, 0x2104, 0x2902, 0x3122, 0x3121, 0x2922, 0x2103, 0x18E5,
    0x18E5, 0x18E5, 0x18E5, 0x18E5, 0x18E5, 0x18E5, 0x2902, 0x3940,
    0x3940, 0x3940, 0x3940, 0x3940, 0x3940, 0x3940, 0x3940, 0x3940,
    0x3940, 0x3940, 0x3940, 0x3940, 0x3940, 0x3940, 0x3940, 0x3940,
    0x2902, 0x18E5, 0x18E5, 0x18E5, 0x18E5, 0x18E5, 0x18E5, 0x18E5,
    0x18E5, 0x18E5, 0x18E5, 0x18E5, 0x18E5, 0x18E5, 0x18E5, 0x18E5,
    0x18E5, 0x18E5, 0x18E5, 0x18E5, 0x18E5, 0x18E5, 0x18E5, 0x18E5,
    0x18E5, 0x18E5, 0x18E5, 0x18E5, 0x18E5, 0x18E5, 0x18E5, 0x18E5,
    0x18E5, 0x18E5, 0x2903, 0x3940, 0x3940, 0x3940, 0x3940, 0x3940,
    0x3940, 0x3940, 0x3940, 0x3940, 0x3940, 0x3940, 0x3940, 0x3940,
    0x3940, 0x3940, 0x3940, 0x3940, 0x3121, 0x18E4, 0x18E5, 0x18E5,
    0x18E5, 0x18E5, 0x18E5, 0x18E5, 0x18E5, 0x18E5, 0x18E5, 0x18E5,
    0x18E5, 0x18E5, 0x18E5, 0x18E5, 0x2902, 0x3940, 0x3940, 0x3940,
    0x3940, 0x3940, 0x3940, 0x3940, 0x3940, 0x3940, 0x3940, 0x3940,
    0x3940, 0x3940, 0x3940, 0x3940, 0x3940, 0x3940, 0x3940, 0x2922,
    0x18E5, 0x18E5, 0x18E5, 0x18E5, 0x18E5, 0x18E5, 0x18E5, 0x18E5,
    0x18E5, 0x18E5, 0x18E5, 0x18E5, 0x18E5, 0x18E5, 0x18E5, 0x18E5,
    0x18E5, 0x18E5, 0x18E5, 0x18E5, 0x18E5, 0x18E5, 0x18E5, 0x2104,
    0x3920, 0x3940, 0x3940, 0x3940, 0x3940, 0x3940, 0x3940, 0x3940,
    0x3940, 0x3940, 0x3940, 0x3940, 0x3940, 0x3940, 0x3940, 0x3940,
    0x3940, 0x3940, 0x3940, 0x2103, 0x18E5, 0x18E5, 0x18E5, 0x18E5,
    0x18E5, 0x18E5, 0x18E5, 0x18E5, 0x18E5, 0x18E5, 0x18E5, 0x18E5,
    0x18E5, 0x18E5, 0x18E5, 0x18E5, 0x18E5, 0x18E5, 0x18E5, 0x18E5,
    0x18E5, 0x18E5, 0x18E5, 0x18E5, 0x18E5, 0x18E5, 0x18E5, 0x18E5,
    0x18E5, 0x18E5, 0x18E5, 0x18E5, 0x18E5, 0x18E5, 0x18E5, 0x18E5,
    0x18E5, 0x18E5, 0x18E5, 0x18E5, 0x18E5, 0x18E5, 0x18E5, 0x18E5,
    0x18E5, 0x18E5, 0x18E5, 0x18E5, 0x18E5, 0x18E5, 0x18E5, 0x18E5,
    0x18E5, 0x18E5, 0x18E5, 0x18E5, 0x18E5, 0x18E5, 0x18E5, 0x18E5,
    0x18E5, 0x18E5, 0x18E5, 0x18E5, 0x18E5, 0x18E5, 0x18E5, 0x18E5,
    0x18E5, 0x18E5, 0x18E5, 0x18E5, 0x18E5, 0x18E5, 0x18E5, 0x18E5,
    0x18E5, 0x18E5, 0x18E5, 0x18E5, 0x18E5, 0x18E5, 0x18E5, 0x18E5,
    0x18E5, 0x18E5, 0x18E5, 0x18E5, 0x18E5, 0x18E5, 0x18E5, 0x18E4,
    0x2902, 0x3121, 0x3921, 0x3921, 0x3921, 0x3921, 0x3921, 0x3921,
    0x3921, 0x3921, 0x3921, 0x3921, 0x3921, 0x3121, 0x2902, 0x18E4,
    0x18E5, 0x18E5, 0x18E5, 0x18E5, 0x18E5, 0x18E5, 0x18E5, 0x18E5,
    0x18E5, 0x18E5, 0x18E5, 0x18E5, 0x18E5, 0x18E5, 0x18E5, 0x18E5,
    0x18E5, 0x18E5, 0x18E5, 0x18E5, 0x18E5, 0x18E5, 0x18E5, 0x18E5,
    0x18E5, 0x18E5, 0x18E5, 0x18E5, 0x18E5, 0x18E5, 0x18E5, 0x18E5,
    0x18E5, 0x18E5, 0x18E5, 0x18E4, 0x2902, 0x3121, 0x3921, 0x3921,
    0x3921, 0x3921, 0x3921, 0x3921, 0x3921, 0x3921, 0x3921, 0x3921,
    0x3921, 0x3121, 0x2922, 0x2103, 0x18E5, 0x18E5, 0x18E5, 0x18E5,
    0x18E5, 0x18E5, 0x18E5, 0x18E5, 0x18E5, 0x18E5, 0x18E5, 0x18E5,
    0x18E5, 0x18E5, 0x18E5, 0x18E5, 0x18E5, 0x2104, 0x3121, 0x3920,
    0x3940, 0x3940, 0x3940, 0x3940, 0x3940, 0x3940, 0x3940, 0x3940,
    0x3940, 0x3940, 0x3940, 0x3940, 0x3920, 0x3121, 0x2103, 0x18E5,
    0x18E5, 0x18E5, 0x18E5, 0x18E5, 0x18E5, 0x18E5, 0x18E5, 0x18E5,
    0x18E5, 0x18E5, 0x18E5, 0x18E5, 0x18E5, 0x18E5, 0x18E5, 0x18E5,
    0x18E5, 0x18E5, 0x18E5, 0x18E5, 0x18E5, 0x18E5, 0x18E5, 0x18E5,
    0x18E4, 0x3122, 0x3940, 0x3940, 0x3940, 0x3940, 0x3940, 0x3940,
    0x3940, 0x3940, 0x3940, 0x3940, 0x3940, 0x3940, 0x3940, 0x3940,
    0x3940, 0x3121, 0x18E4, 0x18E5, 0x18E5, 0x18E5, 0x18E5, 0x18E5,
    0x18E5, 0x18E5, 0x18E5, 0x18E5, 0x18E5, 0x18E5, 0x18E5, 0x18E5,
    0x18E5, 0x18E5, 0x18E5, 0x18E5, 0x18E5, 0x18E5, 0x18E5, 0x18E5,
    0x18E5, 0x18E5, 0x18E5, 0x18E5, 0x18E5, 0x18E5, 0x18E5, 0x18E5,
    0x18E5, 0x18E5, 0x18E5, 0x18E5, 0x18E5, 0x18E5, 0x18E5, 0x18E5,
    0x18E5, 0x18E5, 0x18E5, 0x18E5, 0x18E5, 0x18E5, 0x18E5, 0x18E5,
    0x18E5, 0x18E5, 0x18E5, 0x18E5, 0x18E5, 0x18E5, 0x18E5, 0x18E5,
    0x18E5, 0x18E5, 0x18E5, 0x18E5, 0x18E5, 0x18E5, 0x18E5, 0x18E5,
    0x18E5, 0x18E5, 0x18E5, 0x18E5, 0x18E5, 0x18E5, 0x18E5, 0x18E5,
    0x18E5, 0x18E5, 0x18E5, 0x18E5, 0x18E5, 0x18E5, 0x18E5, 0x18E5,
    0x18E5, 0x18E5, 0x18E5, 0x18E5, 0x18E5, 0x18E5, 0x18E5, 0x18E5,
    0x18E5, 0x18E5, 0x18E5, 0x18E5, 0x18E5, 0x18E5, 0x18E5, 0x18E5,
    0x18E5, 0x18E5, 0x18E5, 0x18E5, 0x18E5, 0x18E5, 0x18E5, 0x18E5,
    0x18E5, 0x18E5, 0x18E5, 0x18E5, 0x18E5, 0x18E5, 0x18E5, 0x18E5,
    0x18E5, 0x18E5, 0x18E5, 0x18E5, 0x18E5, 0x18E5, 0x18E5, 0x18E5,
    0x18E5, 0x18E5, 0x18E5, 0x18E5, 0x18E5, 0x18E5, 0x18E5, 0x18E5,
    0x18E5, 0x18E5, 0x18E5, 0x18E5, 0x18E5, 0x18E5, 0x18E5, 0x18E5,
    0x18E5, 0x18E5, 0x18E5, 0x18E5, 0x18E5, 0x18E5, 0x18E5, 0x18E5,
    0x18E5, 0x18E5, 0x18E5, 0x18E5, 0x18E5, 0x18E5, 0x18E5, 0x18E5,
    0x18E5, 0x18E5, 0x18E5, 0x18E5, 0x18E5, 0x18E5, 0x18E5, 0x18E5,
    0x18E5, 0x18E5, 0x18E5, 0x18E5, 0x18E5, 0x18E5, 0x18E5, 0x18E5,
    0x18E5, 0x18E5, 0x18E5, 0x18E5, 0x18E5, 0x18E5, 0x18E5, 0x18E5,
    0x18E5, 0x18E5, 0x18E5, 0x18E5, 0x18E5, 0x18E5, 0x18E5, 0x18E5,
    0x18E5, 0x18E4, 0x18E4, 0x18E4, 0x18E4, 0x18E4, 0x18E4, 0x18E4,
    0x18E4, 0x18E4, 0x18E4, 0x18E5, 0x18E5, 0x18E5, 0x18E5, 0x18E5,
    0x18E5, 0x18E5, 0x18E5, 0x18E5, 0x18E5, 0x18E5, 0x18E5, 0x18E5,
    0x18E5, 0x18E5, 0x18E5, 0x18E5, 0x18E5, 0x18E5, 0x18E5, 0x18E5,
    0x18E5, 0x18E5, 0x18E5, 0x18E5, 0x18E5, 0x18E5, 0x18E5, 0x18E5,
    0x18E5, 0x18E5, 0x18E5, 0x18E4, 0x2103, 0x2103, 0x2103, 0x2103,
    0x2103, 0x2103, 0x2103, 0x2103, 0x2103, 0x2103, 0x2103, 0x20E4,
    0x18E5, 0x18E5, 0x18E5, 0x18E5, 0x18E5, 0x18E5, 0x18E5, 0x18E5,
    0x18E5, 0x18E5, 0x18E5, 0x18E5, 0x18E5, 0x18E5, 0x18E5, 0x18E5,
    0x18E5, 0x18E5, 0x18E5, 0x18E5, 0x18E5, 0x18E5, 0x18E5, 0x18E5,
    0x18E5, 0x18E5, 0x18E5, 0x18E5, 0x18E5, 0x18E5, 0x18E5, 0x18E5,
    0x18E5, 0x18E5, 0x18E5, 0x18E5, 0x18E5, 0x18E5, 0x18E5, 0x18E5,
    0x18E5, 0x18E5, 0x18E5, 0x18E5, 0x18E5, 0x18E5, 0x18E5, 0x18E5,
    0x18E5, 0x18E5, 0x18E5, 0x18E5, 0x18E5, 0x18E5, 0x18E5, 0x18E5,
    0x18E5, 0x18E5, 0x18E5, 0x18E5, 0x18E5, 0x18E5, 0x18E5, 0x18E5,
    0x18E5, 0x18E5, 0x18E5, 0x18E5, 0x18E5, 0x18E5, 0x18E5, 0x18E5,
    0x18E5, 0x18E5, 0x18E5, 0x18E5, 0x18E5, 0x18E5, 0x18E5, 0x18E5,
    0x18E5, 0x18E5, 0x18E5, 0x18E5, 0x18E5, 0x18E5, 0x18E5, 0x18E5,
    0x18E5, 0x18E5, 0x18E5, 0x18E5, 0x18E5, 0x18E5, 0x18E5, 0x18E5,
    0x18E5, 0x18E5, 0x18E5, 0x18E5, 0x18E5, 0x18E5, 0x18E5, 0x18E5,
    0x18E5, 0x18E5, 0x18E5, 0x18E5, 0x18E5, 0x18E5, 0x18E5, 0x18E5,
    0x18E5, 0x18E5, 0x18E5, 0x18E5, 0x18E5, 0x18E5, 0x18E5, 0x18E5,
    0x18E5, 0x18E5, 0x18E5, 0x18E5, 0x18E5, 0x18E5, 0x18E5, 0x18E5,
    0x18E5, 0x18E5, 0x18E5, 0x18E5, 0x18E5, 0x18E5, 0x18E5, 0x18E5,
    0x18E5, 0x18E5, 0x18E5, 0x18E5, 0x18E5, 0x18E5, 0x18E5, 0x18E5,
    0x18E5, 0x18E5, 0x18E5, 0x18E5, 0x18E5, 0x18E5, 0x18E5, 0x18E5,
    0x18E5, 0x18E5, 0x18E5, 0x18E5, 0x18E5, 0x18E5, 0x18E5, 0x18E5,
    0x18E5, 0x18E5, 0x18E5, 0x18E5, 0x18E5, 0x18E5, 0x18E5, 0x18E5,
    0x18E5, 0x18E5, 0x18E5, 0x18E5, 0x18E5, 0x18E5, 0x18E5, 0x18E5,
    0x18E5, 0x18E5, 0x18E5, 0x18E5, 0x18E5, 0x18E5, 0x18E5, 0x18E5,
    0x18E5, 0x18E5, 0x18E5, 0x18E5, 0x18E5, 0x18E5, 0x18E5, 0x18E5,
    0x18E5, 0x18E5, 0x18E5, 0x18E5, 0x18E5, 0x18E5, 0x18E5, 0x18E5,
    0x18E5, 0x18E5, 0x18E5, 0x18E5, 0x18E5, 0x18E5, 0x18E5, 0x18E5,
    0x18E5, 0x18E5, 0x18E5, 0x18E5, 0x18E5, 0x18E5, 0x18E5, 0x18E5,
    0x18E5, 0x18E5, 0x18E5, 0x18E5, 0x18E5, 0x18E5, 0x18E5, 0x18E5,
    0x18E5, 0x18E5, 0x18E5, 0x18E5, 0x18E5, 0x18E5, 0x18E5, 0x18E5,
    0x18E5, 0x18E5, 0x18E5, 0x18E5, 0x18E5, 0x18E5, 0x18E5, 0x18E5,
    0x18E5, 0x18E5, 0x18E5, 0x18E5, 0x18E5, 0x18E5, 0x18E5, 0x18E5,
    0x18E5, 0x18E5, 0x18E5, 0x18E5, 0x18E5, 0x18E5, 0x18E5, 0x18E5,
    0x18E5, 0x18E5, 0x18E5, 0x18E5, 0x18E5, 0x18E5, 0x18E5, 0x18E5,
    0x18E5, 0x18E5, 0x18E5, 0x18E5, 0x18E5, 0x18E5, 0x18E5, 0x18E5,
    0x18E5, 0x18E5, 0x18E5, 0x18E5, 0x18E5, 0x18E5, 0x18E5, 0x18E5,
    0x18E5, 0x18E5, 0x18E5, 0x18E5, 0x18E5, 0x18E5, 0x18E5, 0x18E5,
    0x18E5, 0x18E5, 0x18E5, 0x18E5, 0x18E5, 0x18E5, 0x18E5, 0x18E5,
    0x18E5, 0x18E5, 0x18E5, 0x18E5, 0x18E5, 0x18E5, 0x18E5, 0x18E5,
    0x18E5, 0x18E5, 0x18E5, 0x18E5, 0x18E5, 0x18E5, 0x18E5, 0x18E5,
    0x18E5, 0x18E5, 0x18E5, 0x18E5, 0x18E5, 0x18E5, 0x18E5, 0x18E5,
    0x18E5, 0x18E5, 0x18E5, 0x18E5, 0x18E5, 0x18E5, 0x18E5, 0x18E5,
    0x18E5, 0x18E5, 0x18E5, 0x18E5, 0x18E5, 0x18E5, 0x18E5, 0x18E5,
    0x18E5, 0x18E5, 0x18E5, 0x18E5, 0x18E5, 0x18E5, 0x18E5, 0x18E5,
    0x18E5, 0x18E5, 0x18E5, 0x18E5, 0x18E5, 0x18E5, 0x18E5, 0x18E5,
    0x18E5, 0x18E5, 0x18E5, 0x18E5, 0x18E5, 0x18E5, 0x18E5, 0x18E5,
    0x18E5, 0x18E5, 0x18E5, 0x18E5, 0x18E5, 0x18E5, 0x18E5, 0x18E5,
    0x18E5, 0x18E5, 0x18E5, 0x18E5, 0x18E5, 0x18E5, 0x18E5, 0x18E5,
    0x18E5, 0x18E5, 0x18E5, 0x18E5, 0x18E5, 0x18E5, 0x18E5, 0x18E5,
    0x18E5, 0x18E5, 0x18E5, 0x18E5, 0x18E5, 0x18E5, 0x18E5, 0x18E5,
    0x18E5, 0x18E5, 0x18E5, 0x18E5, 0x18E5, 0x18E5, 0x18E5, 0x18E5,
    0x18E5, 0x18E5, 0x18E5, 0x18E5, 0x18E5, 0x18E5, 0x18E5, 0x18E5,
    0x18E5, 0x18E5, 0x18E5, 0x18E5, 0x18E5, 0x18E5, 0x18E5, 0x18E5,
    0x18E5, 0x18E5, 0x18E5, 0x18E5, 0x18E5, 0x18E5, 0x18E5, 0x18E5,
    0x18E5, 0x18E5, 0x18E5, 0x18E5, 0x18E5, 0x18E5, 0x18E5, 0x18E5,
    0x18E5, 0x18E5, 0x18E5, 0x18E5, 0x18E5, 0x18E5, 0x18E5, 0x18E5,
    0x18E5, 0x18E5, 0x18E5, 0x18E5, 0x18E5, 0x18E5, 0x18E5, 0x18E5,
    0x18E5, 0x18E5, 0x18E5, 0x18E5, 0x18E5, 0x18E5, 0x18E5, 0x18E5,
    0x18E5, 0x18E5, 0x18E5, 0x18E5, 0x18E5, 0x18E5, 0x18E5, 0x18E5,
    0x18E5, 0x18E5, 0x18E5, 0x18E5, 0x18E5, 0x18E5, 0x18E5, 0x18E5,
    0x18E5, 0x18E5, 0x18E5, 0x18E5, 0x18E5, 0x18E5, 0x18E5, 0x18E5,
    0x18E5, 0x18E5, 0x18E5, 0x18E5, 0x18E5, 0x18E5, 0x18E5, 0x18E5,
    0x18E5, 0x18E5, 0x18E5, 0x18E5, 0x18E5, 0x18E5, 0x18E5, 0x18E5,
    0x18E5, 0x18E5, 0x18E5, 0x18E5, 0x18E5, 0x18E5, 0x18E5, 0x18E5,
    0x18E5, 0x18E5, 0x18E5, 0x18E5, 0x18E5, 0x18E5, 0x18E5, 0x18E5,
    0x18E5, 0x18E5, 0x18E5, 0x18E5, 0x18E5, 0x18E5, 0x18E5, 0x18E5,
    0x18E5, 0x18E5, 0x18E5, 0x18E5, 0x18E5, 0x18E5, 0x18E5, 0x18E5,
    0x18E5, 0x18E5, 0x18E5, 0x18E5, 0x18E5, 0x18E5, 0x18E5, 0x18E5,
    0x18E5, 0x18E5, 0x18E5, 0x18E5, 0x18E5, 0x18E5, 0x18E5, 0x18E5,
    0x18E5, 0x18E5, 0x18E5, 0x18E5, 0x18E5, 0x18E5, 0x18E5, 0x18E5,
    0x18E5, 0x18E5, 0x18E5, 0x18E5, 0x18E5, 0x18E5, 0x18E5, 0x18E5,
    0x18E5, 0x18E5, 0x18E5, 0x18E5, 0x18E5, 0x18E5, 0x18E5, 0x18E5,
    0x18E5, 0x18E5, 0x18E5, 0x18E5, 0x18E5, 0x18E5, 0x18E5, 0x18E5,
    0x18E5, 0x18E5, 0x18E5, 0x18E5, 0x18E5, 0x18E5, 0x18E5, 0x18E5,
    0x18E5, 0x18E5, 0x18E5, 0x18E5, 0x18E5, 0x18E5, 0x18E5, 0x18E5,
    0x18E5, 0x18E5, 0x18E5, 0x18E5, 0x18E5, 0x18E5, 0x18E5, 0x18E5,
    0x18E5, 0x18E5, 0x18E5, 0x18E5, 0x18E5, 0x18E5, 0x18E5, 0x18E5,
    0x18E5, 0x18E5, 0x18E5, 0x18E5, 0x18E5, 0x18E5, 0x18E5, 0x18E5,
    0x18E5, 0x18E5, 0x18E5, 0x18E5, 0x18E5, 0x18E5, 0x18E5, 0x18E5,
    0x18E5, 0x18E5, 0x18E5, 0x18E5, 0x18E5, 0x18E5, 0x18E5, 0x18E5,
    0x18E5, 0x18E5, 0x18E5, 0x18E5, 0x18E5, 0x18E5, 0x18E5, 0x18E5,
    0x18E5, 0x18E5, 0x18E5, 0x18E5, 0x18E5, 0x18E5, 0x18E5, 0x18E5,
    0x18E5, 0x18E5, 0x18E5, 0x18E5, 0x18E5, 0x18E5, 0x18E5, 0x18E5,
    0x18E5, 0x18E5, 0x18E5, 0x18E5, 0x18E5, 0x18E5, 0x18E5, 0x18E5,
    0x18E5, 0x18E5, 0x18E5, 0x18E5, 0x18E5, 0x18E5, 0x18E5, 0x18E5,
    0x18E5, 0x18E5, 0x18E5, 0x18E5, 0x18E5, 0x18E5, 0x18E5, 0x18E5,
    0x18E5, 0x18E5, 0x18E5, 0x18E5, 0x18E5, 0x18E5, 0x18E5, 0x18E5,
    0x18E5, 0x18E5, 0x18E5, 0x18E5, 0x18E5, 0x18E5, 0x18E5, 0x18E5,
    0x18E5, 0x18E5, 0x18E5, 0x18E5, 0x18E5, 0x18E5, 0x18E5, 0x18E5,
    0x18E5, 0x18E5, 0x18E5, 0x18E5, 0x18E5, 0x18E5, 0x18E5, 0x18E5,
    0x18E5, 0x18E5, 0x18E5, 0x18E5, 0x18E5, 0x18E5, 0x18E5, 0x18E5,
    0x18E5, 0x18E5, 0x18E5, 0x18E5, 0x18E5, 0x18E5, 0x18E5, 0x18E5,
    0x18E5, 0x18E5, 0x18E5, 0x18E5, 0x18E5, 0x18E5, 0x18E5, 0x18E5,
    0x18E5, 0x18E5, 0x18E5, 0x18E5, 0x18E5, 0x18E5, 0x18E5, 0x18E5,
    0x18E5, 0x18E5, 0x18E5, 0x18E5, 0x18E5, 0x18E5, 0x18E5, 0x18E5,
    0x18E5, 0x18E5, 0x18E5, 0x18E5, 0x18E5, 0x18E5, 0x18E5, 0x18E5,
    0x18E5, 0x18E5, 0x18E5, 0x18E5, 0x18E5, 0x18E5, 0x18E5, 0x18E5,
    0x18E5, 0x18E5, 0x18E5, 0x18E5, 0x18E5, 0x18E5, 0x18E5, 0x18E5,
    0x18E5, 0x18E5, 0x18E5, 0x18E5, 0x18E5, 0x18E5, 0x18E5, 0x18E5,
    0x18E5, 0x18E5, 0x18E5, 0x18E5, 0x18E5, 0x18E5, 0x18E5, 0x18E5,
    0x18E5, 0x18E5, 0x18E5, 0x18E5, 0x18E5, 0x18E5, 0x18E5, 0x18E5,
    0x18E5, 0x18E5, 0x18E5, 0x18E5, 0x18E5, 0x18E5, 0x18E5, 0x18E5,
    0x18E5, 0x18E5, 0x18E5, 0x18E5, 0x18E5, 0x18E5, 0x18E5, 0x18E5,
    0x18E5, 0x18E5, 0x18E5, 0x18E5, 0x18E5, 0x18E5, 0x18E5, 0x18E5,
    0x18E5, 0x18E5, 0x18E5, 0x18E5, 0x18E5, 0x18E5, 0x18E5, 0x18E5,
    0x18E5, 0x18E5, 0x18E5, 0x18E5, 0x18E5, 0x18E5, 0x18E5, 0x18E5,
    0x18E5, 0x18E5, 0x18E5, 0x18E5, 0x18E5, 0x18E5, 0x18E5, 0x18E5,
    0x18E5, 0x18E5, 0x18E5, 0x18E5, 0x18E5, 0x18E5, 0x18E5, 0x18E5,
    0x18E5, 0x18E5, 0x18E5, 0x18E5, 0x18E5, 0x18E5, 0x18E5, 0x18E5,
    0x18E5, 0x18E5, 0x18E5, 0x18E5, 0x18E5, 0x18E5, 0x18E5, 0x18E5,
    0x18E5, 0x18E5, 0x18E5, 0x18E5, 0x18E5, 0x18E5, 0x18E5, 0x18E5,
    0x18E5, 0x18E5, 0x18E5, 0x18E5, 0x18E5, 0x18E5, 0x18E5, 0x18E5,
    0x18E5, 0x18E5, 0x18E5, 0x18E5, 0x18E5, 0x18E5, 0x18E5, 0x18E5,
    0x18E5, 0x18E5, 0x18E5, 0x18E5, 0x18E5, 0x18E5, 0x18E5, 0x18E5,
    0x18E5, 0x18E5, 0x18E5, 0x18E5, 0x18E5, 0x18E5, 0x18E5, 0x18E5,
    0x18E5, 0x18E5, 0x18E5, 0x18E5, 0x18E5, 0x18E5, 0x18E5, 0x18E5,
    0x18E5, 0x18E5, 0x18E5, 0x18E5, 0x18E5, 0x18E5, 0x18E5, 0x18E5,
    0x18E5, 0x18E5, 0x18E5, 0x18E5, 0x18E5, 0x18E5, 0x18E5, 0x18E5,
    0x18E5, 0x18E5, 0x18E5, 0x18E5, 0x18E5, 0x18E5, 0x18E5, 0x18E5,
    0x18E5, 0x18E5, 0x18E5, 0x18E5, 0x18E5, 0x18E5, 0x18E5, 0x18E5,
    0x18E5, 0x18E5, 0x18E5, 0x18E5, 0x18E5, 0x18E5, 0x18E5, 0x18E5,
    0x18E5, 0x18E5, 0x18E5, 0x18E5, 0x18E5, 0x18E5, 0x18E5, 0x18E5,
    0x18E5, 0x18E5, 0x18E5, 0x18E5, 0x18E5, 0x18E5, 0x18E5, 0x18E5,
    0x18E5, 0x18E5, 0x18E5, 0x18E5, 0x18E5, 0x18E5, 0x18E5, 0x18E5,
    0x18E5, 0x18E5, 0x18E5, 0x18E5, 0x18E5, 0x18E5, 0x18E5, 0x18E5,
    0x18E5, 0x18E5, 0x18E5, 0x18E5, 0x18E5, 0x18E5, 0x18E5, 0x18E5,
    0x18E5, 0x18E5, 0x18E5, 0x18E5, 0x18E5, 0x18E5, 0x18E5, 0x18E5,
    0x18E5, 0x18E5, 0x18E5, 0x18E5, 0x18E5, 0x18E5, 0x18E5, 0x18E5,
    0x18E5, 0x18E5, 0x18E5, 0x18E5, 0x18E5, 0x18E5, 0x18E5, 0x18E5,
    0x18E5, 0x18E5, 0x18E5, 0x18E5, 0x18E5, 0x18E5, 0x18E5, 0x18E5,
    0x18E5, 0x18E5, 0x18E5, 0x18E5, 0x18E5, 0x18E5, 0x18E5, 0x18E5,
    0x18E5, 0x18E5, 0x18E5, 0x18E5, 0x18E5, 0x18E5, 0x18E5, 0x18E5,
    0x18E5, 0x18E5, 0x18E5, 0x18E5, 0x18E5, 0x18E5, 0x18E5, 0x18E5,
    0x18E5, 0x18E5, 0x18E5, 0x18E5, 0x18E5, 0x18E5, 0x18E5, 0x18E5,
    0x18E5, 0x18E5, 0x18E5, 0x18E5, 0x18E5, 0x18E5, 0x18E5, 0x18E5,
    0x18E5, 0x18E5, 0x18E5, 0x18E5, 0x18E5, 0x18E5, 0x18E5, 0x18E5,
    0x18E5, 0x18E5, 0x18E5, 0x18E5, 0x18E5, 0x18E5, 0x18E5, 0x18E5,
    0x18E5, 0x18E5, 0x18E5, 0x18E5, 0x18E5, 0x18E5, 0x18E5, 0x18E5,
    0x18E5, 0x18E5, 0x18E5, 0x18E5, 0x18E5, 0x18E5, 0x18E5, 0x18E5,
    0x18E5, 0x18E5, 0x18E5, 0x18E5, 0x18E5, 0x18E5, 0x18E5, 0x18E5,
    0x18E5, 0x18E5, 0x18E5, 0x18E5, 0x18E5, 0x18E5, 0x18E5, 0x18E5,
    0x18E5, 0x18E5, 0x18E5, 0x18E5, 0x18E5, 0x18E5, 0x18E5, 0x18E5,
    0x18E5, 0x18E5, 0x18E5, 0x18E5, 0x18E5, 0x18E5, 0x18E5, 0x18E5,
    0x18E5, 0x18E5, 0x18E5, 0x18E5, 0x18E5, 0x18E5, 0x18E5, 0x18E5,
    0x18E5, 0x18E5, 0x18E5, 0x18E5, 0x18E5, 0x18E5, 0x18E5, 0x18E5,
    0x18E5, 0x18E5, 0x18E5, 0x18E5, 0x18E5, 0x18E5, 0x18E5, 0x18E5,
    0x18E5, 0x18E5, 0x18E5, 0x18E5, 0x18E5, 0x18E5, 0x18E5, 0x18E5,
    0x18E5, 0x18E5, 0x18E5, 0x18E5, 0x18E5, 0x18E5, 0x18E5, 0x18E5,
    0x18E5, 0x18E5, 0x18E5, 0x18E5, 0x18E5, 0x18E5, 0x18E5, 0x18E5,
    0x18E5, 0x18E5, 0x18E5, 0x18E5, 0x18E5, 0x18E5, 0x18E5, 0x18E5,
    0x18E5, 0x18E5, 0x18E5, 0x18E5, 0x18E5, 0x18E5, 0x18E5, 0x18E5,
    0x18E5, 0x18E5, 0x18E5, 0x18E5, 0x18E5, 0x18E5, 0x18E5, 0x18E5,
    0x18E5, 0x18E5, 0x18E5, 0x18E5, 0x18E5, 0x18E5, 0x18E5, 0x18E5,
    0x18E5, 0x18E5, 0x18E5, 0x18E5, 0x18E5, 0x18E5, 0x18E5, 0x18E5,
    0x18E5, 0x18E5, 0x18E5, 0x18E5, 0x18E5, 0x18E5, 0x18E5, 0x18E5,
    0x18E5, 0x18E5, 0x18E5, 0x18E5, 0x18E5, 0x18E5, 0x18E5, 0x18E5,
    0x18E5, 0x18E5, 0x18E5, 0x18E5, 0x18E5, 0x18E5, 0x18E5, 0x18E5,
    0x18E5, 0x18E5, 0x18E5, 0x18E5, 0x18E5, 0x18E5, 0x18E5, 0x18E5,
    0x18E5, 0x18E5, 0x18E5, 0x18E5, 0x18E5, 0x18E5, 0x18E5, 0x18E5,
    0x18E5, 0x18E5, 0x18E5, 0x18E5, 0x18E5, 0x18E5, 0x18E5, 0x18E5,
    0x18E5, 0x18E5, 0x18E5, 0x18E5, 0x18E5, 0x18E5, 0x18E5, 0x18E5,
    0x18E5, 0x18E5, 0x18E5, 0x18E5, 0x18E5, 0x18E5, 0x18E5, 0x18E5,
    0x18E5, 0x18E5, 0x18E5, 0x18E5, 0x18E5, 0x18E5, 0x18E5, 0x18E5,
    0x18E5, 0x18E5, 0x18E5, 0x18E5, 0x18E5, 0x18E5, 0x18E5, 0x18E5,
    0x18E5, 0x18E5, 0x18E5, 0x18E5, 0x18E5, 0x18E5, 0x18E5, 0x18E5,
    0x18E5, 0x18E5, 0x18E5, 0x18E5, 0x18E5, 0x18E5, 0x18E5, 0x18E5,
    0x18E5, 0x18E5, 0x18E5, 0x18E5, 0x18E5, 0x18E5, 0x18E5, 0x18E5,
    0x18E5, 0x18E5, 0x18E5, 0x18E5, 0x18E5, 0x18E5, 0x18E5, 0x18E5,
    0x18E5, 0x18E5, 0x18E5, 0x18E5, 0x18E5, 0x18E5, 0x18E5, 0x18E5,
    0x18E5, 0x18E5, 0x18E5, 0x18E5, 0x18E5, 0x18E5, 0x18E5, 0x18E5,
    0x18E5, 0x18E5, 0x18E5, 0x18E5, 0x18E5, 0x18E5, 0x18E5, 0x18E5,
    0x18E5, 0x18E5, 0x18E5, 0x18E5, 0x18E5, 0x18E5, 0x18E5, 0x18E5,
    0x18E5, 0x18E5, 0x18E5, 0x18E5, 0x18E5, 0x18E5, 0x18E5, 0x18E5,
    0x18E5, 0x18E5, 0x18E5, 0x18E5, 0x18E5, 0x18E5, 0x18E5, 0x18E5,
    0x18E5, 0x18E5, 0x18E5, 0x18E5, 0x18E5, 0x18E5, 0x18E5, 0x18E5,
    0x18E5, 0x18E5, 0x18E5, 0x18E5, 0x18E5, 0x18E5, 0x18E5, 0x18E5,
    0x18E5, 0x18E5, 0x18E5, 0x18E5, 0x18E5, 0x18E5, 0x18E5, 0x18E5,
    0x18E5, 0x18E5, 0x18E5, 0x18E5, 0x18E5, 0x18E5, 0x18E5, 0x18E5,
    0x18E5, 0x18E5, 0x18E5, 0x18E5, 0x18E5, 0x18E5, 0x18E5, 0x18E5,
    0x18E5, 0x18E5, 0x18E5, 0x18E5, 0x18E5, 0x18E5, 0x18E5, 0x18E5,
    0x18E5, 0x18E5, 0x18E5, 0x18E5, 0x18E5, 0x18E5, 0x18E5, 0x18E5,
    0x18E5, 0x18E5, 0x18E5, 0x18E5, 0x18E5, 0x18E5, 0x18E5, 0x18E5,
    0x18E5, 0x18E5, 0x18E5, 0x18E5, 0x18E5, 0x18E5, 0x18E5, 0x18E5,
    0x18E5, 0x18E5, 0x18E5, 0x18E5, 0x18E5, 0x18E5, 0x18E5, 0x18E5,
    0x18E5, 0x18E5, 0x18E5, 0x18E5, 0x18E5, 0x18E5, 0x18E5, 0x18E5,
    0x18E5, 0x18E5, 0x18E5, 0x18E5, 0x18E5, 0x18E5, 0x18E5, 0x18E5,
    0x18E5, 0x18E5, 0x18E5, 0x18E5, 0x18E5, 0x18E5, 0x18E5, 0x18E5,
    0x18E5, 0x18E5, 0x18E5, 0x18E5, 0x18E5, 0x18E5, 0x18E5, 0x18E5,
    0x18E5, 0x18E5, 0x18E5, 0x18E5, 0x18E5, 0x18E5, 0x18E5, 0x18E5,
    0x18E5, 0x18E5, 0x18E5, 0x18E5, 0x18E5, 0x18E5, 0x18E5, 0x18E5,
    0x18E5, 0x18E5, 0x18E5, 0x18E5, 0x18E5, 0x18E5, 0x18E5, 0x18E5,
    0x18E5, 0x18E5, 0x18E5, 0x18E5, 0x18E5, 0x18E5, 0x18E5, 0x18E5,
    0x18E5, 0x18E5, 0x18E5, 0x18E5, 0x18E5, 0x18E5, 0x18E5, 0x18E5,
    0x18E5, 0x18E5, 0x18E5, 0x18E5, 0x18E5, 0x18E5, 0x18E5, 0x18E5,
    0x18E5, 0x18E5, 0x18E5, 0x18E5, 0x18E5, 0x18E5, 0x18E5, 0x18E5,
    0x18E5, 0x18E5, 0x18E5, 0x18E5, 0x18E5, 0x18E5, 0x18E5, 0x18E5,
    0x18E5, 0x18E5, 0x18E5, 0x18E5, 0x18E5, 0x18E5, 0x18E5, 0x18E5,
    0x18E5, 0x18E5, 0x18E5, 0x18E5, 0x18E5, 0x18E5, 0x18E5, 0x18E5,
    0x18E5, 0x18E5, 0x18E5, 0x18E5, 0x18E5, 0x18E5, 0x18E5, 0x18E5,
    0x18E5, 0x18E5, 0x18E5, 0x18E5, 0x18E5, 0x18E5, 0x18E5, 0x18E5,
    0x18E5, 0x18E5, 0x18E5, 0x18E5, 0x18E5, 0x18E5, 0x18E5, 0x18E5,
    0x18E5, 0x18E5, 0x18E5, 0x18E5, 0x18E5, 0x18E5, 0x18E5, 0x18E5,
    0x18E5, 0x18E5, 0x18E5, 0x18E5, 0x18E5, 0x18E5, 0x18E5, 0x18E5,
    0x18E5, 0x18E5, 0x18E5, 0x18E5, 0x18E5, 0x18E5, 0x18E5, 0x18E5,
    0x18E5, 0x18E5, 0x18E5, 0x18E5, 0x18E5, 0x18E5, 0x18E5, 0x18E5,
    0x18E5, 0x18E5, 0x18E5, 0x18E5, 0x18E5, 0x18E5, 0x18E5, 0x18E5,
    0x18E5, 0x18E5, 0x18E5, 0x18E5, 0x18E5, 0x18E5, 0x18E5, 0x18E5,
    0x18E5, 0x18E5, 0x18E5, 0x18E5, 0x18E5, 0x18E5, 0x18E5, 0x18E5,
    0x18E5, 0x18E5, 0x18E5, 0x18E5, 0x18E5, 0x18E5, 0x18E5, 0x18E5,
    0x18E5, 0x18E5, 0x18E5, 0x18E5, 0x18E5, 0x18E5, 0x18E5, 0x18E5,
    0x18E5, 0x18E5, 0x18E5, 0x18E5, 0x18E5, 0x18E5, 0x18E5, 0x18E5,
    0x18E5, 0x18E5, 0x18E5, 0x18E5, 0x18E5, 0x18E5, 0x18E5, 0x18E5,
    0x18E5, 0x18E5, 0x18E5, 0x18E5, 0x18E5, 0x18E5, 0x18E5, 0x18E5,
    0x18E5, 0x18E5, 0x18E5, 0x18E5, 0x18E5, 0x18E5, 0x18E5, 0x18E5,
    0x18E5, 0x18E5, 0x18E5, 0x18E5, 0x18E5, 0x18E5, 0x18E5, 0x18E5,
    0x18E5, 0x18E5, 0x18E5, 0x18E5, 0x18E5, 0x18E5, 0x18E5, 0x18E5,
    0x18E5, 0x18E5, 0x18E5, 0x18E5, 0x18E5, 0x18E5, 0x18E5, 0x18E5,
    0x18E5, 0x18E5, 0x18E5, 0x18E5, 0x18E5, 0x18E5, 0x18E5, 0x18E5,
    0x18E5, 0x18E5, 0x18E5, 0x18E5, 0x18E5, 0x18E5, 0x18E5, 0x18E5,
    0x18E5, 0x18E5, 0x18E5, 0x18E5, 0x18E5, 0x18E5, 0x18E5, 0x18E5,
    0x18E5, 0x18E5, 0x18E5, 0x18E5, 0x18E5, 0x18E5, 0x18E5, 0x18E5,
    0x18E5, 0x18E5, 0x18E5, 0x18E5, 0x18E5, 0x18E5, 0x18E5, 0x18E5,
    0x18E5, 0x18E5, 0x18E5, 0x18E5, 0x18E5, 0x18E5, 0x18E5, 0x18E5,
    0x18E5, 0x18E5, 0x18E5, 0x18E5, 0x18E5, 0x18E5, 0x18E5, 0x18E5,
    0x18E5, 0x18E5, 0x18E5, 0x18E5, 0x18E5, 0x18E5, 0x18E5, 0x18E5,
    0x18E5, 0x18E5, 0x18E5, 0x18E5, 0x18E5, 0x18E5, 0x18E5, 0x18E5,
    0x18E5, 0x18E5, 0x18E5, 0x18E5, 0x18E5, 0x18E5, 0x18E5, 0x18E5,
    0x18E5, 0x18E5, 0x18E5, 0x18E5, 0x18E5, 0x18E5, 0x18E5, 0x18E5,
    0x18E5, 0x18E5, 0x18E5, 0x18E5, 0x18E5, 0x18E5, 0x18E5, 0x18E5,
    0x18E5, 0x18E5, 0x18E5, 0x18E5, 0x18E5, 0x18E5, 0x18E5, 0x18E5,
    0x18E5, 0x18E5, 0x18E5, 0x18E5, 0x18E5, 0x18E5, 0x18E5, 0x18E5,
    0x18E5, 0x18E5, 0x18E5, 0x18E5, 0x18E5, 0x18E5, 0x18E5, 0x18E5,
    0x18E5, 0x18E5, 0x18E5, 0x18E5, 0x18E5, 0x18E5, 0x18E5, 0x18E5,
    0x18E5, 0x18E5, 0x18E5, 0x18E5, 0x18E5, 0x18E5, 0x18E5, 0x18E5,
    0x18E5, 0x18E5, 0x18E5, 0x18E5, 0x18E5, 0x18E5, 0x18E5, 0x18E5,
    0x18E5, 0x18E5, 0x18E5, 0x18E5, 0x18E5, 0x18E5, 0x18E5, 0x18E5,
    0x18E5, 0x18E5, 0x18E5, 0x18E5, 0x18E5, 0x18E5, 0x18E5, 0x18E5,
    0x18E5, 0x18E5, 0x18E5, 0x18E5, 0x18E5, 0x18E5, 0x18E5, 0x18E5,
    0x18E5, 0x18E5, 0x18E5, 0x18E5, 0x18E5, 0x18E5, 0x18E5, 0x18E5,
    0x18E5, 0x18E5, 0x18E5, 0x18E5, 0x18E5, 0x18E5, 0x18E5, 0x18E5,
    0x18E5, 0x18E5, 0x18E5, 0x18E5, 0x18E5, 0x18E5, 0x18E5, 0x18E5,
    0x18E5, 0x18E5, 0x18E5, 0x18E5, 0x18E5, 0x18E5, 0x18E5, 0x18E5,
    0x18E5, 0x18E5, 0x18E5, 0x18E5, 0x18E5, 0x18E5, 0x18E5, 0x18E5,
    0x18E5, 0x18E5, 0x18E5, 0x18E5, 0x18E5, 0x18E5, 0x18E5, 0x18E5,
    0x18E5, 0x18E5, 0x18E5, 0x18E5, 0x18E5, 0x18E5, 0x18E5, 0x18E5,
    0x18E5, 0x18E5, 0x18E5, 0x18E5, 0x18E5, 0x18E5, 0x18E5, 0x18E5,
    0x18E5, 0x18E5, 0x18E5, 0x18E5, 0x18E5, 0x18E5, 0x18E5, 0x18E5,
    0x18E5, 0x18E5, 0x18E5, 0x18E5, 0x18E5, 0x18E5, 0x18E5, 0x18E5,
    0x18E5, 0x18E5, 0x18E5, 0x18E5, 0x18E5, 0x18E5, 0x18E5, 0x18E5,
    0x18E5, 0x18E5, 0x18E5, 0x18E5, 0x18E5, 0x18E5, 0x18E5, 0x18E5,
    0x18E5, 0x18E5, 0x18E5, 0x18E5, 0x18E5, 0x18E5, 0x18E5, 0x18E5,
    0x18E5, 0x18E5, 0x18E5, 0x18E5, 0x18E5, 0x18E5, 0x18E5, 0x18E5,
    0x18E5, 0x18E5, 0x18E5, 0x18E5, 0x18E5, 0x18E5, 0x18E5, 0x18E5,
    0x18E5, 0x18E5, 0x18E5, 0x18E5, 0x18E5, 0x18E5, 0x18E5, 0x18E5,
    0x18E5, 0x18E5, 0x18E5, 0x18E5, 0x18E5, 0x18E5, 0x18E5, 0x18E5,
    0x18E5, 0x18E5, 0x18E5, 0x18E5, 0x18E5, 0x18E5, 0x18E5, 0x18E5,
    0x18E5, 0x18E5, 0x18E5, 0x18E5, 0x18E5, 0x18E5, 0x18E5, 0x18E5,
    0x18E5, 0x18E5, 0x18E5, 0x18E5, 0x18E5, 0x18E5, 0x18E5, 0x18E5,
    0x18E5, 0x18E5, 0x18E5, 0x18E5, 0x18E5, 0x18E5, 0x18E5, 0x18E5,
    0x18E5, 0x18E5, 0x18E5, 0x18E5, 0x18E5, 0x18E5, 0x18E5, 0x18E5,
    0x18E5, 0x18E5, 0x18E5, 0x18E5, 0x18E5, 0x18E5, 0x18E5, 0x18E5,
    0x18E5, 0x18E5, 0x18E5, 0x18E5, 0x18E5, 0x18E5, 0x18E5, 0x18E5,
    0x18E5, 0x18E5, 0x18E5, 0x18E5, 0x18E5, 0x18E5, 0x18E5, 0x18E5,
    0x18E5, 0x18E5, 0x18E5, 0x18E5, 0x18E5, 0x18E5, 0x18E5, 0x18E5,
    0x18E5, 0x18E5, 0x18E5, 0x18E5, 0x18E5, 0x18E5, 0x18E5, 0x18E5,
    0x18E5, 0x18E5, 0x18E5, 0x18E5, 0x18E5, 0x18E5, 0x18E5, 0x18E5,
    0x18E5, 0x18E5, 0x18E5, 0x18E5, 0x18E5, 0x18E5, 0x18E5, 0x18E5,
    0x18E5, 0x18E5, 0x18E5, 0x18E5, 0x18E5, 0x18E5, 0x18E5, 0x18E5,
    0x18E5, 0x18E5, 0x18E5, 0x18E5, 0x18E5, 0x18E5, 0x18E5, 0x18E5,
    0x18E5, 0x18E5, 0x18E5, 0x18E5, 0x18E5, 0x18E5, 0x18E5, 0x18E5,
    0x18E5, 0x18E5, 0x18E5, 0x18E5, 0x18E5, 0x18E5, 0x18E5, 0x18E5,
    0x18E5, 0x18E5, 0x18E5, 0x18E5, 0x18E5, 0x18E5, 0x18E5, 0x18E5,
    0x18E5, 0x18E5, 0x18E5, 0x18E5, 0x18E5, 0x18E5, 0x18E5, 0x18E5,
    0x18E5, 0x18E5, 0x18E5, 0x18E5, 0x18E5, 0x18E5, 0x18E5, 0x18E5,
    0x18E5, 0x18E5, 0x18E5, 0x18E5, 0x18E5, 0x18E5, 0x18E5, 0x18E5,
    0x18E5, 0x18E5, 0x18E5, 0x18E5, 0x18E5, 0x18E5, 0x18E5, 0x18E5,
    0x18E5, 0x18E5, 0x18E5, 0x18E5, 0x18E5, 0x18E5, 0x18E5, 0x18E5,
    0x18E5, 0x18E5, 0x18E5, 0x18E5, 0x18E5, 0x18E5, 0x18E5, 0x18E5,
    0x18E5, 0x18E5, 0x18E5, 0x18E5, 0x18E5, 0x18E5, 0x18E5, 0x18E5,
    0x18E5, 0x18E5, 0x18E5, 0x18E5, 0x18E5, 0x18E5, 0x18E5, 0x18E5,
    0x18E5, 0x18E5, 0x18E5, 0x18E5, 0x18E5, 0x18E5, 0x18E5, 0x18E5,
    0x18E5, 0x18E5, 0x18E5, 0x18E5, 0x18E5, 0x18E5, 0x18E5, 0x18E5,
    0x18E5, 0x18E5, 0x18E5, 0x18E5, 0x18E5, 0x18E5, 0x18E5, 0x18E5,
    0x18E5, 0x18E5, 0x18E5, 0x18E5, 0x18E5, 0x18E5, 0x18E5, 0x18E5,
    0x18E5, 0x18E5, 0x18E5, 0x18E5, 0x18E5, 0x18E5, 0x18E5, 0x18E5,
    0x18E5, 0x18E5, 0x18E5, 0x18E5, 0x18E5, 0x18E5, 0x18E5, 0x18E5,
    0x18E5, 0x18E5, 0x18E5, 0x18E5, 0x18E5, 0x18E5, 0x18E5, 0x18E5,
    0x18E5, 0x18E5, 0x18E5, 0x18E5, 0x18E5, 0x18E5, 0x18E5, 0x18E5,
    0x18E5, 0x18E5, 0x18E5, 0x18E5, 0x18E5, 0x18E5, 0x18E5, 0x18E5,
    0x18E5, 0x18E5, 0x18E5, 0x18E5, 0x18E5, 0x18E5, 0x18E5, 0x18E5,
    0x18E5, 0x18E5, 0x18E5, 0x18E5, 0x18E5, 0x18E5, 0x18E5, 0x18E5,
    0x18E5, 0x18E5, 0x18E5, 0x18E5, 0x18E5, 0x18E5, 0x18E5, 0x18E5,
    0x18E5, 0x18E5, 0x18E5, 0x18E5, 0x18E5, 0x18E5, 0x18E5, 0x18E5,
    0x18E5, 0x18E5, 0x18E5, 0x18E5, 0x18E5, 0x18E5, 0x18E5, 0x18E5,
    0x18E5, 0x18E5, 0x18E5, 0x18E5, 0x18E5, 0x18E5, 0x18E5, 0x18E5,
    0x18E5, 0x18E5, 0x18E5, 0x18E5, 0x18E5, 0x18E5, 0x18E5, 0x18E5,
    0x18E5, 0x18E5, 0x18E5, 0x18E5, 0x18E5, 0x18E5, 0x18E5, 0x18E5,
    0x18E5, 0x18E5, 0x18E5, 0x18E5, 0x18E5, 0x18E5, 0x18E5, 0x18E5,
    0x18E5, 0x18E5, 0x18E5, 0x18E5, 0x18E5, 0x18E5, 0x18E5, 0x18E5,
    0x18E5, 0x18E5, 0x18E5, 0x18E5, 0x18E5, 0x18E5, 0x18E5, 0x18E5,
    0x18E5, 0x18E5, 0x18E5, 0x18E5, 0x18E5, 0x18E5, 0x18E5, 0x18E5,
    0x18E5, 0x18E5, 0x18E5, 0x18E5, 0x18E5, 0x18E5, 0x18E5, 0x18E5,
    0x18E5, 0x18E5, 0x18E5, 0x18E5, 0x18E5, 0x18E5, 0x18E5, 0x18E5,
    0x18E5, 0x18E5, 0x18E5, 0x18E5, 0x18E5, 0x18E5, 0x18E5, 0x18E5,
    0x18E5, 0x18E5, 0x18E5, 0x18E5, 0x18E5, 0x18E5, 0x18E5, 0x18E5,
    0x18E5, 0x18E5, 0x18E5, 0x18E5, 0x18E5, 0x18E5, 0x18E5, 0x18E5,
    0x18E5, 0x18E5, 0x18E5, 0x18E5, 0x18E5, 0x18E5, 0x18E5, 0x18E5,
    0x18E5, 0x18E5, 0x18E5, 0x18E5, 0x18E5, 0x18E5, 0x18E5, 0x18E5,
    0x18E5, 0x18E5, 0x18E5, 0x18E5, 0x18E5, 0x18E5, 0x18E5, 0x18E5,
    0x18E5, 0x18E5, 0x18E5, 0x18E5, 0x18E5, 0x18E5, 0x18E5, 0x18E5,
    0x18E5, 0x18E5, 0x18E5, 0x18E5, 0x18E5, 0x18E5, 0x18E5, 0x18E5,
    0x18E5, 0x18E5, 0x18E5, 0x18E5, 0x18E5, 0x18E5, 0x18E5, 0x18E5,
    0x18E5, 0x18E5, 0x18E5, 0x18E5, 0x18E5, 0x18E5, 0x18E5, 0x18E5,
    0x18E5, 0x18E5, 0x18E5, 0x18E5, 0x18E5, 0x18E5, 0x18E5, 0x18E5,
    0x18E5, 0x18E5, 0x18E5, 0x18E5, 0x18E5, 0x18E5, 0x18E5, 0x18E5,
    0x18E5, 0x18E5, 0x18E5, 0x18E5, 0x18E5, 0x18E5, 0x18E5, 0x18E5,
    0x18E5, 0x18E5, 0x18E5, 0x18E5, 0x18E5, 0x18E5, 0x18E5, 0x18E5,
    0x18E5, 0x18E5, 0x18E5, 0x18E5, 0x18E5, 0x18E5, 0x18E5, 0x18E5,
    0x18E5, 0x18E5, 0x18E5, 0x18E5, 0x18E5, 0x18E5, 0x18E5, 0x18E5,
    0x18E5, 0x18E5, 0x18E5, 0x18E5, 0x18E5, 0x18E5, 0x18E5, 0x18E5,
    0x18E5, 0x18E5, 0x18E5, 0x18E5, 0x18E5, 0x18E5, 0x18E5, 0x18E5,
    0x18E5, 0x18E5, 0x18E5, 0x18E5, 0x18E5, 0x18E5, 0x18E5, 0x18E5,
    0x18E5, 0x18E5, 0x18E5, 0x18E5, 0x18E5, 0x18E5, 0x18E5, 0x18E5,
    0x18E5, 0x18E5, 0x18E5, 0x18E5, 0x18E5, 0x18E5, 0x18E5, 0x18E5,
    0x18E5, 0x18E5, 0x18E5, 0x18E5, 0x18E5, 0x18E5, 0x18E5, 0x18E5,
    0x18E5, 0x18E5, 0x18E5, 0x18E5, 0x18E5, 0x18E5, 0x18E5, 0x18E5,
    0x18E5, 0x18E5, 0x18E5, 0x18E5, 0x18E5, 0x18E5, 0x18E5, 0x18E5,
    0x18E5, 0x18E5, 0x18E5, 0x18E5, 0x18E5, 0x18E5, 0x18E5, 0x18E5,
    0x18E5, 0x18E5, 0x18E5, 0x18E5, 0x18E5, 0x18E5, 0x18E5, 0x18E5,
    0x18E5, 0x18E5, 0x18E5, 0x18E5, 0x18E5, 0x18E5, 0x18E5, 0x18E5,
    0x18E5, 0x18E5, 0x18E5, 0x18E5, 0x18E5, 0x18E5, 0x18E5, 0x18E5,
    0x18E5, 0x18E5, 0x18E5, 0x18E5, 0x18E5, 0x18E5, 0x18E5, 0x18E5,
    0x18E5, 0x18E5, 0x18E5, 0x18E5, 0x18E5, 0x18E5, 0x18E5, 0x18E5,
    0x18E5, 0x18E5, 0x18E5, 0x18E5, 0x18E5, 0x18E5, 0x18E5, 0x18E5,
    0x18E5, 0x18E5, 0x18E5, 0x18E5, 0x18E5, 0x18E5, 0x18E5, 0x18E5,
    0x18E5, 0x18E5, 0x18E5, 0x18E5, 0x18E5, 0x18E5, 0x18E5, 0x18E5,
    0x18E5, 0x18E5, 0x18E5, 0x18E5, 0x18E5, 0x18E5, 0x18E5, 0x18E5,
    0x18E5, 0x18E5, 0x18E5, 0x18E5, 0x18E5, 0x18E5, 0x18E5, 0x18E5,
    0x18E5, 0x18E5, 0x18E5, 0x18E5, 0x18E5, 0x18E5, 0x18E5, 0x18E5,
    0x18E5, 0x18E5, 0x18E5, 0x18E5, 0x18E5, 0x18E5, 0x18E5, 0x18E5,
    0x18E5, 0x18E5, 0x18E5, 0x18E5, 0x18E5, 0x18E5, 0x18E5, 0x18E5,
    0x18E5, 0x18E5, 0x18E5, 0x18E5, 0x18E5, 0x18E5, 0x18E5, 0x18E5,
    0x18E5, 0x18E5, 0x18E5, 0x18E5, 0x18E5, 0x18E5, 0x18E5, 0x18E5,
    0x18E5, 0x18E5, 0x18E5, 0x18E5, 0x18E5, 0x18E5, 0x18E5, 0x18E5,
    0x18E5, 0x18E5, 0x18E5, 0x18E5, 0x18E5, 0x18E5, 0x18E5, 0x18E5,
    0x18E5, 0x18E5, 0x18E5, 0x18E5, 0x18E5, 0x18E5, 0x18E5, 0x18E5,
    0x18E5, 0x18E5, 0x18E5, 0x18E5, 0x18E5, 0x18E5, 0x18E5, 0x18E5,
    0x18E5, 0x18E5, 0x18E5, 0x18E5, 0x18E5, 0x18E5, 0x18E5, 0x18E5,
    0x18E5, 0x18E5, 0x18E5, 0x18E5, 0x18E5, 0x18E5, 0x18E5, 0x18E5,
    0x18E5, 0x18E5, 0x18E5, 0x18E5, 0x18E5, 0x18E5, 0x18E5, 0x18E5,
    0x18E5, 0x18E5, 0x18E5, 0x18E5, 0x18E5, 0x18E5, 0x18E5, 0x18E5,
    0x18E5, 0x18E5, 0x18E5, 0x18E5, 0x18E5, 0x18E5, 0x18E5, 0x18E5,
    0x18E5, 0x18E5, 0x18E5, 0x18E5, 0x18E5, 0x18E5, 0x18E5, 0x18E5,
    0x18E5, 0x18E5, 0x18E5, 0x18E5, 0x18E5, 0x18E5, 0x18E5, 0x18E5,
    0x18E5, 0x18E5, 0x18E5, 0x18E5, 0x18E5, 0x18E5, 0x18E5, 0x18E5,
    0x18E5, 0x18E5, 0x18E5, 0x18E5, 0x18E5, 0x18E5, 0x18E5, 0x18E5,
    0x18E5, 0x18E5, 0x18E5, 0x18E5, 0x18E5, 0x18E5, 0x18E5, 0x18E5,
    0x18E5, 0x18E5, 0x18E5, 0x18E5, 0x18E5, 0x18E5, 0x18E5, 0x18E5,
    0x18E5, 0x18E5, 0x18E5, 0x18E5, 0x18E5, 0x18E5, 0x18E5, 0x18E5,
    0x18E5, 0x18E5, 0x18E5, 0x18E5, 0x18E5, 0x18E5, 0x18E5, 0x18E5,
    0x18E5, 0x18E5, 0x18E5, 0x18E5, 0x18E5, 0x18E5, 0x18E5, 0x18E5,
    0x18E5, 0x18E5, 0x18E5, 0x18E5, 0x18E5, 0x18E5, 0x18E5, 0x18E5,
    0x18E5, 0x18E5, 0x18E5, 0x18E5, 0x18E5, 0x18E5, 0x18E5, 0x18E5,
    0x18E5, 0x18E5, 0x18E5, 0x18E5, 0x18E5, 0x18E5, 0x18E5, 0x18E5,
    0x18E5, 0x18E5, 0x18E5, 0x18E5, 0x18E5, 0x18E5, 0x18E5, 0x18E5,
    0x18E5, 0x18E5, 0x18E5, 0x18E5, 0x18E5, 0x18E5, 0x18E5, 0x18E5,
    0x18E5, 0x18E5, 0x18E5, 0x18E5, 0x18E5, 0x18E5, 0x18E5, 0x18E5,
    0x18E5, 0x18E5, 0x18E5, 0x18E5, 0x18E5, 0x18E5, 0x18E5, 0x18E5,
    0x18E5, 0x18E5, 0x18E5, 0x18E5, 0x18E5, 0x18E5, 0x18E5, 0x18E5,
    0x18E5, 0x18E5, 0x18E5, 0x18E5, 0x18E5, 0x18E5, 0x18E5, 0x18E5,
    0x18E5, 0x18E5, 0x18E5, 0x18E5, 0x18E5, 0x18E5, 0x18E5, 0x18E5,
    0x18E5, 0x18E5, 0x18E5, 0x18E5, 0x18E5, 0x18E5, 0x18E5, 0x18E5,
    0x18E5, 0x18E5, 0x18E5, 0x18E5, 0x18E5, 0x18E5, 0x18E5, 0x18E5,
    0x18E5, 0x18E5, 0x18E5, 0x18E5, 0x18E5, 0x18E5, 0x18E5, 0x18E5,
    0x18E5, 0x18E5, 0x18E5, 0x18E5, 0x18E5, 0x18E5, 0x18E5, 0x18E5,
    0x18E5, 0x18E5, 0x18E5, 0x18E5, 0x18E5, 0x18E5, 0x18E5, 0x18E5,
    0x18E5, 0x18E5, 0x18E5, 0x18E5, 0x18E5, 0x18E5, 0x18E5, 0x18E5,
    0x18E5, 0x18E5, 0x18E5, 0x18E5, 0x18E5, 0x18E5, 0x18E5, 0x18E5,
    0x18E5, 0x18E5, 0x18E5, 0x18E5, 0x18E5, 0x18E5, 0x18E5, 0x18E5,
    0x18E5, 0x18E5, 0x18E5, 0x18E5, 0x18E5, 0x18E5, 0x18E5, 0x18E5,
    0x18E5, 0x18E5, 0x18E5, 0x18E5, 0x18E5, 0x18E5, 0x18E5, 0x18E5,
    0x18E5, 0x18E5, 0x18E5, 0x18E5, 0x18E5, 0x18E5, 0x18E5, 0x18E5,
    0x18E5, 0x18E5, 0x18E5, 0x18E5, 0x18E5, 0x18E5, 0x18E5, 0x18E5,
    0x18E5, 0x18E5, 0x18E5, 0x18E5, 0x18E5, 0x18E5, 0x18E5, 0x18E5,
    0x18E5, 0x18E5, 0x18E5, 0x18E5, 0x18E5, 0x18E5, 0x18E5, 0x18E5,
    0x18E5, 0x18E5, 0x18E5, 0x18E5, 0x18E5, 0x18E5, 0x18E5, 0x18E5,
    0x18E5, 0x18E5, 0x18E5, 0x18E5, 0x18E5, 0x18E5, 0x18E5, 0x18E5,
    0x18E5, 0x18E5, 0x18E5, 0x18E5, 0x18E5, 0x18E5, 0x18E5, 0x18E5,
    0x18E5, 0x18E5, 0x18E5, 0x18E5, 0x18E5, 0x18E5, 0x18E5, 0x18E5,
    0x18E5, 0x18E5, 0x18E5, 0x18E5, 0x18E5, 0x18E5, 0x18E5, 0x18E5,
    0x18E5, 0x18E5, 0x18E5, 0x18E5, 0x18E5, 0x18E5, 0x18E5, 0x18E5,
    0x18E5, 0x18E5, 0x18E5, 0x18E5, 0x18E5, 0x18E5, 0x18E5, 0x18E5,
    0x18E5, 0x18E5, 0x18E5, 0x18E5, 0x18E5, 0x18E5, 0x18E5, 0x18E5,
    0x18E5, 0x18E5, 0x18E5, 0x18E5, 0x18E5, 0x18E5, 0x18E5, 0x18E5,
    0x18E5, 0x18E5, 0x18E5, 0x18E5, 0x18E5, 0x18E5, 0x18E5, 0x18E5,
    0x18E5, 0x18E5, 0x18E5, 0x18E5, 0x18E5, 0x18E5, 0x18E5, 0x18E5,
    0x18E5, 0x18E5, 0x18E5, 0x18E5, 0x18E5, 0x18E5, 0x18E5, 0x18E5,
    0x18E5, 0x18E5, 0x18E5, 0x18E5, 0x18E5, 0x18E5, 0x18E5, 0x18E5,
    0x18E5, 0x18E5, 0x18E5, 0x18E5, 0x18E5, 0x18E5, 0x18E5, 0x18E5,
    0x18E5, 0x18E5, 0x18E5, 0x18E5, 0x18E5, 0x18E5, 0x18E5, 0x18E5,
    0x18E5, 0x18E5, 0x18E5, 0x18E5, 0x18E5, 0x18E5, 0x18E5, 0x18E5,
    0x18E5, 0x18E5, 0x18E5, 0x18E5, 0x18E5, 0x18E5, 0x18E5, 0x18E5,
    0x18E5, 0x18E5, 0x18E5, 0x18E5, 0x18E5, 0x18E5, 0x18E5, 0x18E5,
    0x18E5, 0x18E5, 0x18E5, 0x18E5, 0x18E5, 0x18E5, 0x18E5, 0x18E5,
    0x18E5, 0x18E5, 0x18E5, 0x18E5, 0x18E5, 0x18E5, 0x18E5, 0x18E5,
    0x18E5, 0x18E5, 0x18E5, 0x18E5, 0x18E5, 0x18E5, 0x18E5, 0x18E5,
    0x18E5, 0x18E5, 0x18E5, 0x18E5, 0x18E5, 0x18E5, 0x18E5, 0x18E5,
    0x18E5, 0x18E5, 0x18E5, 0x18E5, 0x18E5, 0x18E5, 0x18E5, 0x18E5,
    0x18E5, 0x18E5, 0x18E5, 0x18E5, 0x18E5, 0x18E5, 0x18E5, 0x18E5,
    0x18E5, 0x18E5, 0x18E5, 0x18E5, 0x18E5, 0x18E5, 0x18E5, 0x18E5,
    0x18E5, 0x18E5, 0x18E5, 0x18E5, 0x18E5, 0x18E5, 0x18E5, 0x18E5,
    0x18E5, 0x18E5, 0x18E5, 0x18E5, 0x18E5, 0x18E5, 0x18E5, 0x18E5,
    0x18E5, 0x18E5, 0x18E5, 0x18E5, 0x18E5, 0x18E5, 0x18E5, 0x18E5,
    0x18E5, 0x18E5, 0x18E5, 0x18E5, 0x18E5, 0x18E5, 0x18E5, 0x18E5,
    0x18E5, 0x18E5, 0x18E5, 0x18E5, 0x18E5, 0x18E5, 0x18E5, 0x18E5,
    0x18E5, 0x18E5, 0x18E5, 0x18E5, 0x18E5, 0x18E5, 0x18E5, 0x18E5,
    0x18E5, 0x18E5, 0x18E5, 0x18E5, 0x18E5, 0x18E5, 0x18E5, 0x18E5,
    0x18E5, 0x18E5, 0x18E5, 0x18E5, 0x18E5, 0x18E5, 0x18E5, 0x18E5,
    0x18E5, 0x18E5, 0x18E5, 0x18E5, 0x18E5, 0x18E5, 0x18E5, 0x18E5,
    0x18E5, 0x18E5, 0x18E5, 0x18E5, 0x18E5, 0x18E5, 0x18E5, 0x18E5,
    0x18E5, 0x18E5, 0x18E5, 0x18E5, 0x18E5, 0x18E5, 0x18E5, 0x18E5,
    0x18E5, 0x18E5, 0x18E5, 0x18E5, 0x18E5, 0x18E5, 0x18E5, 0x18E5,
    0x18E5, 0x18E5, 0x18E5, 0x18E5, 0x18E5, 0x18E5, 0x18E5, 0x18E5,
    0x18E5, 0x18E5, 0x18E5, 0x18E5, 0x18E5, 0x18E5, 0x18E5, 0x18E5,
    0x18E5, 0x18E5, 0x18E5, 0x18E5, 0x18E5, 0x18E5, 0x18E5, 0x18E5,
    0x18E5, 0x18E5, 0x18E5, 0x18E5, 0x18E5, 0x18E5, 0x18E5, 0x18E5,
    0x18E5, 0x18E5, 0x18E5, 0x18E5, 0x18E5, 0x18E5, 0x18E5, 0x18E5,
    0x18E5, 0x18E5, 0x18E5, 0x18E5, 0x18E5, 0x18E5, 0x18E5, 0x18E5,
    0x18E5, 0x18E5, 0x18E5, 0x18E5, 0x18E5, 0x18E5, 0x18E5, 0x18E5,
    0x18E5, 0x18E5, 0x18E5, 0x18E5, 0x18E5, 0x18E5, 0x18E5, 0x18E5,
    0x18E5, 0x18E5, 0x18E5, 0x18E5, 0x18E5, 0x18E5, 0x18E5, 0x18E5,
    0x18E5, 0x18E5, 0x18E5, 0x18E5, 0x18E5, 0x18E5, 0x18E5, 0x18E5,
    0x18E5, 0x18E5, 0x18E5, 0x18E5, 0x18E5, 0x18E5, 0x18E5, 0x18E5,
    0x18E5, 0x18E5, 0x18E5, 0x18E5, 0x18E5, 0x18E5, 0x18E5, 0x18E5,
    0x18E5, 0x18E5, 0x18E5, 0x18E5, 0x18E5, 0x18E5, 0x18E5, 0x18E5,
    0x18E5, 0x18E5, 0x18E5, 0x18E5, 0x18E5, 0x18E5, 0x18E5, 0x18E5,
    0x18E5, 0x18E5, 0x18E5, 0x18E5, 0x18E5, 0x18E5, 0x18E5, 0x18E5,
    0x18E5, 0x18E5, 0x18E5, 0x18E5, 0x18E5, 0x18E5, 0x18E5, 0x18E5,
    0x18E5, 0x18E5, 0x18E5, 0x18E5, 0x18E5, 0x18E5, 0x18E5, 0x18E5,
    0x18E5, 0x18E5, 0x18E5, 0x18E5, 0x18E5, 0x18E5, 0x18E5, 0x18E5,
    0x18E5, 0x18E5, 0x18E5, 0x18E5, 0x18E5, 0x18E5, 0x18E5, 0x18E5,
    0x18E5, 0x18E5, 0x18E5, 0x18E5, 0x18E5, 0x18E5, 0x18E5, 0x18E5,
    0x18E5, 0x18E5, 0x18E5, 0x18E5, 0x18E5, 0x18E5, 0x18E5, 0x18E5,
    0x18E5, 0x18E5, 0x18E5, 0x18E5, 0x18E5, 0x18E5, 0x18E5, 0x18E5,
    0x18E5, 0x18E5, 0x18E5, 0x18E5, 0x18E5, 0x18E5, 0x18E5, 0x18E5,
    0x18E5, 0x18E5, 0x18E5, 0x18E5, 0x18E5, 0x18E5, 0x18E5, 0x18E5,
    0x18E5, 0x18E5, 0x18E5, 0x18E5, 0x18E5, 0x18E5, 0x18E5, 0x18E5,
    0x18E5, 0x18E5, 0x18E5, 0x18E5, 0x18E5, 0x18E5, 0x18E5, 0x18E5,
    0x18E5, 0x18E5, 0x18E5, 0x18E5, 0x18E5, 0x18E5, 0x18E5, 0x18E5,
    0x18E5, 0x18E5, 0x18E5, 0x18E5, 0x18E5, 0x18E5, 0x18E5, 0x18E5,
    0x18E5, 0x18E5, 0x18E5, 0x18E5, 0x18E5, 0x18E5, 0x18E5, 0x18E5,
    0x18E5, 0x18E5, 0x18E5, 0x18E5, 0x18E5, 0x18E5, 0x18E5, 0x18E5,
    0x18E5, 0x18E5, 0x18E5, 0x18E5, 0x18E5, 0x18E5, 0x18E5, 0x18E5,
    0x18E5, 0x18E5, 0x18E5, 0x18E5, 0x18E5, 0x18E5, 0x18E5, 0x18E5,
    0x18E5, 0x18E5, 0x18E5, 0x18E5, 0x18E5, 0x18E5, 0x18E5, 0x18E5,
    0x18E5, 0x18E5, 0x18E5, 0x18E5, 0x18E5, 0x18E5, 0x18E5, 0x18E5,
    0x18E5, 0x18E5, 0x18E5, 0x18E5, 0x18E5, 0x18E5, 0x18E5, 0x18E5,
    0x18E5, 0x18E5, 0x18E5, 0x18E5, 0x18E5, 0x18E5, 0x18E5, 0x18E5,
    0x18E5, 0x18E5, 0x18E5, 0x18E5, 0x18E5, 0x18E5, 0x18E5, 0x18E5,
    0x18E5, 0x18E5, 0x18E5, 0x18E5, 0x18E5, 0x18E5, 0x18E5, 0x18E5,
    0x18E5, 0x18E5, 0x18E5, 0x18E5, 0x18E5, 0x18E5, 0x18E5, 0x18E5,
    0x18E5, 0x18E5, 0x18E5, 0x18E5, 0x18E5, 0x18E5, 0x18E5, 0x18E5,
    0x18E5, 0x18E5, 0x18E5, 0x18E5, 0x18E5, 0x18E5, 0x18E5, 0x18E5,
    0x18E5, 0x18E5, 0x18E5, 0x18E5, 0x18E5, 0x18E5, 0x18E5, 0x18E5,
    0x18E5, 0x18E5, 0x18E5, 0x18E5, 0x18E5, 0x18E5, 0x18E5, 0x18E5,
    0x18E5, 0x18E5, 0x18E5, 0x18E5, 0x18E5, 0x18E5, 0x18E5, 0x18E5,
    0x18E5, 0x18E5, 0x18E5, 0x18E5, 0x18E5, 0x18E5, 0x18E5, 0x18E5,
    0x18E5, 0x18E5, 0x18E5, 0x18E5, 0x18E5, 0x18E5, 0x18E5, 0x18E5,
    0x18E5, 0x18E5, 0x18E5, 0x18E5, 0x18E5, 0x18E5, 0x18E5, 0x18E5,
    0x18E5, 0x18E5, 0x18E5, 0x18E5, 0x18E5, 0x18E5, 0x18E5, 0x18E5,
    0x18E5, 0x18E5, 0x18E5, 0x18E5, 0x18E5, 0x18E5, 0x18E5, 0x18E5,
    0x18E5, 0x18E5, 0x18E5, 0x18E5, 0x18E5, 0x18E5, 0x18E5, 0x18E5,
    0x18E5, 0x18E5, 0x18E5, 0x18E5, 0x18E5, 0x18E5, 0x18E5, 0x18E5,
    0x18E5, 0x18E5, 0x18E5, 0x18E5, 0x18E5, 0x18E5, 0x18E5, 0x18E5,
    0x18E5, 0x18E5, 0x18E5, 0x18E5, 0x18E5, 0x18E5, 0x18E5, 0x18E5,
    0x18E5, 0x18E5, 0x18E5, 0x18E5, 0x18E5, 0x18E5, 0x18E5, 0x18E5,
    0x18E5, 0x18E5, 0x18E5, 0x18E5, 0x18E5, 0x18E5, 0x18E5, 0x18E5,
    0x18E5, 0x18E5, 0x18E5, 0x18E5, 0x18E5, 0x18E5, 0x18E5, 0x18E5,
    0x18E5, 0x18E5, 0x18E5, 0x18E5, 0x18E5, 0x18E5, 0x18E5, 0x18E5,
    0x18E5, 0x18E5, 0x18E5, 0x18E5, 0x18E5, 0x18E5, 0x18E5, 0x18E5,
    0x18E5, 0x18E5, 0x18E5, 0x18E5, 0x18E5, 0x18E5, 0x18E5, 0x18E5,
    0x18E5, 0x18E5, 0x18E5, 0x18E5, 0x18E5, 0x18E5, 0x18E5, 0x18E5,
    0x18E5, 0x18E5, 0x18E5, 0x18E5, 0x18E5, 0x18E5, 0x18E5, 0x18E5,
    0x18E5, 0x18E5, 0x18E5, 0x18E5, 0x18E5, 0x18E5, 0x18E5, 0x18E5,
    0x18E5, 0x18E5, 0x18E5, 0x18E5, 0x18E5, 0x18E5, 0x18E5, 0x18E5,
    0x18E5, 0x18E5, 0x18E5, 0x18E5, 0x18E5, 0x18E5, 0x18E5, 0x18E5,
    0x18E5, 0x18E5, 0x18E5, 0x18E5, 0x18E5, 0x18E5, 0x18E5, 0x18E5,
    0x18E5, 0x18E5, 0x18E5, 0x18E5, 0x18E5, 0x18E5, 0x18E5, 0x18E5,
    0x18E5, 0x18E5, 0x18E5, 0x18E5, 0x18E5, 0x18E5, 0x18E5, 0x18E5,
    0x18E5, 0x18E5, 0x18E5, 0x18E5, 0x18E5, 0x18E5, 0x18E5, 0x18E5,
    0x18E5, 0x18E5, 0x18E5, 0x18E5, 0x18E5, 0x18E5, 0x18E5, 0x18E5,
    0x18E5, 0x18E5, 0x18E5, 0x18E5, 0x18E5, 0x18E5, 0x18E5, 0x18E5,
    0x18E5, 0x18E5, 0x18E5, 0x18E5, 0x18E5, 0x18E5, 0x18E5, 0x18E5,
    0x18E5, 0x18E5, 0x18E5, 0x18E5, 0x18E5, 0x18E5, 0x18E5, 0x18E5,
    0x18E5, 0x18E5, 0x18E5, 0x18E5, 0x18E5, 0x18E5, 0x18E5, 0x18E5,
    0x18E5, 0x18E5, 0x18E5, 0x18E5, 0x18E5, 0x18E5, 0x18E5, 0x18E5,
    0x18E5, 0x18E5, 0x18E5, 0x18E5, 0x18E5, 0x18E5, 0x18E5, 0x18E5,
    0x18E5, 0x18E5, 0x18E5, 0x18E5, 0x18E5, 0x18E5, 0x18E5, 0x18E5,
    0x18E5, 0x18E5, 0x18E5, 0x18E5, 0x18E5, 0x18E5, 0x18E5, 0x18E5,
    0x18E5, 0x18E5, 0x18E5, 0x18E5, 0x18E5, 0x18E5, 0x18E5, 0x18E5,
    0x18E5, 0x18E5, 0x18E5, 0x18E5, 0x18E5, 0x18E5, 0x18E5, 0x18E5,
    0x18E5, 0x18E5, 0x18E5, 0x18E5, 0x18E5, 0x18E5, 0x18E5, 0x18E5,
    0x18E5, 0x18E5, 0x18E5, 0x18E5, 0x18E5, 0x18E5, 0x18E5, 0x18E5,
    0x18E5, 0x18E5, 0x18E5, 0x18E5, 0x18E5, 0x18E5, 0x18E5, 0x18E5,
    0x18E5, 0x18E5, 0x18E5, 0x18E5, 0x18E5, 0x18E5, 0x18E5, 0x18E5,
    0x18E5, 0x18E5, 0x18E5, 0x18E5, 0x18E5, 0x18E5, 0x18E5, 0x18E5,
    0x18E5, 0x18E5, 0x18E5, 0x18E5, 0x18E5, 0x18E5, 0x18E5, 0x18E5,
    0x18E5, 0x18E5, 0x18E5, 0x18E5, 0x18E5, 0x18E5, 0x18E5, 0x18E5,
    0x18E5, 0x18E5, 0x18E5, 0x18E5, 0x18E5, 0x18E5, 0x18E5, 0x18E5,
    0x18E5, 0x18E5, 0x18E5, 0x18E5, 0x18E5, 0x18E5, 0x18E5, 0x18E5,
    0x18E5, 0x18E5, 0x18E5, 0x18E5, 0x18E5, 0x18E5, 0x18E5, 0x18E5,
    0x18E5, 0x18E5, 0x18E5, 0x18E5, 0x18E5, 0x18E5, 0x18E5, 0x18E5,
    0x18E5, 0x18E5, 0x18E5, 0x18E5, 0x18E5, 0x18E5, 0x18E5, 0x18E5,
    0x18E5, 0x18E5, 0x18E5, 0x18E5, 0x18E5, 0x18E5, 0x18E5, 0x18E5,
    0x18E5, 0x18E5, 0x18E5, 0x18E5, 0x18E5, 0x18E5, 0x18E5, 0x18E5,
    0x18E5, 0x18E5, 0x18E5, 0x18E5, 0x18E5, 0x18E5, 0x18E5, 0x18E5,
    0x18E5, 0x18E5, 0x18E5, 0x18E5, 0x18E5, 0x18E5, 0x18E5, 0x18E5,
    0x18E5, 0x18E5, 0x18E5, 0x18E5, 0x18E5, 0x18E5, 0x18E5, 0x18E5,
    0x18E5, 0x18E5, 0x18E5, 0x18E5, 0x18E5, 0x18E5, 0x18E5, 0x18E5,
    0x18E5, 0x18E5, 0x18E5, 0x18E5, 0x18E5, 0x18E5, 0x18E5, 0x18E5,
    0x18E5, 0x18E5, 0x18E5, 0x18E5, 0x18E5, 0x18E5, 0x18E5, 0x18E5,
    0x18E5, 0x18E5, 0x18E5, 0x18E5, 0x18E5, 0x18E5, 0x18E5, 0x18E5,
    0x18E5, 0x18E5, 0x18E5, 0x18E5, 0x18E5, 0x18E5, 0x18E5, 0x18E5,
    0x18E5, 0x18E5, 0x18E5, 0x18E5, 0x18E5, 0x18E5, 0x18E5, 0x18E5,
    0x18E5, 0x18E5, 0x18E5, 0x18E5, 0x18E5, 0x18E5, 0x18E5, 0x18E5,
    0x18E5, 0x18E5, 0x18E5, 0x18E5, 0x18E5, 0x18E5, 0x18E5, 0x18E5,
    0x18E5, 0x18E5, 0x18E5, 0x18E5, 0x18E5, 0x18E5, 0x18E5, 0x18E5,
    0x18E5, 0x18E5, 0x18E5, 0x18E5, 0x18E5, 0x18E5, 0x18E5, 0x18E5,
    0x18E5, 0x18E5, 0x18E5, 0x18E5, 0x18E5, 0x18E5, 0x18E5, 0x18E5,
    0x18E5, 0x18E5, 0x18E5, 0x18E5, 0x18E5, 0x18E5, 0x18E5, 0x18E5,
    0x18E5, 0x18E5, 0x18E5, 0x18E5, 0x18E5, 0x18E5, 0x18E5, 0x18E5,
    0x18E5, 0x18E5, 0x18E5, 0x18E5, 0x18E5, 0x18E5, 0x18E5, 0x18E5,
    0x18E5, 0x18E5, 0x18E5, 0x18E5, 0x18E5, 0x18E5, 0x18E5, 0x18E5,
    0x18E5, 0x18E5, 0x18E5, 0x18E5, 0x18E5, 0x18E5, 0x18E5, 0x18E5,
    0x18E5, 0x18E5, 0x18E5, 0x18E5, 0x18E5, 0x18E5, 0x18E5, 0x18E5,
    0x18E5, 0x18E5, 0x18E5, 0x18E5, 0x18E5, 0x18E5, 0x18E5, 0x18E5,
    0x18E5, 0x18E5, 0x18E5, 0x18E5, 0x18E5, 0x18E5, 0x18E5, 0x18E5,
    0x18E5, 0x18E5, 0x18E5, 0x18E5, 0x18E5, 0x18E5, 0x18E5, 0x18E5,
    0x18E5, 0x18E5, 0x18E5, 0x18E5, 0x18E5, 0x18E5, 0x18E5, 0x18E5,
    0x18E5, 0x18E5, 0x18E5, 0x18E5, 0x18E5, 0x18E5, 0x18E5, 0x18E5,
    0x18E5, 0x18E5, 0x18E5, 0x18E5, 0x18E5, 0x18E5, 0x18E5, 0x18E5,
    0x18E5, 0x18E5, 0x18E5, 0x18E5, 0x18E5, 0x18E5, 0x18E5, 0x18E5,
    0x18E5, 0x18E5, 0x18E5, 0x18E5, 0x18E5, 0x18E5, 0x18E5, 0x18E5,
    0x18E5, 0x18E5, 0x18E5, 0x18E5, 0x18E5, 0x18E5, 0x18E5, 0x18E5,
    0x18E5, 0x18E5, 0x18E5, 0x18E5, 0x18E5, 0x18E5, 0x18E5, 0x18E5,
    0x18E5, 0x18E5, 0x18E5, 0x18E5, 0x18E5, 0x18E5, 0x18E5, 0x18E5,
    0x18E5, 0x18E5, 0x18E5, 0x18E5, 0x18E5, 0x18E5, 0x18E5, 0x18E5,
    0x18E5, 0x18E5, 0x18E5, 0x18E5, 0x18E5, 0x18E5, 0x18E5, 0x18E5,
    0x18E5, 0x18E5, 0x18E5, 0x18E5, 0x18E5, 0x18E5, 0x18E5, 0x18E5,
    0x18E5, 0x18E5, 0x18E5, 0x18E5, 0x18E5, 0x18E5, 0x18E5, 0x18E5,
    0x18E5, 0x18E5, 0x18E5, 0x18E5, 0x18E5, 0x18E5, 0x18E5, 0x18E5,
    0x18E5, 0x18E5, 0x18E5, 0x18E5, 0x18E5, 0x18E5, 0x18E5, 0x18E5,
    0x18E5, 0x18E5, 0x18E5, 0x18E5, 0x18E5, 0x18E5, 0x18E5, 0x18E5,
    0x18E5, 0x18E5, 0x18E5, 0x18E5, 0x18E5, 0x18E5, 0x18E5, 0x18E5,
    0x18E5, 0x18E5, 0x18E5, 0x18E5, 0x18E5, 0x18E5, 0x18E5, 0x18E5,
    0x18E5, 0x18E5, 0x18E5, 0x18E5, 0x18E5, 0x18E5, 0x18E5, 0x18E5,
    0x18E5, 0x18E5, 0x18E5, 0x18E5, 0x18E5, 0x18E5, 0x18E5, 0x18E5,
    0x18E5, 0x18E5, 0x18E5, 0x18E5, 0x18E5, 0x18E5, 0x18E5, 0x18E5,
    0x18E5, 0x18E5, 0x18E5, 0x18E5, 0x18E5, 0x18E5, 0x18E5, 0x18E5,
    0x18E5, 0x18E5, 0x18E5, 0x18E5, 0x18E5, 0x18E5, 0x18E5, 0x18E5,
    0x18E5, 0x18E5, 0x18E5, 0x18E5, 0x18E5, 0x18E5, 0x18E5, 0x18E5,
    0x18E5, 0x18E5, 0x18E5, 0x18E5, 0x18E5, 0x18E5, 0x18E5, 0x18E5,
    0x18E5, 0x18E5, 0x18E5, 0x18E5, 0x18E5, 0x18E5, 0x18E5, 0x18E5,
    0x18E5, 0x18E5, 0x18E5, 0x18E5, 0x18E5, 0x18E5, 0x18E5, 0x18E5,
    0x18E5, 0x18E5, 0x18E5, 0x18E5, 0x18E5, 0x18E5, 0x18E5, 0x18E5,
    0x18E5, 0x18E5, 0x18E5, 0x18E5, 0x18E5, 0x18E5, 0x18E5, 0x18E5,
    0x18E5, 0x18E5, 0x18E5, 0x18E5, 0x18E5, 0x18E5, 0x18E5, 0x18E5,
    0x18E5, 0x18E5, 0x18E5, 0x18E5, 0x18E5, 0x18E5, 0x18E5, 0x18E5,
    0x18E5, 0x18E5, 0x18E5, 0x18E5, 0x18E5, 0x18E5, 0x18E5, 0x18E5,
    0x18E5, 0x18E5, 0x18E5, 0x18E5, 0x18E5, 0x18E5, 0x18E5, 0x18E5,
    0x18E5, 0x18E5, 0x18E5, 0x18E5, 0x18E5, 0x18E5, 0x18E5, 0x18E5,
    0x18E5, 0x18E5, 0x18E5, 0x18E5, 0x18E5, 0x18E5, 0x18E5, 0x18E5,
    0x18E5, 0x18E5, 0x18E5, 0x18E5, 0x18E5, 0x18E5, 0x18E5, 0x18E5,
    0x18E5, 0x18E5, 0x18E5, 0x18E5, 0x18E5, 0x18E5, 0x18E5, 0x18E5,
    0x18E5, 0x18E5, 0x18E5, 0x18E5, 0x18E5, 0x18E5, 0x18E5, 0x18E5,
    0x18E5, 0x18E5, 0x18E5, 0x18E5, 0x18E5, 0x18E5, 0x18E5, 0x18E5,
    0x18E5, 0x18E5, 0x18E5, 0x18E5, 0x18E5, 0x18E5, 0x18E5, 0x18E5,
    0x18E5, 0x18E5, 0x18E5, 0x18E5, 0x18E5, 0x18E5, 0x18E5, 0x18E5,
    0x18E5, 0x18E5, 0x18E5, 0x18E5, 0x18E5, 0x18E5, 0x18E5, 0x18E5,
    0x18E5, 0x18E5, 0x18E5, 0x18E5, 0x18E5, 0x18E5, 0x18E5, 0x18E5,
    0x18E5, 0x18E5, 0x18E5, 0x18E5, 0x18E5, 0x18E5, 0x18E5, 0x18E5,
    0x18E5, 0x18E5, 0x18E5, 0x18E5, 0x18E5, 0x18E5, 0x18E5, 0x18E5,
    0x18E5, 0x18E5, 0x18E5, 0x18E5, 0x18E5, 0x18E5, 0x18E5, 0x18E5,
    0x18E5, 0x18E5, 0x18E5, 0x18E5, 0x18E5, 0x18E5, 0x18E5, 0x18E5,
    0x18E5, 0x18E5, 0x18E5, 0x18E5, 0x18E5, 0x18E5, 0x18E5, 0x18E5,
    0x18E5, 0x18E5, 0x18E5, 0x18E5, 0x18E5, 0x18E5, 0x18E5, 0x18E5,
    0x18E5, 0x18E5, 0x18E5, 0x18E5, 0x18E5, 0x18E5, 0x18E5, 0x18E5,
    0x18E5, 0x18E5, 0x18E5, 0x18E5, 0x18E5, 0x18E5, 0x18E5, 0x18E5,
    0x18E5, 0x18E5, 0x18E5, 0x18E5, 0x18E5, 0x18E5, 0x18E5, 0x18E5,
    0x18E5, 0x18E5, 0x18E5, 0x18E5, 0x18E5, 0x18E5, 0x18E5, 0x18E5,
    0x18E5, 0x18E5, 0x18E5, 0x18E5, 0x18E5, 0x18E5, 0x18E5, 0x18E5,
    0x18E5, 0x18E5, 0x18E5, 0x18E5, 0x18E5, 0x18E5, 0x18E5, 0x18E5,
    0x18E5, 0x18E5, 0x18E5, 0x18E5, 0x18E5, 0x18E5, 0x18E5, 0x18E5,
    0x18E5, 0x18E5, 0x18E5, 0x18E5, 0x18E5, 0x18E5, 0x18E5, 0x18E5,
    0x18E5, 0x18E5, 0x18E5, 0x18E5, 0x18E5, 0x18E5, 0x18E5, 0x18E5,
    0x18E5, 0x18E5, 0x18E5, 0x18E5, 0x18E5, 0x18E5, 0x18E5, 0x18E5,
    0x18E5, 0x18E5, 0x18E5, 0x18E5, 0x18E5, 0x18E5, 0x18E5, 0x18E5,
    0x18E5, 0x18E5, 0x18E5, 0x18E5, 0x18E5, 0x18E5, 0x18E5, 0x18E5,
    0x18E5, 0x18E5, 0x18E5, 0x18E5, 0x18E5, 0x18E5, 0x18E5, 0x18E5,
    0x18E5, 0x18E5, 0x18E5, 0x18E5, 0x18E5, 0x18E5, 0x18E5, 0x18E5,
    0x18E5, 0x18E5, 0x18E5, 0x18E5, 0x18E5, 0x18E5, 0x18E5, 0x18E5,
    0x18E5, 0x18E5, 0x18E5, 0x18E5, 0x18E5, 0x18E5, 0x18E5, 0x18E5,
    0x18E5, 0x18E5, 0x18E5, 0x18E5, 0x18E5, 0x18E5, 0x18E5, 0x18E5,
    0x18E5, 0x18E5, 0x18E5, 0x18E5, 0x18E5, 0x18E5, 0x18E5, 0x18E5,
    0x18E5, 0x18E5, 0x18E5, 0x18E5, 0x18E5, 0x18E5, 0x18E5, 0x18E5,
    0x18E5, 0x18E5, 0x18E5, 0x18E5, 0x18E5, 0x18E5, 0x18E5, 0x18E5,
    0x18E5, 0x18E5, 0x18E5, 0x18E5, 0x18E5, 0x18E5, 0x18E5, 0x18E5,
    0x18E5, 0x18E5, 0x18E5, 0x18E5, 0x18E5, 0x18E5, 0x18E5, 0x18E5,
    0x18E5, 0x18E5, 0x18E5, 0x18E5, 0x18E5, 0x18E5, 0x18E5, 0x18E5,
    0x18E5, 0x18E5, 0x18E5, 0x18E5, 0x18E5, 0x18E5, 0x18E5, 0x18E5,
    0x18E5, 0x18E5, 0x18E5, 0x18E5, 0x18E5, 0x18E5, 0x18E5, 0x18E5,
    0x18E5, 0x18E5, 0x18E5, 0x18E5, 0x18E5, 0x18E5, 0x18E5, 0x18E5,
    0x18E5, 0x18E5, 0x18E5, 0x18E5, 0x18E5, 0x18E5, 0x18E5, 0x18E5,
    0x18E5, 0x18E5, 0x18E5, 0x18E5, 0x18E5, 0x18E5, 0x18E5, 0x18E5,
    0x18E5, 0x18E5, 0x18E5, 0x18E5, 0x18E5, 0x18E5, 0x18E5, 0x18E5,
    0x18E5, 0x18E5, 0x18E5, 0x18E5, 0x18E5, 0x18E5, 0x18E5, 0x18E5,
    0x18E5, 0x18E5, 0x18E5, 0x18E5, 0x18E5, 0x18E5, 0x18E5, 0x18E5,
    0x18E5, 0x18E5, 0x18E5, 0x18E5, 0x18E5, 0x18E5, 0x18E5, 0x18E5,
    0x18E5, 0x18E5, 0x18E5, 0x18E5, 0x18E5, 0x18E5, 0x18E5, 0x18E5,
    0x18E5, 0x18E5, 0x18E5, 0x18E5, 0x18E5, 0x18E5, 0x18E5, 0x18E5,
    0x18E5, 0x18E5, 0x18E5, 0x18E5, 0x18E5, 0x18E5, 0x18E5, 0x18E5,
    0x18E5, 0x18E5, 0x18E5, 0x18E5, 0x18E5, 0x18E5, 0x18E5, 0x18E5,
    0x18E5, 0x18E5, 0x18E5, 0x18E5, 0x18E5, 0x18E5, 0x18E5, 0x18E5,
    0x18E5, 0x18E5, 0x18E5, 0x18E5, 0x18E5, 0x18E5, 0x18E5, 0x18E5,
    0x18E5, 0x18E5, 0x18E5, 0x18E5, 0x18E5, 0x18E5, 0x18E5, 0x18E5,
    0x18E5, 0x18E5, 0x18E5, 0x18E5, 0x18E5, 0x18E5, 0x18E5, 0x18E5,
    0x18E5, 0x18E5, 0x18E5, 0x18E5, 0x18E5, 0x18E5, 0x18E5, 0x18E5,
    0x18E5, 0x18E5, 0x18E5, 0x18E5, 0x18E5, 0x18E5, 0x18E5, 0x18E5,
    0x18E5, 0x18E5, 0x18E5, 0x18E5, 0x18E5, 0x18E5, 0x18E5, 0x18E5,
    0x18E5, 0x18E5, 0x18E5, 0x18E5, 0x18E5, 0x18E5, 0x18E5, 0x18E5,
    0x18E5, 0x18E5, 0x18E5, 0x18E5, 0x18E5, 0x18E5, 0x18E5, 0x18E5,
    0x18E5, 0x18E5, 0x18E5, 0x18E5, 0x18E5, 0x18E5, 0x18E5, 0x18E5,
    0x18E5, 0x18E5, 0x18E5, 0x18E5, 0x18E5, 0x18E5, 0x18E5, 0x18E5,
    0x18E5, 0x18E5, 0x18E5, 0x18E5, 0x18E5, 0x18E5, 0x18E5, 0x18E5,
    0x18E5, 0x18E5, 0x18E5, 0x18E5, 0x18E5, 0x18E5, 0x18E5, 0x18E5,
    0x18E5, 0x18E5, 0x18E5, 0x18E5, 0x18E5, 0x18E5, 0x18E5, 0x18E5,
    0x18E5, 0x18E5, 0x18E5, 0x18E5, 0x18E5, 0x18E5, 0x18E5, 0x18E5,
    0x18E5, 0x18E5, 0x18E5, 0x18E5, 0x18E5, 0x18E5, 0x18E5, 0x18E5,
    0x18E5, 0x18E5, 0x18E5, 0x18E5, 0x18E5, 0x18E5, 0x18E5, 0x18E5,
    0x18E5, 0x18E5, 0x18E5, 0x18E5, 0x18E5, 0x18E5, 0x18E5, 0x18E5,
    0x18E5, 0x18E5, 0x18E5, 0x18E5, 0x18E5, 0x18E5, 0x18E5, 0x18E5,
    0x18E5, 0x18E5, 0x18E5, 0x18E5, 0x18E5, 0x18E5, 0x18E5, 0x18E5,
    0x18E5, 0x18E5, 0x18E5, 0x18E5, 0x18E5, 0x18E5, 0x18E5, 0x18E5,
    0x18E5, 0x18E5, 0x18E5, 0x18E5, 0x18E5, 0x18E5, 0x18E5, 0x18E5,
    0x18E5, 0x18E5, 0x18E5, 0x18E5, 0x18E5, 0x18E5, 0x18E5, 0x18E5,
    0x18E5, 0x18E5, 0x18E5, 0x18E5, 0x18E5, 0x18E5, 0x18E5, 0x18E5,
    0x18E5, 0x18E5, 0x18E5, 0x18E5, 0x18E5, 0x18E5, 0x18E5, 0x18E5,
    0x18E5, 0x18E5, 0x18E5, 0x18E5, 0x18E5, 0x18E5, 0x18E5, 0x18E5,
    0x18E5, 0x18E5, 0x18E5, 0x18E5, 0x18E5, 0x18E5, 0x18E5, 0x18E5,
    0x18E5, 0x18E5, 0x18E5, 0x18E5, 0x18E5, 0x18E5, 0x18E5, 0x18E5,
    0x18E5, 0x18E5, 0x18E5, 0x18E5, 0x18E5, 0x18E5, 0x18E5, 0x18E5,
    0x18E5, 0x18E5, 0x18E5, 0x18E5, 0x18E5, 0x18E5, 0x18E5, 0x18E5,
    0x18E5, 0x18E5, 0x18E5, 0x18E5, 0x18E5, 0x18E5, 0x18E5, 0x18E5,
    0x18E5, 0x18E5, 0x18E5, 0x18E5, 0x18E5, 0x18E5, 0x18E5, 0x18E5,
    0x18E5, 0x18E5, 0x18E5, 0x18E5, 0x18E5, 0x18E5, 0x18E5, 0x18E5,
    0x18E5, 0x18E5, 0x18E5, 0x18E5, 0x18E5, 0x18E5, 0x18E5, 0x18E5,
    0x18E5, 0x18E5, 0x18E5, 0x18E5, 0x18E5, 0x18E5, 0x18E5, 0x18E5,
    0x18E5, 0x18E5, 0x18E5, 0x18E5, 0x18E5, 0x18E5, 0x18E5, 0x18E5,
    0x18E5, 0x18E5, 0x18E5, 0x18E5, 0x18E5, 0x18E5, 0x18E5, 0x18E5,
    0x18E5, 0x18E5, 0x18E5, 0x18E5, 0x18E5, 0x18E5, 0x18E5, 0x18E5,
    0x18E5, 0x18E5, 0x18E5, 0x18E5, 0x18E5, 0x18E5, 0x18E5, 0x18E5,
    0x18E5, 0x18E5, 0x18E5, 0x18E5, 0x18E5, 0x18E5, 0x18E5, 0x18E5,
    0x18E5, 0x18E5, 0x18E5, 0x18E5, 0x18E5, 0x18E5, 0x18E5, 0x18E5,
    0x18E5, 0x18E5, 0x18E5, 0x18E5, 0x18E5, 0x18E5, 0x18E5, 0x18E5,
    0x18E5, 0x18E5, 0x18E5, 0x18E5, 0x18E5, 0x18E5, 0x18E5, 0x18E5,
    0x18E5, 0x18E5, 0x18E5, 0x18E5, 0x18E5, 0x18E5, 0x18E5, 0x18E5,
    0x18E5, 0x18E5, 0x18E5, 0x18E5, 0x18E5, 0x18E5, 0x18E5, 0x18E5,
    0x18E5, 0x18E5, 0x18E5, 0x18E5, 0x18E5, 0x18E5, 0x18E5, 0x18E5,
    0x18E5, 0x18E5, 0x18E5, 0x18E5, 0x18E5, 0x18E5, 0x18E5, 0x18E5,
    0x18E5, 0x18E5, 0x18E5, 0x18E5, 0x18E5, 0x18E5, 0x18E5, 0x18E5,
    0x18E5, 0x18E5, 0x18E5, 0x18E5, 0x18E5, 0x18E5, 0x18E5, 0x18E5,
    0x18E5, 0x18E5, 0x18E5, 0x18E5, 0x18E5, 0x18E5, 0x18E5, 0x18E5,
    0x18E5, 0x18E5, 0x18E5, 0x18E5, 0x18E5, 0x18E5, 0x18E5, 0x18E5,
    0x18E5, 0x18E5, 0x18E5, 0x18E5, 0x18E5, 0x18E5, 0x18E5, 0x18E5,
    0x18E5, 0x18E5, 0x18E5, 0x18E5, 0x18E5, 0x18E5, 0x18E5, 0x18E5,
    0x18E5, 0x18E5, 0x18E5, 0x18E5, 0x18E5, 0x18E5, 0x18E5, 0x18E5,
    0x18E5, 0x18E5, 0x18E5, 0x18E5, 0x18E5, 0x18E5, 0x18E5, 0x18E5,
    0x18E5, 0x18E5, 0x18E5, 0x18E5, 0x18E5, 0x18E5, 0x18E5, 0x18E5,
    0x18E5, 0x18E5, 0x18E5, 0x18E5, 0x18E5, 0x18E5, 0x18E5, 0x18E5,
    0x18E5, 0x18E5, 0x18E5, 0x18E5, 0x18E5, 0x18E5, 0x18E5, 0x18E5,
    0x18E5, 0x18E5, 0x18E5, 0x18E5, 0x18E5, 0x18E5, 0x18E5, 0x18E5,
    0x18E5, 0x18E5, 0x18E5, 0x18E5, 0x18E5, 0x18E5, 0x18E5, 0x18E5,
    0x18E5, 0x18E5, 0x18E5, 0x18E5, 0x18E5, 0x18E5, 0x18E5, 0x18E5,
    0x18E5, 0x18E5, 0x18E5, 0x18E5, 0x18E5, 0x18E5, 0x18E5, 0x18E5,
    0x18E5, 0x18E5, 0x18E5, 0x18E5, 0x18E5, 0x18E5, 0x18E5, 0x18E5,
    0x18E5, 0x18E5, 0x18E5, 0x18E5, 0x18E5, 0x18E5, 0x18E5, 0x18E5,
    0x18E5, 0x18E5, 0x18E5, 0x18E5, 0x18E5, 0x18E5, 0x18E5, 0x18E5,
    0x18E5, 0x18E5, 0x18E5, 0x18E5, 0x18E5, 0x18E5, 0x18E5, 0x18E5,
    0x18E5, 0x18E5, 0x18E5, 0x18E5, 0x18E5, 0x18E5, 0x18E5, 0x18E5,
    0x18E5, 0x18E5, 0x18E5, 0x18E5, 0x18E5, 0x18E5, 0x18E5, 0x18E5,
    0x18E5, 0x18E5, 0x18E5, 0x18E5, 0x18E5, 0x18E5, 0x18E5, 0x18E5,
    0x18E5, 0x18E5, 0x18E5, 0x18E5, 0x18E5, 0x18E5, 0x18E5, 0x18E5,
    0x18E5, 0x18E5, 0x18E5, 0x18E5, 0x18E5, 0x18E5, 0x18E5, 0x18E5,
    0x18E5, 0x18E5, 0x18E5, 0x18E5, 0x18E5, 0x18E5, 0x18E5, 0x18E5,
    0x18E5, 0x18E5, 0x18E5, 0x18E5, 0x18E5, 0x18E5, 0x18E5, 0x18E5,
    0x18E5, 0x18E5, 0x18E5, 0x18E5, 0x18E5, 0x18E5, 0x18E5, 0x18E5,
    0x18E5, 0x18E5, 0x18E5, 0x18E5, 0x18E5, 0x18E5, 0x18E5, 0x18E5,
    0x18E5, 0x18E5, 0x18E5, 0x18E5, 0x18E5, 0x18E5, 0x18E5, 0x18E5,
    0x18E5, 0x18E5, 0x18E5, 0x18E5, 0x18E5, 0x18E5, 0x18E5, 0x18E5,
    0x18E5, 0x18E5, 0x18E5, 0x18E5, 0x18E5, 0x18E5, 0x18E5, 0x18E5,
    0x18E5, 0x18E5, 0x18E5, 0x18E5, 0x18E5, 0x18E5, 0x18E5, 0x18E5,
    0x18E5, 0x18E5, 0x18E5, 0x18E5, 0x18E5, 0x18E5, 0x18E5, 0x18E5,
    0x18E5, 0x18E5, 0x18E5, 0x18E5, 0x18E5, 0x18E5, 0x18E5, 0x18E5,
    0x18E5, 0x18E5, 0x18E5, 0x18E5, 0x18E5, 0x18E5, 0x18E5, 0x18E5,
    0x18E5, 0x18E5, 0x18E5, 0x18E5, 0x18E5, 0x18E5, 0x18E5, 0x18E5,
    0x18E5, 0x18E5, 0x18E5, 0x18E5, 0x18E5, 0x18E5, 0x18E5, 0x18E5,
    0x18E5, 0x18E5, 0x18E5, 0x18E5, 0x18E5, 0x18E5, 0x18E5, 0x18E5,
    0x18E5, 0x18E5, 0x18E5, 0x18E5, 0x18E5, 0x18E5, 0x18E5, 0x18E5,
    0x18E5, 0x18E5, 0x18E5, 0x18E5, 0x18E5, 0x18E5, 0x18E5, 0x18E5,
    0x18E5, 0x18E5, 0x18E5, 0x18E5, 0x18E5, 0x18E5, 0x18E5, 0x18E5,
    0x18E5, 0x18E5, 0x18E5, 0x18E5, 0x18E5, 0x18E5, 0x18E5, 0x18E5,
    0x18E5, 0x18E5, 0x18E5, 0x18E5, 0x18E5, 0x18E5, 0x18E5, 0x18E5,
    0x18E5, 0x18E5, 0x18E5, 0x18E5, 0x18E5, 0x18E5, 0x18E5, 0x18E5,
    0x18E5, 0x18E5, 0x18E5, 0x18E5, 0x18E5, 0x18E5, 0x18E5, 0x18E5,
    0x18E5, 0x18E5, 0x18E5, 0x18E5, 0x18E5, 0x18E5, 0x18E5, 0x18E5,
    0x18E5, 0x18E5, 0x18E5, 0x18E5, 0x18E5, 0x18E5, 0x18E5, 0x18E5,
    0x18E5, 0x18E5, 0x18E5, 0x18E5, 0x18E5, 0x18E5, 0x18E5, 0x18E5,
    0x18E5, 0x18E5, 0x18E5, 0x18E5, 0x18E5, 0x18E5, 0x18E5, 0x18E5,
    0x18E5, 0x18E5, 0x18E5, 0x18E5, 0x18E5, 0x18E5, 0x18E5, 0x18E5,
    0x18E5, 0x18E5, 0x18E5, 0x18E5, 0x18E5, 0x18E5, 0x18E5, 0x18E5,
    0x18E5, 0x18E5, 0x18E5, 0x18E5, 0x18E5, 0x18E5, 0x18E5, 0x18E5,
    0x18E5, 0x18E5, 0x18E5, 0x18E5, 0x18E5, 0x18E5, 0x18E5, 0x18E5,
    0x18E5, 0x18E5, 0x18E5, 0x18E5, 0x18E5, 0x18E5, 0x18E5, 0x18E5,
    0x18E5, 0x18E5, 0x18E5, 0x18E5, 0x18E5, 0x18E5, 0x18E5, 0x18E5,
    0x18E5, 0x18E5, 0x18E5, 0x18E5, 0x18E5, 0x18E5, 0x18E5, 0x18E5,
    0x18E5, 0x18E5, 0x18E5, 0x18E5, 0x18E5, 0x18E5, 0x18E5, 0x18E5,
    0x18E5, 0x18E5, 0x18E5, 0x18E5, 0x18E5, 0x18E5, 0x18E5, 0x18E5,
    0x18E5, 0x18E5, 0x18E5, 0x18E5, 0x18E5, 0x18E5, 0x18E5, 0x18E5,
    0x18E5, 0x18E5, 0x18E5, 0x18E5, 0x18E5, 0x18E5, 0x18E5, 0x18E5,
    0x18E5, 0x18E5, 0x18E5, 0x18E5, 0x18E5, 0x18E5, 0x18E5, 0x18E5,
    0x18E5, 0x18E5, 0x18E5, 0x18E5, 0x18E5, 0x18E5, 0x18E5, 0x18E5,
    0x18E5, 0x18E5, 0x18E5, 0x18E5, 0x18E5, 0x18E5, 0x18E5, 0x18E5,
    0x18E5, 0x18E5, 0x18E5, 0x18E5, 0x18E5, 0x18E5, 0x18E5, 0x18E5,
    0x18E5, 0x18E5, 0x18E5, 0x18E5, 0x18E5, 0x18E5, 0x18E5, 0x18E5,
    0x18E5, 0x18E5, 0x18E5, 0x18E5, 0x18E5, 0x18E5, 0x18E5, 0x18E5,
    0x18E5, 0x18E5, 0x18E5, 0x18E5, 0x18E5, 0x18E5, 0x18E5, 0x18E5,
    0x18E5, 0x18E5, 0x18E5, 0x18E5, 0x18E5, 0x18E5, 0x18E5, 0x18E5,
    0x18E5, 0x18E5, 0x18E5, 0x18E5, 0x18E5, 0x18E5, 0x18E5, 0x18E5,
    0x18E5, 0x18E5, 0x18E5, 0x18E5, 0x18E5, 0x18E5, 0x18E5, 0x18E5,
    0x18E5, 0x18E5, 0x18E5, 0x18E5, 0x18E5, 0x18E5, 0x18E5, 0x18E5,
    0x18E5, 0x18E5, 0x18E5, 0x18E5, 0x18E5, 0x18E5, 0x18E5, 0x18E5,
    0x18E5, 0x18E5, 0x18E5, 0x18E5, 0x18E5, 0x18E5, 0x18E5, 0x18E5,
    0x18E5, 0x18E5, 0x18E5, 0x18E5, 0x18E5, 0x18E5, 0x18E5, 0x18E5,
    0x18E5, 0x18E5, 0x18E5, 0x18E5, 0x18E5, 0x18E5, 0x18E5, 0x18E5,
    0x18E5, 0x18E5, 0x18E5, 0x18E5, 0x18E5, 0x18E5, 0x18E5, 0x18E5,
    0x18E5, 0x18E5, 0x18E5, 0x18E5, 0x18E5, 0x18E5, 0x18E5, 0x18E5,
    0x18E5, 0x18E5, 0x18E5, 0x18E5, 0x18E5, 0x18E5, 0x18E5, 0x18E5,
    0x18E5, 0x18E5, 0x18E5, 0x18E5, 0x18E5, 0x18E5, 0x18E5, 0x18E5,
    0x18E5, 0x18E5, 0x18E5, 0x18E5, 0x18E5, 0x18E5, 0x18E5, 0x18E5,
    0x18E5, 0x18E5, 0x18E5, 0x18E5, 0x18E5, 0x18E5, 0x18E5, 0x18E5,
    0x18E5, 0x18E5, 0x18E5, 0x18E5, 0x18E5, 0x18E5, 0x18E5, 0x18E5,
    0x18E5, 0x18E5, 0x18E5, 0x18E5, 0x18E5, 0x18E5, 0x18E5, 0x18E5,
    0x18E5, 0x18E5, 0x18E5, 0x18E5, 0x18E5, 0x18E5, 0x18E5, 0x18E5,
    0x18E5, 0x18E5, 0x18E5, 0x18E5, 0x18E5, 0x18E5, 0x18E5, 0x18E5,
    0x18E5, 0x18E5, 0x18E5, 0x18E5, 0x18E5, 0x18E5, 0x18E5, 0x18E5,
    0x18E5, 0x18E5, 0x18E5, 0x18E5, 0x18E5, 0x18E5, 0x18E5, 0x18E5,
    0x18E5, 0x18E5, 0x18E5, 0x18E5, 0x18E5, 0x18E5, 0x18E5, 0x18E5,
    0x18E5, 0x18E5, 0x18E5, 0x18E5, 0x18E5, 0x18E5, 0x18E5, 0x18E5,
    0x18E5, 0x18E5, 0x18E5, 0x18E5, 0x18E5, 0x18E5, 0x18E5, 0x18E5,
    0x18E5, 0x18E5, 0x18E5, 0x18E5, 0x18E5, 0x18E5, 0x18E5, 0x18E5,
    0x18E5, 0x18E5, 0x18E5, 0x18E5, 0x18E5, 0x18E5, 0x18E5, 0x18E5,
    0x18E5, 0x18E5, 0x18E5, 0x18E5, 0x18E5, 0x18E5, 0x18E5, 0x18E5,
    0x18E5, 0x18E5, 0x18E5, 0x18E5, 0x18E5, 0x18E5, 0x18E5, 0x18E5,
    0x18E5, 0x18E5, 0x18E5, 0x18E5, 0x18E5, 0x18E5, 0x18E5, 0x18E5,
    0x18E5, 0x18E5, 0x18E5, 0x18E5, 0x18E5, 0x18E5, 0x18E5, 0x18E5,
    0x18E5, 0x18E5, 0x18E5, 0x18E5, 0x18E5, 0x18E5, 0x18E5, 0x18E5,
    0x18E5, 0x18E5, 0x18E5, 0x18E5, 0x18E5, 0x18E5, 0x18E5, 0x18E5,
    0x18E5, 0x18E5, 0x18E5, 0x18E5, 0x18E5, 0x18E5, 0x18E5, 0x18E5,
    0x18E5, 0x18E5, 0x18E5, 0x18E5, 0x18E5, 0x18E5, 0x18E5, 0x18E5,
    0x18E5, 0x18E5, 0x18E5, 0x18E5, 0x18E5, 0x18E5, 0x18E5, 0x18E5,
    0x18E5, 0x18E5, 0x18E5, 0x18E5, 0x18E5, 0x18E5, 0x18E5, 0x18E5,
    0x18E5, 0x18E5, 0x18E5, 0x18E5, 0x18E5, 0x18E5, 0x18E5, 0x18E5,
    0x18E5, 0x18E5, 0x18E5, 0x18E5, 0x18E5, 0x18E5, 0x18E5, 0x18E5,
    0x18E5, 0x18E5, 0x18E5, 0x18E5, 0x18E5, 0x18E5, 0x18E5, 0x18E5,
    0x18E5, 0x18E5, 0x18E5, 0x18E5, 0x18E5, 0x18E5, 0x18E5, 0x18E5,
    0x18E5, 0x18E5, 0x18E5, 0x18E5, 0x18E5, 0x18E5, 0x18E5, 0x18E5,
    0x18E5, 0x18E5, 0x18E5, 0x18E5, 0x18E5, 0x18E5, 0x18E5, 0x18E5,
    0x18E5, 0x18E5, 0x18E5, 0x18E5, 0x18E5, 0x18E5, 0x18E5, 0x18E5,
    0x18E5, 0x18E5, 0x18E5, 0x18E5, 0x18E5, 0x18E5, 0x18E5, 0x18E5,
    0x18E5, 0x18E5, 0x18E5, 0x18E5, 0x18E5, 0x18E5, 0x18E5, 0x18E5,
    0x18E5, 0x18E5, 0x18E5, 0x18E5, 0x18E5, 0x18E5, 0x18E5, 0x18E5,
    0x18E5, 0x18E5, 0x18E5, 0x18E5, 0x18E5, 0x18E5, 0x18E5, 0x18E5,
    0x18E5, 0x18E5, 0x18E5, 0x18E5, 0x18E5, 0x18E5, 0x18E5, 0x18E5,
    0x18E5, 0x18E5, 0x18E5, 0x18E5, 0x18E5, 0x18E5, 0x18E5, 0x18E5,
    0x18E5, 0x18E5, 0x18E5, 0x18E5, 0x18E5, 0x18E5, 0x18E5, 0x18E5,
    0x18E5, 0x18E5, 0x18E5, 0x18E5, 0x18E5, 0x18E5, 0x18E5, 0x18E5,
    0x18E5, 0x18E5, 0x18E5, 0x18E5, 0x18E5, 0x18E5, 0x18E5, 0x18E5,
    0x18E5, 0x18E5, 0x18E5, 0x18E5, 0x18E5, 0x18E5, 0x18E5, 0x18E5,
    0x18E5, 0x18E5, 0x18E5, 0x18E5, 0x18E5, 0x18E5, 0x18E5, 0x18E5,
    0x18E5, 0x18E5, 0x18E5, 0x18E5, 0x18E5, 0x18E5, 0x18E5, 0x18E5,
    0x18E5, 0x18E5, 0x18E5, 0x18E5, 0x18E5, 0x18E5, 0x18E5, 0x18E5,
    0x18E5, 0x18E5, 0x18E5, 0x18E5, 0x18E5, 0x18E5, 0x18E5, 0x18E5,
    0x18E5, 0x18E5, 0x18E5, 0x18E5, 0x18E5, 0x18E5, 0x18E5, 0x18E5,
    0x18E5, 0x18E5, 0x18E5, 0x18E5, 0x18E5, 0x18E5, 0x18E5, 0x18E5,
    0x18E5, 0x18E5, 0x18E5, 0x18E5, 0x18E5, 0x18E5, 0x18E5, 0x18E5,
    0x18E5, 0x18E5, 0x18E5, 0x18E5, 0x18E5, 0x18E5, 0x18E5, 0x18E5,
    0x18E5, 0x18E5, 0x18E5, 0x18E5, 0x18E5, 0x18E5, 0x18E5, 0x18E5,
    0x18E5, 0x18E5, 0x18E5, 0x18E5, 0x18E5, 0x18E5, 0x18E5, 0x18E5,
    0x18E5, 0x18E5, 0x18E5, 0x18E5, 0x18E5, 0x18E5, 0x18E5, 0x18E5,
    0x18E5, 0x18E5, 0x18E5, 0x18E5, 0x18E5, 0x18E5, 0x18E5, 0x18E5,
    0x18E5, 0x18E5, 0x18E5, 0x18E5, 0x18E5, 0x18E5, 0x18E5, 0x18E5,
    0x18E5, 0x18E5, 0x18E5, 0x18E5, 0x18E5, 0x18E5, 0x18E5, 0x18E5,
    0x18E5, 0x18E5, 0x18E5, 0x18E5, 0x18E5, 0x18E5, 0x18E5, 0x18E5,
    0x18E5, 0x18E5, 0x18E5, 0x18E5, 0x18E5, 0x18E5, 0x18E5, 0x18E5,
    0x18E5, 0x18E5, 0x18E5, 0x18E5, 0x18E5, 0x18E5, 0x18E5, 0x18E5,
    0x18E5, 0x18E5, 0x18E5, 0x18E5, 0x18E5, 0x18E5, 0x18E5, 0x18E5,
    0x18E5, 0x18E5, 0x18E5, 0x18E5, 0x18E5, 0x18E5, 0x18E5, 0x18E5,
    0x18E5, 0x18E5, 0x18E5, 0x18E5, 0x18E5, 0x18E5, 0x18E5, 0x18E5,
    0x18E5, 0x18E5, 0x18E5, 0x18E5, 0x18E5, 0x18E5, 0x18E5, 0x18E5,
    0x18E5, 0x18E5, 0x18E5, 0x18E5, 0x18E5, 0x18E5, 0x18E5, 0x18E5,
    0x18E5, 0x18E5, 0x18E5, 0x18E5, 0x18E5, 0x18E5, 0x18E5, 0x18E5,
    0x18E5, 0x18E5, 0x18E5, 0x18E5, 0x18E5, 0x18E5, 0x18E5, 0x18E5,
    0x18E5, 0x18E5, 0x18E5, 0x18E5, 0x18E5, 0x18E5, 0x18E5, 0x18E5,
    0x18E5, 0x18E5, 0x18E5, 0x18E5, 0x18E5, 0x18E5, 0x18E5, 0x18E5,
    0x18E5, 0x18E5, 0x18E5, 0x18E5, 0x18E5, 0x18E5, 0x18E5, 0x18E5,
    0x18E5, 0x18E5, 0x18E5, 0x18E5, 0x18E5, 0x18E5, 0x18E5, 0x18E5,
    0x18E5, 0x18E5, 0x18E5, 0x18E5, 0x18E5, 0x18E5, 0x18E5, 0x18E5,
    0x18E5, 0x18E5, 0x18E5, 0x18E5, 0x18E5, 0x18E5, 0x18E5, 0x18E5,
    0x18E5, 0x18E5, 0x18E5, 0x18E5, 0x18E5, 0x18E5, 0x18E5, 0x18E5,
    0x18E5, 0x18E5, 0x18E5, 0x18E5, 0x18E5, 0x18E5, 0x18E5, 0x18E5,
    0x18E5, 0x18E5, 0x18E5, 0x18E5, 0x18E5, 0x18E5, 0x18E5, 0x18E5,
    0x18E5, 0x18E5, 0x18E5, 0x18E5, 0x18E5, 0x18E5, 0x18E5, 0x18E5,
    0x18E5, 0x18E5, 0x18E5, 0x18E5, 0x18E5, 0x18E5, 0x18E5, 0x18E5,
    0x18E5, 0x18E5, 0x18E5, 0x18E5, 0x18E5, 0x18E5, 0x18E5, 0x18E5,
    0x18E5, 0x18E5, 0x18E5, 0x18E5, 0x18E5, 0x18E5, 0x18E5, 0x18E5,
    0x18E5, 0x18E5, 0x18E5, 0x18E5, 0x18E5, 0x18E5, 0x18E5, 0x18E5,
    0x18E5, 0x18E5, 0x18E5, 0x18E5, 0x18E5, 0x18E5, 0x18E5, 0x18E5,
    0x18E5, 0x18E5, 0x18E5, 0x18E5, 0x18E5, 0x18E5, 0x18E5, 0x18E5,
    0x18E5, 0x18E5, 0x18E5, 0x18E5, 0x18E5, 0x18E5, 0x18E5, 0x18E5,
    0x18E5, 0x18E5, 0x18E5, 0x18E5, 0x18E5, 0x18E5, 0x18E5, 0x18E5,
    0x18E5, 0x18E5, 0x18E5, 0x18E5, 0x18E5, 0x18E5, 0x18E5, 0x18E5,
    0x18E5, 0x18E5, 0x18E5, 0x18E5, 0x18E5, 0x18E5, 0x18E5, 0x18E5,
    0x18E5, 0x18E5, 0x18E5, 0x18E5, 0x18E5, 0x18E5, 0x18E5, 0x18E5,
    0x18E5, 0x18E5, 0x18E5, 0x18E5, 0x18E5, 0x18E5, 0x18E5, 0x18E5,
    0x18E5, 0x18E5, 0x18E5, 0x18E5, 0x18E5, 0x18E5, 0x18E5, 0x18E5,
    0x18E5, 0x18E5, 0x18E5, 0x18E5, 0x18E5, 0x18E5, 0x18E5, 0x18E5,
    0x18E5, 0x18E5, 0x18E5, 0x18E5, 0x18E5, 0x18E5, 0x18E5, 0x18E5,
    0x18E5, 0x18E5, 0x18E5, 0x18E5, 0x18E5, 0x18E5, 0x18E5, 0x18E5,
    0x18E5, 0x18E5, 0x18E5, 0x18E5, 0x18E5, 0x18E5, 0x18E5, 0x18E5,
    0x18E5, 0x18E5, 0x18E5, 0x18E5, 0x18E5, 0x18E5, 0x18E5, 0x18E5,
    0x18E5, 0x18E5, 0x18E5, 0x18E5, 0x18E5, 0x18E5, 0x18E5, 0x18E5,
    0x18E5, 0x18E5, 0x18E5, 0x18E5, 0x18E5, 0x18E5, 0x18E5, 0x18E5,
    0x18E5, 0x18E5, 0x18E5, 0x18E5, 0x18E5, 0x18E5, 0x18E5, 0x18E5,
    0x18E5, 0x18E5, 0x18E5, 0x18E5, 0x18E5, 0x18E5, 0x18E5, 0x18E5,
    0x18E5, 0x18E5, 0x18E5, 0x18E5, 0x18E5, 0x18E5, 0x18E5, 0x18E5,
    0x18E5, 0x18E5, 0x18E5, 0x18E5, 0x18E5, 0x18E5, 0x18E5, 0x18E5,
    0x18E5, 0x18E5, 0x18E5, 0x18E5, 0x18E5, 0x18E5, 0x18E5, 0x18E5,
    0x18E5, 0x18E5, 0x18E5, 0x18E5, 0x18E5, 0x18E5, 0x18E5, 0x18E5,
    0x18E5, 0x18E5, 0x18E5, 0x18E5, 0x18E5, 0x18E5, 0x18E5, 0x18E5,
    0x18E5, 0x18E5, 0x18E5, 0x18E5, 0x18E5, 0x18E5, 0x18E5, 0x18E5,
    0x18E5, 0x18E5, 0x18E5, 0x18E5, 0x18E5, 0x18E5, 0x18E5, 0x18E5,
    0x18E5, 0x18E5, 0x18E5, 0x18E5, 0x18E5, 0x18E5, 0x18E5, 0x18E5,
    0x18E5, 0x18E5, 0x18E5, 0x18E5, 0x18E5, 0x18E5, 0x18E5, 0x18E5,
    0x18E5, 0x18E5, 0x18E5, 0x18E5, 0x18E5, 0x18E5, 0x18E5, 0x18E5,
    0x18E5, 0x18E5, 0x18E5, 0x18E5, 0x18E5, 0x18E5, 0x18E5, 0x18E5,
    0x18E5, 0x18E5, 0x18E5, 0x18E5, 0x18E5, 0x18E5, 0x18E5, 0x18E5,
    0x18E5, 0x18E5, 0x18E5, 0x18E5, 0x18E5, 0x18E5, 0x18E5, 0x18E5,
    0x18E5, 0x18E5, 0x18E5, 0x18E5, 0x18E5, 0x18E5, 0x18E5, 0x18E5,
    0x18E5, 0x18E5, 0x18E5, 0x18E5, 0x18E5, 0x18E5, 0x18E5, 0x18E5,
    0x18E5, 0x18E5, 0x18E5, 0x18E5, 0x18E5, 0x18E5, 0x18E5, 0x18E5,
    0x18E5, 0x18E5, 0x18E5, 0x18E5, 0x18E5, 0x18E5, 0x18E5, 0x18E5,
    0x18E5, 0x18E5, 0x18E5, 0x18E5, 0x18E5, 0x18E5, 0x18E5, 0x18E5,
    0x18E5, 0x18E5, 0x18E5, 0x18E5, 0x18E5, 0x18E5, 0x18E5, 0x18E5,
    0x18E5, 0x18E5, 0x18E5, 0x18E5, 0x18E5, 0x18E5, 0x18E5, 0x18E5,
    0x18E5, 0x18E5, 0x18E5, 0x18E5, 0x18E5, 0x18E5, 0x18E5, 0x18E5,
    0x18E5, 0x18E5, 0x18E5, 0x18E5, 0x18E5, 0x18E5, 0x18E5, 0x18E5,
    0x18E5, 0x18E5, 0x18E5, 0x18E5, 0x18E5, 0x18E5, 0x18E5, 0x18E5,
    0x18E5, 0x18E5, 0x18E5, 0x18E5, 0x18E5, 0x18E5, 0x18E5, 0x18E5,
    0x18E5, 0x18E5, 0x18E5, 0x18E5, 0x18E5, 0x18E5, 0x18E5, 0x18E5,
    0x18E5, 0x18E5, 0x18E5, 0x18E5, 0x18E5, 0x18E5, 0x18E5, 0x18E5,
    0x18E5, 0x18E5, 0x18E5, 0x18E5, 0x18E5, 0x18E5, 0x18E5, 0x18E5,
    0x18E5, 0x18E5, 0x18E5, 0x18E5, 0x18E5, 0x18E5, 0x18E5, 0x18E5,
    0x18E5, 0x18E5, 0x18E5, 0x18E5, 0x18E5, 0x18E5, 0x18E5, 0x18E5,
    0x18E5, 0x18E5, 0x18E5, 0x18E5, 0x18E5, 0x18E5, 0x18E5, 0x18E5,
    0x18E5, 0x18E5, 0x18E5, 0x18E5, 0x18E5, 0x18E5, 0x18E5, 0x18E5,
    0x18E5, 0x18E5, 0x18E5, 0x18E5, 0x18E5, 0x18E5, 0x18E5, 0x18E5,
    0x18E5, 0x18E5, 0x18E5, 0x18E5, 0x18E5, 0x18E5, 0x18E5, 0x18E5,
    0x18E5, 0x18E5, 0x18E5, 0x18E5, 0x18E5, 0x18E5, 0x18E5, 0x18E5,
    0x18E5, 0x18E5, 0x18E5, 0x18E5, 0x18E5, 0x18E5, 0x18E5, 0x18E5,
    0x18E5, 0x18E5, 0x18E5, 0x18E5, 0x18E5, 0x18E5, 0x18E5, 0x18E5,
    0x18E5, 0x18E5, 0x18E5, 0x18E5, 0x18E5, 0x18E5, 0x18E5, 0x18E5,
    0x18E5, 0x18E5, 0x18E5, 0x18E5, 0x18E5, 0x18E5, 0x18E5, 0x18E5,
    0x18E5, 0x18E5, 0x18E5, 0x18E5, 0x18E5, 0x18E5, 0x18E5, 0x18E5,
    0x18E5, 0x18E5, 0x18E5, 0x18E5, 0x18E5, 0x18E5, 0x18E5, 0x18E5,
    0x18E5, 0x18E5, 0x18E5, 0x18E5, 0x18E5, 0x18E5, 0x18E5, 0x18E5,
    0x18E5, 0x18E5, 0x18E5, 0x18E5, 0x18E5, 0x18E5, 0x18E5, 0x18E5,
    0x18E5, 0x18E5, 0x18E5, 0x18E5, 0x18E5, 0x18E5, 0x18E5, 0x18E5,
    0x18E5, 0x18E5, 0x18E5, 0x18E5, 0x18E5, 0x18E5, 0x18E5, 0x18E5,
    0x18E5, 0x18E5, 0x18E5, 0x18E5, 0x18E5, 0x18E5, 0x18E5, 0x18E5,
    0x18E5, 0x18E5, 0x18E5, 0x18E5, 0x18E5, 0x18E5, 0x18E5, 0x18E5,
    0x18E5, 0x18E5, 0x18E5, 0x18E5, 0x18E5, 0x18E5, 0x18E5, 0x18E5,
    0x18E5, 0x18E5, 0x18E5, 0x18E5, 0x18E5, 0x18E5, 0x18E5, 0x18E5,
    0x18E5, 0x18E5, 0x18E5, 0x18E5, 0x18E5, 0x18E5, 0x18E5, 0x18E5,
    0x18E5, 0x18E5, 0x18E5, 0x18E5, 0x18E5, 0x18E5, 0x18E5, 0x18E5,
    0x18E5, 0x18E5, 0x18E5, 0x18E5, 0x18E5, 0x18E5, 0x18E5, 0x18E5,
    0x18E5, 0x18E5, 0x18E5, 0x18E5, 0x18E5, 0x18E5, 0x18E5, 0x18E5,
    0x18E5, 0x18E5, 0x18E5, 0x18E5, 0x18E5, 0x18E5, 0x18E5, 0x18E5,
    0x18E5, 0x18E5, 0x18E5, 0x18E5, 0x18E5, 0x18E5, 0x18E5, 0x18E5,
    0x18E5, 0x18E5, 0x18E5, 0x18E5, 0x18E5, 0x18E5, 0x18E5, 0x18E5,
    0x18E5, 0x18E5, 0x18E5, 0x18E5, 0x18E5, 0x18E5, 0x18E5, 0x18E5,
    0x18E5, 0x18E5, 0x18E5, 0x18E5, 0x18E5, 0x18E5, 0x18E5, 0x18E5,
    0x18E5, 0x18E5, 0x18E5, 0x18E5, 0x18E5, 0x18E5, 0x18E5, 0x18E5,
    0x18E5, 0x18E5, 0x18E5, 0x18E5, 0x18E5, 0x18E5, 0x18E5, 0x18E5,
    0x18E5, 0x18E5, 0x18E5, 0x18E5, 0x18E5, 0x18E5, 0x18E5, 0x18E5,
    0x18E5, 0x18E5, 0x18E5, 0x18E5, 0x18E5, 0x18E5, 0x18E5, 0x18E5,
    0x18E5, 0x18E5, 0x18E5, 0x18E5, 0x18E5, 0x18E5, 0x18E5, 0x18E5,
    0x18E5, 0x18E5, 0x18E5, 0x18E5, 0x18E5, 0x18E5, 0x18E5, 0x18E5,
    0x18E5, 0x18E5, 0x18E5, 0x18E5, 0x18E5, 0x18E5, 0x18E5, 0x18E5,
    0x18E5, 0x18E5, 0x18E5, 0x18E5, 0x18E5, 0x18E5, 0x18E5, 0x18E5,
    0x18E5, 0x18E5, 0x18E5, 0x18E5, 0x18E5, 0x18E5, 0x18E5, 0x18E5,
    0x18E5, 0x18E5, 0x18E5, 0x18E5, 0x18E5, 0x18E5, 0x18E5, 0x18E5,
    0x18E5, 0x18E5, 0x18E5, 0x18E5, 0x18E5, 0x18E5, 0x18E5, 0x18E5,
    0x18E5, 0x18E5, 0x18E5, 0x18E5, 0x18E5, 0x18E5, 0x18E5, 0x18E5,
    0x18E5, 0x18E5, 0x18E5, 0x18E5, 0x18E5, 0x18E5, 0x18E5, 0x18E5,
    0x18E5, 0x18E5, 0x18E5, 0x18E5, 0x18E5, 0x18E5, 0x18E5, 0x18E5,
    0x18E5, 0x18E5, 0x18E5, 0x18E5, 0x18E5, 0x18E5, 0x18E5, 0x18E5,
    0x18E5, 0x18E5, 0x18E5, 0x18E5, 0x18E5, 0x18E5, 0x18E5, 0x18E5,
    0x18E5, 0x18E5, 0x18E5, 0x18E5, 0x18E5, 0x18E5, 0x18E5, 0x18E5,
    0x18E5, 0x18E5, 0x18E5, 0x18E5, 0x18E5, 0x18E5, 0x18E5, 0x18E5,
    0x18E5, 0x18E5, 0x18E5, 0x18E5, 0x18E5, 0x18E5, 0x18E5, 0x18E5,
    0x18E5, 0x18E5, 0x18E5, 0x18E5, 0x18E5, 0x18E5, 0x18E5, 0x18E5,
    0x18E5, 0x18E5, 0x18E5, 0x18E5, 0x18E5, 0x18E5, 0x18E5, 0x18E5,
    0x18E5, 0x18E5, 0x18E5, 0x18E5, 0x18E5, 0x18E5, 0x18E5, 0x18E5,
    0x18E5, 0x18E5, 0x18E5, 0x18E5, 0x18E5, 0x18E5, 0x18E5, 0x18E5,
    0x18E5, 0x18E5, 0x18E5, 0x18E5, 0x18E5, 0x18E5, 0x18E5, 0x18E5,
    0x18E5, 0x18E5, 0x18E5, 0x18E5, 0x18E5, 0x18E5, 0x18E5, 0x18E5,
    0x18E5, 0x18E5, 0x18E5, 0x18E5, 0x18E5, 0x18E5, 0x18E5, 0x18E5,
    0x18E5, 0x18E5, 0x18E5, 0x18E5, 0x18E5, 0x18E5, 0x18E5, 0x18E5,
    0x18E5, 0x18E5, 0x18E5, 0x18E5, 0x18E5, 0x18E5, 0x18E5, 0x18E5,
    0x18E5, 0x18E5, 0x18E5, 0x18E5, 0x18E5, 0x18E5, 0x18E5, 0x18E5,
    0x18E5, 0x18E5, 0x18E5, 0x18E5, 0x18E5, 0x18E5, 0x18E5, 0x18E5,
    0x18E5, 0x18E5, 0x18E5, 0x18E5, 0x18E5, 0x18E5, 0x18E5, 0x18E5,
    0x18E5, 0x18E5, 0x18E5, 0x18E5, 0x18E5, 0x18E5, 0x18E5, 0x18E5,
    0x18E5, 0x18E5, 0x18E5, 0x18E5, 0x18E5, 0x18E5, 0x18E5, 0x18E5,
    0x18E5, 0x18E5, 0x18E5, 0x18E5, 0x18E5, 0x18E5, 0x18E5, 0x18E5,
    0x18E5, 0x18E5, 0x18E5, 0x18E5, 0x18E5, 0x18E5, 0x18E5, 0x18E5,
    0x18E5, 0x18E5, 0x18E5, 0x18E5, 0x18E5, 0x18E5, 0x18E5, 0x18E5,
    0x18E5, 0x18E5, 0x18E5, 0x18E5, 0x18E5, 0x18E5, 0x18E5, 0x18E5,
    0x18E5, 0x18E5, 0x18E5, 0x18E5, 0x18E5, 0x18E5, 0x18E5, 0x18E5,
    0x18E5, 0x18E5, 0x18E5, 0x18E5, 0x18E5, 0x18E5, 0x18E5, 0x18E5,
    0x18E5, 0x18E5, 0x18E5, 0x18E5, 0x18E5, 0x18E5, 0x18E5, 0x18E5,
    0x18E5, 0x18E5, 0x18E5, 0x18E5, 0x18E5, 0x18E5, 0x18E5, 0x18E5,
    0x18E5, 0x18E5, 0x18E5, 0x18E5, 0x18E5, 0x18E5, 0x18E5, 0x18E5,
    0x18E5, 0x18E5, 0x18E5, 0x18E5, 0x18E5, 0x18E5, 0x18E5, 0x18E5,
    0x18E5, 0x18E5, 0x18E5, 0x18E5, 0x18E5, 0x18E5, 0x18E5, 0x18E5,
    0x18E5, 0x18E5, 0x18E5, 0x18E5, 0x18E5, 0x18E5, 0x18E5, 0x18E5,
    0x18E5, 0x18E5, 0x18E5, 0x18E5, 0x18E5, 0x18E5, 0x18E5, 0x18E5,
    0x18E5, 0x18E5, 0x18E5, 0x18E5, 0x18E5, 0x18E5, 0x18E5, 0x18E5,
    0x18E5, 0x18E5, 0x18E5, 0x18E5, 0x18E5, 0x18E5, 0x18E5, 0x18E5,
    0x18E5, 0x18E5, 0x18E5, 0x18E5, 0x18E5, 0x18E5, 0x18E5, 0x18E5,
    0x18E5, 0x18E5, 0x18E5, 0x18E5, 0x18E5, 0x18E5, 0x18E5, 0x18E5,
    0x18E5, 0x18E5, 0x18E5, 0x18E5, 0x18E5, 0x18E5, 0x18E5, 0x18E5,
    0x18E5, 0x18E5, 0x18E5, 0x18E5, 0x18E5, 0x18E5, 0x18E5, 0x18E5,
    0x18E5, 0x18E5, 0x18E5, 0x18E5, 0x18E5, 0x18E5, 0x18E5, 0x18E5,
    0x18E5, 0x18E5, 0x18E5, 0x18E5, 0x18E5, 0x18E5, 0x18E5, 0x18E5,
    0x18E5, 0x18E5, 0x18E5, 0x18E5, 0x18E5, 0x18E5, 0x18E5, 0x18E5,
    0x18E5, 0x18E5, 0x18E5, 0x18E5, 0x18E5, 0x18E5, 0x18E5, 0x18E5,
    0x18E5, 0x18E5, 0x18E5, 0x18E5, 0x18E5, 0x18E5, 0x18E5, 0x18E5,
    0x18E5, 0x18E5, 0x18E5, 0x18E5, 0x18E5, 0x18E5, 0x18E5, 0x18E5,
    0x18E5, 0x18E5, 0x18E5, 0x18E5, 0x18E5, 0x18E5, 0x18E5, 0x18E5,
    0x18E5, 0x18E5, 0x18E5, 0x18E5, 0x18E5, 0x18E5, 0x18E5, 0x18E5,
    0x18E5, 0x18E5, 0x18E5, 0x18E5, 0x18E5, 0x18E5, 0x18E5, 0x18E5,
    0x18E5, 0x18E5, 0x18E5, 0x18E5, 0x18E5, 0x18E5, 0x18E5, 0x18E5,
    0x18E5, 0x18E5, 0x18E5, 0x18E5, 0x18E5, 0x18E5, 0x18E5, 0x18E5,
    0xFF72, 0x18E5, 0x18E5, 0x18E5, 0x18E5, 0x18E5, 0x18E5, 0x18E5,
    0x18E5, 0x18E5, 0x18E5, 0x18E5, 0x18E5, 0x18E5, 0x18E5, 0x18E5,
    0x18E5, 0x18E5, 0x18E5, 0x18E5, 0x18E5, 0x18E5, 0x18E5, 0x18E5,
    0x18E5, 0x18E5, 0x18E5, 0x18E5, 0x18E5, 0x18E5, 0x18E5, 0x18E5,
    0x18E5, 0x18E5, 0x18E5, 0x18E5, 0x18E5, 0x18E5, 0x18E5, 0x18E5,
    0x18E5, 0x18E5, 0x18E5, 0x18E5, 0x18E5, 0x18E5, 0x18E5, 0x18E5,
    0x18E5, 0x18E5, 0x18E5, 0x18E5, 0x18E5, 0x18E5, 0x18E5, 0x18E5,
    0x18E5, 0x18E5, 0x18E5, 0x18E5, 0x18E5, 0x18E5, 0x18E5, 0x18E5,
    0x18E5, 0x18E5, 0x18E5, 0x18E5, 0x18E5, 0x18E5, 0x18E5, 0x18E5,
    0x18E5, 0x18E5, 0x18E5, 0x18E5, 0x18E5, 0x18E5, 0x18E5, 0x18E5,
    0x18E5, 0x18E5, 0x18E5, 0x18E5, 0x18E5, 0x18E5, 0x18E5, 0x18E5,
    0x18E5, 0x18E5, 0x18E5, 0x18E5, 0x18E5, 0x18E5, 0x18E5, 0x18E5,
    0x18E5, 0x18E5, 0x18E5, 0x18E5, 0x18E5, 0x18E5, 0x18E5, 0x18E5,
    0x18E5, 0x18E5, 0x18E5, 0x18E5, 0x18E5, 0x18E5, 0x18E5, 0x18E5,
    0x18E5, 0x18E5, 0x18E5, 0x18E5, 0x18E5, 0x18E5, 0x18E5, 0x18E5,
    0x18E5, 0x18E5, 0x18E5, 0x18E5, 0x18E5, 0x18E5, 0x18E5, 0x18E5,
    0x18E5, 0x18E5, 0x18E5, 0x18E5, 0x18E5, 0x18E5, 0x18E5, 0x18E5,
    0x18E5, 0x18E5, 0x18E5, 0x18E5, 0x18E5, 0x18E5, 0x18E5, 0x18E5,
    0x18E5, 0x18E5, 0x18E5, 0x18E5, 0x18E5, 0x18E5, 0x18E5, 0x18E5,
    0x18E5, 0x18E5, 0x18E5, 0x18E5, 0x18E5, 0x18E5, 0x18E5, 0x18E5,
    0x18E5, 0x18E5, 0x18E5, 0x18E5, 0x18E5, 0x18E5, 0x18E5, 0x18E5,
    0x18E5, 0x18E5, 0x18E5, 0x18E5, 0x18E5, 0x18E5, 0x18E5, 0x18E5,
    0x18E5, 0x18E5, 0x18E5, 0x18E5, 0x18E5, 0x18E5, 0x18E5, 0x18E5,
    0x18E5, 0x18E5, 0x18E5, 0x18E5, 0x18E5, 0x18E5, 0x18E5, 0x18E5,
    0x18E5, 0x18E5, 0x18E5, 0x18E5, 0x18E5, 0x18E5, 0x18E5, 0x18E5,
    0x18E5, 0x18E5, 0x18E5, 0x18E5, 0x18E5, 0x18E5, 0x18E5, 0x18E5,
    0x18E5, 0x18E5, 0x18E5, 0x18E5, 0x18E5, 0x18E5, 0x18E5, 0x18E5,
    0x18E5, 0x18E5, 0x18E5, 0x18E5, 0x18E5, 0x18E5, 0x18E5, 0x18E5,
    0x18E5, 0x18E5, 0x18E5, 0x18E5, 0x18E5, 0x18E5, 0x18E5, 0x18E5,
    0x18E5, 0x18E5, 0x18E5, 0x18E5, 0x18E5, 0x18E5, 0x18E5, 0x18E5,
    0xFF72, 0x18E5, 0x18E5, 0x18E5, 0x18E5, 0x18E5, 0x18E5, 0x18E5,
    0x18E5, 0x18E5, 0x18E5, 0x18E5, 0x18E5, 0x18E5, 0x18E5, 0x18E5,
    0x18E5, 0x18E5, 0x18E5, 0x18E5, 0x18E5, 0x18E5, 0x18E5, 0x18E5,
    0x18E5, 0x18E5, 0x18E5, 0x18E5, 0x18E5, 0x18E5, 0x18E5, 0x18E5,
    0x18E5, 0x18E5, 0x18E5, 0x18E5, 0x18E5, 0x18E5, 0x18E5, 0x18E5,
    0x18E5, 0x18E5, 0x18E5, 0x18E5, 0x18E5, 0x18E5, 0x18E5, 0x18E5,
    0x18E5, 0x18E5, 0x18E5, 0x18E5, 0x18E5, 0x18E5, 0x18E5, 0x18E5,
    0x18E5, 0x18E5, 0x18E5, 0x18E5, 0x18E5, 0x18E5, 0x18E5, 0x18E5,
    0x18E5, 0x18E5, 0x18E5, 0x18E5, 0x18E5, 0x18E5, 0x18E5, 0x18E5,
    0x18E5, 0x18E5, 0x18E5, 0x18E5, 0x18E5, 0x18E5, 0x18E5, 0x18E5,
    0x18E5, 0x18E5, 0x18E5, 0x18E5, 0x18E5, 0x18E5, 0x18E5, 0x18E5,
    0x18E5, 0x18E5, 0x18E5, 0x18E5, 0x18E5, 0x18E5, 0x18E5, 0x18E5,
    0x18E5, 0x18E5, 0x18E5, 0x18E5, 0x18E5, 0x18E5, 0x18E5, 0x18E5,
    0x18E5, 0x18E5, 0x18E5, 0x18E5, 0x18E5, 0x18E5, 0x18E5, 0x18E5,
    0x18E5, 0x18E5, 0x18E5, 0x18E5, 0x18E5, 0x18E5, 0x18E5, 0x18E5,
    0x18E5, 0x18E5, 0x18E5, 0x18E5, 0x18E5, 0x18E5, 0x18E5, 0x18E5,
    0x18E5, 0x18E5, 0x18E5, 0x18E5, 0x18E5, 0x18E5, 0x18E5, 0x18E5,
    0x18E5, 0x18E5, 0x18E5, 0x18E5, 0x18E5, 0x18E5, 0x18E5, 0x18E5,
    0x18E5, 0x18E5, 0x18E5, 0x18E5, 0x18E5, 0x18E5, 0x18E5, 0x18E5,
    0x18E5, 0x18E5, 0x18E5, 0x18E5, 0x18E5, 0x18E5, 0x18E5, 0x18E5,
    0x18E5, 0x18E5, 0x18E5, 0x18E5, 0x18E5, 0x18E5, 0x18E5, 0x18E5,
    0x18E5, 0x18E5, 0x18E5, 0x18E5, 0x18E5, 0x18E5, 0x18E5, 0x18E5,
    0x18E5, 0x18E5, 0x18E5, 0x18E5, 0x18E5, 0x18E5, 0x18E5, 0x18E5,
    0x18E5, 0x18E5, 0x18E5, 0x18E5, 0x18E5, 0x18E5, 0x18E5, 0x18E5,
    0x18E5, 0x18E5, 0x18E5, 0x18E5, 0x18E5, 0x18E5, 0x18E5, 0x18E5,
    0x18E5, 0x18E5, 0x18E5, 0x18E5, 0x18E5, 0x18E5, 0x18E5, 0x18E5,
    0x18E5, 0x18E5, 0x18E5, 0x18E5, 0x18E5, 0x18E5, 0x18E5, 0x18E5,
    0x18E5, 0x18E5, 0x18E5, 0x18E5, 0x18E5, 0x18E5, 0x18E5, 0x18E5,
    0x18E5, 0x18E5, 0x18E5, 0x18E5, 0x18E5, 0x18E5, 0x18E5, 0x18E5,
    0x18E5, 0x18E5, 0x18E5, 0x18E5, 0x18E5, 0x18E5, 0x18E5, 0x18E5,
    0xFF72, 0x18E5, 0x18E5, 0x18E5, 0x18E5, 0x18E5, 0x18E5, 0x18E5,
    0x18E5, 0x18E5, 0x18E5, 0x18E5, 0x18E5, 0x18E5, 0x18E5, 0x18E5,
    0x18E5, 0x18E5, 0x18E5, 0x18E5, 0x18E5, 0x18E5, 0x18E5, 0x18E5,
    0x18E5, 0x18E5, 0x18E5, 0x18E5, 0x18E5, 0x18E5, 0x18E5, 0x18E5,
    0x18E5, 0x18E5, 0x18E5, 0x18E5, 0x18E5, 0x18E5, 0x18E5, 0x18E5,
    0x18E5, 0x18E5, 0x18E5, 0x18E5, 0x18E5, 0x18E5, 0x18E5, 0x18E5,
    0x18E5, 0x18E5, 0x18E5, 0x18E5, 0x18E5, 0x18E5, 0x18E5, 0x18E5,
    0x18E5, 0x18E5, 0x18E5, 0x18E5, 0x18E5, 0x18E5, 0x18E5, 0x18E5,
    0x18E5, 0x18E5, 0x18E5, 0x18E5, 0x18E5, 0x18E5, 0x18E5, 0x18E5,
    0x18E5, 0x18E5, 0x18E5, 0x18E5, 0x18E5, 0x18E5, 0x18E5, 0x18E5,
    0x18E5, 0x18E5, 0x18E5, 0x18E5, 0x18E5, 0x18E5, 0x18E5, 0x18E5,
    0x18E5, 0x18E5, 0x18E5, 0x18E5, 0x18E5, 0x18E5, 0x18E5, 0x18E5,
    0x18E5, 0x18E5, 0x18E5, 0x18E5, 0x18E5, 0x18E5, 0x18E5, 0x18E5,
    0x18E5, 0x18E5, 0x18E5, 0x18E5, 0x18E5, 0x18E5, 0x18E5, 0x18E5,
    0x18E5, 0x18E5, 0x18E5, 0x18E5, 0x18E5, 0x18E5, 0x18E5, 0x18E5,
    0x18E5, 0x18E5, 0x18E5, 0x18E5, 0x18E5, 0x18E5, 0x18E5, 0x18E5,
    0x18E5, 0x18E5, 0x18E5, 0x18E5, 0x18E5, 0x18E5, 0x18E5, 0x18E5,
    0x18E5, 0x18E5, 0x18E5, 0x18E5, 0x18E5, 0x18E5, 0x18E5, 0x18E5,
    0x18E5, 0x18E5, 0x18E5, 0x18E5, 0x18E5, 0x18E5, 0x18E5, 0x18E5,
    0x18E5, 0x18E5, 0x18E5, 0x18E5, 0x18E5, 0x18E5, 0x18E5, 0x18E5,
    0x18E5, 0x18E5, 0x18E5, 0x18E5, 0x18E5, 0x18E5, 0x18E5, 0x18E5,
    0x18E5, 0x18E5, 0x18E5, 0x18E5, 0x18E5, 0x18E5, 0x18E5, 0x18E5,
    0x18E5, 0x18E5, 0x18E5, 0x18E5, 0x18E5, 0x18E5, 0x18E5, 0x18E5,
    0x18E5, 0x18E5, 0x18E5, 0x18E5, 0x18E5, 0x18E5, 0x18E5, 0x18E5,
    0x18E5, 0x18E5, 0x18E5, 0x18E5, 0x18E5, 0x18E5, 0x18E5, 0x18E5,
    0x18E5, 0x18E5, 0x18E5, 0x18E5, 0x18E5, 0x18E5, 0x18E5, 0x18E5,
    0x18E5, 0x18E5, 0x18E5, 0x18E5, 0x18E5, 0x18E5, 0x18E5, 0x18E5,
    0x18E5, 0x18E5, 0x18E5, 0x18E5, 0x18E5, 0x18E5, 0x18E5, 0x18E5,
    0x18E5, 0x18E5, 0x18E5, 0x18E5, 0x18E5, 0x18E5, 0x18E5, 0x18E5,
    0x18E5, 0x18E5, 0x18E5, 0x18E5, 0x18E5, 0x18E5, 0x18E5, 0x18E5,
    0xFF72, 0x18E5, 0x18E5, 0x18E5, 0x18E5, 0x18E5, 0x18E5, 0x18E5,
    0x18E5, 0x18E5, 0x18E5, 0x18E5, 0x18E5, 0x18E5, 0x18E5, 0x18E5,
    0x18E5, 0x18E5, 0x18E5, 0x18E5, 0x18E5, 0x18E5, 0x18E5, 0x18E5,
    0x18E5, 0x18E5, 0x18E5, 0x18E5, 0x18E5, 0x18E5, 0x18E5, 0x18E5,
    0x18E5, 0x18E5, 0x18E5, 0x18E5, 0x18E5, 0x18E5, 0x18E5, 0x18E5,
    0x18E5, 0x18E5, 0x18E5, 0x18E5, 0x18E5, 0x18E5, 0x18E5, 0x18E5,
    0x18E5, 0x18E5, 0x18E5, 0x18E5, 0x18E5, 0x18E5, 0x18E5, 0x18E5,
    0x18E5, 0x18E5, 0x18E5, 0x18E5, 0x18E5, 0x18E5, 0x18E5, 0x18E5,
    0x18E5, 0x18E5, 0x18E5, 0x18E5, 0x18E5, 0x18E5, 0x18E5, 0x18E5,
    0x18E5, 0x18E5, 0x18E5, 0x18E5, 0x18E5, 0x18E5, 0x18E5, 0x18E5,
    0x18E5, 0x18E5, 0x18E5, 0x18E5, 0x18E5, 0x18E5, 0x18E5, 0x18E5,
    0x18E5, 0x18E5, 0x18E5, 0x18E5, 0x18E5, 0x18E5, 0x18E5, 0x18E5,
    0x18E5, 0x18E5, 0x18E5, 0x18E5, 0x18E5, 0x18E5, 0x18E5, 0x18E5,
    0x18E5, 0x18E5, 0x18E5, 0x18E5, 0x18E5, 0x18E5, 0x18E5, 0x18E5,
    0x18E5, 0x18E5, 0x18E5, 0x18E5, 0x18E5, 0x18E5, 0x18E5, 0x18E5,
    0x18E5, 0x18E5, 0x18E5, 0x18E5, 0x18E5, 0x18E5, 0x18E5, 0x18E5,
    0x18E5, 0x18E5, 0x18E5, 0x18E5, 0x18E5, 0x18E5, 0x18E5, 0x18E5,
    0x18E5, 0x18E5, 0x18E5, 0x18E5, 0x18E5, 0x18E5, 0x18E5, 0x18E5,
    0x18E5, 0x18E5, 0x18E5, 0x18E5, 0x18E5, 0x18E5, 0x18E5, 0x18E5,
    0x18E5, 0x18E5, 0x18E5, 0x18E5, 0x18E5, 0x18E5, 0x18E5, 0x18E5,
    0x18E5, 0x18E5, 0x18E5, 0x18E5, 0x18E5, 0x18E5, 0x18E5, 0x18E5,
    0x18E5, 0x18E5, 0x18E5, 0x18E5, 0x18E5, 0x18E5, 0x18E5, 0x18E5,
    0x18E5, 0x18E5, 0x18E5, 0x18E5, 0x18E5, 0x18E5, 0x18E5, 0x18E5,
    0x18E5, 0x18E5, 0x18E5, 0x18E5, 0x18E5, 0x18E5, 0x18E5, 0x18E5,
    0x18E5, 0x18E5, 0x18E5, 0x18E5, 0x18E5, 0x18E5, 0x18E5, 0x18E5,
    0x18E5, 0x18E5, 0x18E5, 0x18E5, 0x18E5, 0x18E5, 0x18E5, 0x18E5,
    0x18E5, 0x18E5, 0x18E5, 0x18E5, 0x18E5, 0x18E5, 0x18E5, 0x18E5,
    0x18E5, 0x18E5, 0x18E5, 0x18E5, 0x18E5, 0x18E5, 0x18E5, 0x18E5,
    0x18E5, 0x18E5, 0x18E5, 0x18E5, 0x18E5, 0x18E5, 0x18E5, 0x18E5,
    0x18E5, 0x18E5, 0x18E5, 0x18E5, 0xFF72, 0xFF72, 0xFF72, 0xFF72,
    0xFF72, 0xFF72, 0xFF72, 0xFF72, 0xFF72, 0x18E5, 0x18E5, 0x18E5,
    0x18E5, 0x18E5, 0x18E5, 0x18E5, 0x18E5, 0x18E5, 0x18E5, 0x18E5,
    0x18E5, 0x18E5, 0x18E5, 0x18E5, 0x18E5, 0x18E5, 0x18E5, 0x18E5,
    0x18E5, 0x18E5, 0x18E5, 0x18E5, 0x18E5, 0x18E5, 0x18E5, 0x18E5,
    0x18E5, 0x18E5, 0x18E5, 0x18E5, 0x18E5, 0x18E5, 0x18E5, 0x18E5,
    0x18E5, 0x18E5, 0x18E5, 0x18E5, 0x18E5, 0x18E5, 0x18E5, 0x18E5,
    0x18E5, 0x18E5, 0x18E5, 0x18E5, 0x18E5, 0x18E5, 0x18E5, 0x18E5,
    0x18E5, 0x18E5, 0x18E5, 0x18E5, 0x18E5, 0x18E5, 0x18E5, 0x18E5,
    0x18E5, 0x18E5, 0x18E5, 0x18E5, 0x18E5, 0x18E5, 0x18E5, 0x18E5,
    0x18E5, 0x18E5, 0x18E5, 0x18E5, 0x18E5, 0x18E5, 0x18E5, 0x18E5,
    0x18E5, 0x18E5, 0x18E5, 0x18E5, 0x18E5, 0x18E5, 0x18E5, 0x18E5,
    0x18E5, 0x18E5, 0x18E5, 0x18E5, 0x18E5, 0x18E5, 0x18E5, 0x18E5,
    0x18E5, 0x18E5, 0x18E5, 0x18E5, 0x18E5, 0x18E5, 0x18E5, 0x18E5,
    0x18E5, 0x18E5, 0x18E5, 0x18E5, 0x18E5, 0x18E5, 0x18E5, 0x18E5,
    0x18E5, 0x18E5, 0x18E5, 0x18E5, 0x18E5, 0x18E5, 0x18E5, 0x18E5,
    0x18E5, 0x18E5, 0x18E5, 0x18E5, 0x18E5, 0x18E5, 0x18E5, 0x18E5,
    0x18E5, 0x18E5, 0x18E5, 0x18E5, 0x18E5, 0x18E5, 0x18E5, 0x18E5,
    0x18E5, 0x18E5, 0x18E5, 0x18E5, 0x18E5, 0x18E5, 0x18E5, 0x18E5,
    0x18E5, 0x18E5, 0x18E5, 0x18E5, 0x18E5, 0x18E5, 0x18E5, 0x18E5,
    0x18E5, 0x18E5, 0x18E5, 0x18E5, 0x18E5, 0x18E5, 0x18E5, 0x18E5,
    0x18E5, 0x18E5, 0x18E5, 0x18E5, 0x18E5, 0x18E5, 0x18E5, 0x18E5,
    0x18E5, 0x18E5, 0x18E5, 0x18E5, 0x18E5, 0x18E5, 0x18E5, 0x18E5,
    0x18E5, 0x18E5, 0x18E5, 0x18E5, 0x18E5, 0x18E5, 0x18E5, 0x18E5,
    0x18E5, 0x18E5, 0x18E5, 0x18E5, 0x18E5, 0x18E5, 0x18E5, 0x18E5,
    0x18E5, 0x18E5, 0x18E5, 0x18E5, 0x18E5, 0x18E5, 0x18E5, 0x18E5,
    0x18E5, 0x18E5, 0x18E5, 0x18E5, 0x18E5, 0x18E5, 0x18E5, 0x18E5,
    0x18E5, 0x18E5, 0x18E5, 0x18E5, 0x18E5, 0x18E5, 0x18E5, 0x18E5,
    0x18E5, 0x18E5, 0x18E5, 0x18E5, 0x18E5, 0x18E5, 0x18E5, 0x18E5,
    0x18E5, 0x18E5, 0x18E5, 0x18E5, 0x18E5, 0x18E5, 0x18E5, 0x18E5,
    0x18E5, 0x18E5, 0x18E5, 0x18E5, 0x18E5, 0x18E5, 0x18E5, 0x18E5,
    0xFF72, 0x18E5, 0x18E5, 0x18E5, 0x18E5, 0x18E5, 0x18E5, 0x18E5,
    0x18E5, 0x18E5, 0x18E5, 0x18E5, 0x18E5, 0x18E5, 0x18E5, 0x18E5,
    0x18E5, 0x18E5, 0x18E5, 0x18E5, 0x18E5, 0x18E5, 0x18E5, 0x18E5,
    0x18E5, 0x18E5, 0x18E5, 0x18E5, 0x18E5, 0x18E5, 0x18E5, 0x18E5,
    0x18E5, 0x18E5, 0x18E5, 0x18E5, 0x18E5, 0x18E5, 0x18E5, 0x18E5,
    0x18E5, 0x18E5, 0x18E5, 0x18E5, 0x18E5, 0x18E5, 0x18E5, 0x18E5,
    0x18E5, 0x18E5, 0x18E5, 0x18E5, 0x18E5, 0x18E5, 0x18E5, 0x18E5,
    0x18E5, 0x18E5, 0x18E5, 0x18E5, 0x18E5, 0x18E5, 0x18E5, 0x18E5,
    0x18E5, 0x18E5, 0x18E5, 0x18E5, 0x18E5, 0x18E5, 0x18E5, 0x18E5,
    0x18E5, 0x18E5, 0x18E5, 0x18E5, 0x18E5, 0x18E5, 0x18E5, 0x18E5,
    0x18E5, 0x18E5, 0x18E5, 0x18E5, 0x18E5, 0x18E5, 0x18E5, 0x18E5,
    0x18E5, 0x18E5, 0x18E5, 0x18E5, 0x18E5, 0x18E5, 0x18E5, 0x18E5,
    0x18E5, 0x18E5, 0x18E5, 0x18E5, 0x18E5, 0x18E5, 0x18E5, 0x18E5,
    0x18E5, 0x18E5, 0x18E5, 0x18E5, 0x18E5, 0x18E5, 0x18E5, 0x18E5,
    0x18E5, 0x18E5, 0x18E5, 0x18E5, 0x18E5, 0x18E5, 0x18E5, 0x18E5,
    0x18E5, 0x18E5, 0x18E5, 0x18E5, 0x18E5, 0x18E5, 0x18E5, 0x18E5,
    0x18E5, 0x18E5, 0x18E5, 0x18E5, 0x18E5, 0x18E5, 0x18E5, 0x18E5,
    0x18E5, 0x18E5, 0x18E5, 0x18E5, 0x18E5, 0x18E5, 0x18E5, 0x18E5,
    0x18E5, 0x18E5, 0x18E5, 0x18E5, 0x18E5, 0x18E5, 0x18E5, 0x18E5,
    0x18E5, 0x18E5, 0x18E5, 0x18E5, 0x18E5, 0x18E5, 0x18E5, 0x18E5,
    0x18E5, 0x18E5, 0x18E5, 0x18E5, 0x18E5, 0x18E5, 0x18E5, 0x18E5,
    0x18E5, 0x18E5, 0x18E5, 0x18E5, 0x18E5, 0x18E5, 0x18E5, 0x18E5,
    0x18E5, 0x18E5, 0x18E5, 0x18E5, 0x18E5, 0x18E5, 0x18E5, 0x18E5,
    0x18E5, 0x18E5, 0x18E5, 0x18E5, 0x18E5, 0x18E5, 0x18E5, 0x18E5,
    0x18E5, 0x18E5, 0x18E5, 0x18E5, 0x18E5, 0x18E5, 0x18E5, 0x18E5,
    0x18E5, 0x18E5, 0x18E5, 0x18E5, 0x18E5, 0x18E5, 0x18E5, 0x18E5,
    0x18E5, 0x18E5, 0x18E5, 0x18E5, 0x18E5, 0x18E5, 0x18E5, 0x18E5,
    0x18E5, 0x18E5, 0x18E5, 0x18E5, 0x18E5, 0x18E5, 0x18E5, 0x18E5,
    0x18E5, 0x18E5, 0x18E5, 0x18E5, 0x18E5, 0x18E5, 0x18E5, 0x18E5,
    0x18E5, 0x18E5, 0x18E5, 0x18E5, 0x18E5, 0x18E5, 0x18E5, 0x18E5,
    0xFF72, 0x18E5, 0x18E5, 0x18E5, 0x18E5, 0x18E5, 0x18E5, 0x18E5,
    0x18E5, 0x18E5, 0x18E5, 0x18E5, 0x18E5, 0x18E5, 0x18E5, 0x18E5,
    0x18E5, 0x18E5, 0x18E5, 0x18E5, 0x18E5, 0x18E5, 0x18E5, 0x18E5,
    0x18E5, 0x18E5, 0x18E5, 0x18E5, 0x18E5, 0x18E5, 0x18E5, 0x18E5,
    0x18E5, 0x18E5, 0x18E5, 0x18E5, 0x18E5, 0x18E5, 0x18E5, 0x18E5,
    0x18E5, 0x18E5, 0x18E5, 0x18E5, 0x18E5, 0x18E5, 0x18E5, 0x18E5,
    0x18E5, 0x18E5, 0x18E5, 0x18E5, 0x18E5, 0x18E5, 0x18E5, 0x18E5,
    0x18E5, 0x18E5, 0x18E5, 0x18E5, 0x18E5, 0x18E5, 0x18E5, 0x18E5,
    0x18E5, 0x18E5, 0x18E5, 0x18E5, 0x18E5, 0x18E5, 0x18E5, 0x18E5,
    0x18E5, 0x18E5, 0x18E5, 0x18E5, 0x18E5, 0x18E5, 0x18E5, 0x18E5,
    0x18E5, 0x18E5, 0x18E5, 0x18E5, 0x18E5, 0x18E5, 0x18E5, 0x18E5,
    0x18E5, 0x18E5, 0x18E5, 0x18E5, 0x18E5, 0x18E5, 0x18E5, 0x18E5,
    0x18E5, 0x18E5, 0x18E5, 0x18E5, 0x18E5, 0x18E5, 0x18E5, 0x18E5,
    0x18E5, 0x18E5, 0x18E5, 0x18E5, 0x18E5, 0x18E5, 0x18E5, 0x18E5,
    0x18E5, 0x18E5, 0x18E5, 0x18E5, 0x18E5, 0x18E5, 0x18E5, 0x18E5,
    0x18E5, 0x18E5, 0x18E5, 0x18E5, 0x18E5, 0x18E5, 0x18E5, 0x18E5,
    0x18E5, 0x18E5, 0x18E5, 0x18E5, 0x18E5, 0x18E5, 0x18E5, 0x18E5,
    0x18E5, 0x18E5, 0x18E5, 0x18E5, 0x18E5, 0x18E5, 0x18E5, 0x18E5,
    0x18E5, 0x18E5, 0x18E5, 0x18E5, 0x18E5, 0x18E5, 0x18E5, 0x18E5,
    0x18E5, 0x18E5, 0x18E5, 0x18E5, 0x18E5, 0x18E5, 0x18E5, 0x18E5,
    0x18E5, 0x18E5, 0x18E5, 0x18E5, 0x18E5, 0x18E5, 0x18E5, 0x18E5,
    0x18E5, 0x18E5, 0x18E5, 0x18E5, 0x18E5, 0x18E5, 0x18E5, 0x18E5,
    0x18E5, 0x18E5, 0x18E5, 0x18E5, 0x18E5, 0x18E5, 0x18E5, 0x18E5,
    0x18E5, 0x18E5, 0x18E5, 0x18E5, 0x18E5, 0x18E5, 0x18E5, 0x18E5,
    0x18E5, 0x18E5, 0x18E5, 0x18E5, 0x18E5, 0x18E5, 0x18E5, 0x18E5,
    0x18E5, 0x18E5, 0x18E5, 0x18E5, 0x18E5, 0x18E5, 0x18E5, 0x18E5,
    0x18E5, 0x18E5, 0x18E5, 0x18E5, 0x18E5, 0x18E5, 0x18E5, 0x18E5,
    0x18E5, 0x18E5, 0x18E5, 0x18E5, 0x18E5, 0x18E5, 0x18E5, 0x18E5,
    0x18E5, 0x18E5, 0x18E5, 0x18E5, 0x18E5, 0x18E5, 0x18E5, 0x18E5,
    0x18E5, 0x18E5, 0x18E5, 0x18E5, 0x18E5, 0x18E5, 0x18E5, 0x18E5,
    0xFF72, 0x18E5, 0x18E5, 0x18E5, 0x18E5, 0x18E5, 0x18E5, 0x18E5,
    0x18E5, 0x18E5, 0x18E5, 0x18E5, 0x18E5, 0x18E5, 0x18E5, 0x18E5,
    0x18E5, 0x18E5, 0x18E5, 0x18E5, 0x18E5, 0x18E5, 0x18E5, 0x18E5,
    0x18E5, 0x18E5, 0x18E5, 0x18E5, 0x18E5, 0x18E5, 0x18E5, 0x18E5,
    0x18E5, 0x18E5, 0x18E5, 0x18E5, 0x18E5, 0x18E5, 0x18E5, 0x18E5,
    0x18E5, 0x18E5, 0x18E5, 0x18E5, 0x18E5, 0x18E5, 0x18E5, 0x18E5,
    0x18E5, 0x18E5, 0x18E5, 0x18E5, 0x18E5, 0x18E5, 0x18E5, 0x18E5,
    0x18E5, 0x18E5, 0x18E5, 0x18E5, 0x18E5, 0x18E5, 0x18E5, 0x18E5,
    0x18E5, 0x18E5, 0x18E5, 0x18E5, 0x18E5, 0x18E5, 0x18E5, 0x18E5,
    0x18E5, 0x18E5, 0x18E5, 0x18E5, 0x18E5, 0x18E5, 0x18E5, 0x18E5,
    0x18E5, 0x18E5, 0x18E5, 0x18E5, 0x18E5, 0x18E5, 0x18E5, 0x18E5,
    0x18E5, 0x18E5, 0x18E5, 0x18E5, 0x18E5, 0x18E5, 0x18E5, 0x18E5,
    0x18E5, 0x18E5, 0x18E5, 0x18E5, 0x18E5, 0x18E5, 0x18E5, 0x18E5,
    0x18E5, 0x18E5, 0x18E5, 0x18E5, 0x18E5, 0x18E5, 0x18E5, 0x18E5,
    0x18E5, 0x18E5, 0x18E5, 0x18E5, 0x18E5, 0x18E5, 0x18E5, 0x18E5,
    0x18E5, 0x18E5, 0x18E5, 0x18E5, 0x18E5, 0x18E5, 0x18E5, 0x18E5,
    0x18E5, 0x18E5, 0x18E5, 0x18E5, 0x18E5, 0x18E5, 0x18E5, 0x18E5,
    0x18E5, 0x18E5, 0x18E5, 0x18E5, 0x18E5, 0x18E5, 0x18E5, 0x18E5,
    0x18E5, 0x18E5, 0x18E5, 0x18E5, 0x18E5, 0x18E5, 0x18E5, 0x18E5,
    0x18E5, 0x18E5, 0x18E5, 0x18E5, 0x18E5, 0x18E5, 0x18E5, 0x18E5,
    0x18E5, 0x18E5, 0x18E5, 0x18E5, 0x18E5, 0x18E5, 0x18E5, 0x18E5,
    0x18E5, 0x18E5, 0x18E5, 0x18E5, 0x18E5, 0x18E5, 0x18E5, 0x18E5,
    0x18E5, 0x18E5, 0x18E5, 0x18E5, 0x18E5, 0x18E5, 0x18E5, 0x18E5,
    0x18E5, 0x18E5, 0x18E5, 0x18E5, 0x18E5, 0x18E5, 0x18E5, 0x18E5,
    0x18E5, 0x18E5, 0x18E5, 0x18E5, 0x18E5, 0x18E5, 0x18E5, 0x18E5,
    0x18E5, 0x18E5, 0x18E5, 0x18E5, 0x18E5, 0x18E5, 0x18E5, 0x18E5,
    0x18E5, 0x18E5, 0x18E5, 0x18E5, 0x18E5, 0x18E5, 0x18E5, 0x18E5,
    0x18E5, 0x18E5, 0x18E5, 0x18E5, 0x18E5, 0x18E5, 0x18E5, 0x18E5,
    0x18E5, 0x18E5, 0x18E5, 0x18E5, 0x18E5, 0x18E5, 0x18E5, 0x18E5,
    0x18E5, 0x18E5, 0x18E5, 0x18E5, 0x18E5, 0x18E5, 0x18E5, 0x18E5,
    0xFF72, 0x18E5, 0x18E5, 0x18E5, 0x18E5, 0x18E5, 0x18E5, 0x18E5,
    0x18E5, 0x18E5, 0x18E5, 0x18E5, 0x18E5, 0x18E5, 0x18E5, 0x18E5,
    0x18E5, 0x18E5, 0x18E5, 0x18E5, 0x18E5, 0x18E5, 0x18E5, 0x18E5,
    0x18E5, 0x18E5, 0x18E5, 0x18E5, 0x18E5, 0x18E5, 0x18E5, 0x18E5,
    0x18E5, 0x18E5, 0x18E5, 0x18E5, 0x18E5, 0x18E5, 0x18E5, 0x18E5,
    0x18E5, 0x18E5, 0x18E5, 0x18E5, 0x18E5, 0x18E5, 0x18E5, 0x18E5,
    0x18E5, 0x18E5, 0x18E5, 0x18E5, 0x18E5, 0x18E5, 0x18E5, 0x18E5,
    0x18E5, 0x18E5, 0x18E5, 0x18E5, 0x18E5, 0x18E5, 0x18E5, 0x18E5,
    0x18E5, 0x18E5, 0x18E5, 0x18E5, 0x18E5, 0x18E5, 0x18E5, 0x18E5,
    0x18E5, 0x18E5, 0x18E5, 0x18E5, 0x18E5, 0x18E5, 0x18E5, 0x18E5,
    0x18E5, 0x18E5, 0x18E5, 0x18E5, 0x18E5, 0x18E5, 0x18E5, 0x18E5,
    0x18E5, 0x18E5, 0x18E5, 0x18E5, 0x18E5, 0x18E5, 0x18E5, 0x18E5,
    0x18E5, 0x18E5, 0x18E5, 0x18E5, 0x18E5, 0x18E5, 0x18E5, 0x18E5,
    0x18E5, 0x18E5, 0x18E5, 0x18E5, 0x18E5, 0x18E5, 0x18E5, 0x18E5,
    0x18E5, 0x18E5, 0x18E5, 0x18E5, 0x18E5, 0x18E5, 0x18E5, 0x18E5,
    0x18E5, 0x18E5, 0x18E5, 0x18E5, 0x18E5, 0x18E5, 0x18E5, 0x18E5,
    0x18E5, 0x18E5, 0x18E5, 0x18E5, 0x18E5, 0x18E5, 0x18E5, 0x18E5,
    0x18E5, 0x18E5, 0x18E5, 0x18E5, 0x18E5, 0x18E5, 0x18E5, 0x18E5,
    0x18E5, 0x18E5, 0x18E5, 0x18E5, 0x18E5, 0x18E5, 0x18E5, 0x18E5,
    0x18E5, 0x18E5, 0x18E5, 0x18E5, 0x18E5, 0x18E5, 0x18E5, 0x18E5,
    0x18E5, 0x18E5, 0x18E5, 0x18E5, 0x18E5, 0x18E5, 0x18E5, 0x18E5,
    0x18E5, 0x18E5, 0x18E5, 0x18E5, 0x18E5, 0x18E5, 0x18E5, 0x18E5,
    0x18E5, 0x18E5, 0x18E5, 0x18E5, 0x18E5, 0x18E5, 0x18E5, 0x18E5,
    0x18E5, 0x18E5, 0x18E5, 0x18E5, 0x18E5, 0x18E5, 0x18E5, 0x18E5,
    0x18E5, 0x18E5, 0x18E5, 0x18E5, 0x18E5, 0x18E5, 0x18E5, 0x18E5,
    0x18E5, 0x18E5, 0x18E5, 0x18E5, 0x18E5, 0x18E5, 0x18E5, 0x18E5,
    0x18E5, 0x18E5, 0x18E5, 0x18E5, 0x18E5, 0x18E5, 0x18E5, 0x18E5,
    0x18E5, 0x18E5, 0x18E5, 0x18E5, 0x18E5, 0x18E5, 0x18E5, 0x18E5,
    0x18E5, 0x18E5, 0x18E5, 0x18E5, 0x18E5, 0x18E5, 0x18E5, 0x18E5,
    0x18E5, 0x18E5, 0x18E5, 0x18E5, 0x18E5, 0x18E5, 0x18E5, 0x18E5,
    0x18E5, 0x18E5, 0x18E5, 0x18E5, 0x18E5, 0x18E5, 0x18E5, 0x18E5,
    0x18E5, 0x18E5, 0x18E5, 0x18E5, 0x18E5, 0x18E5, 0x18E5, 0x18E5,
    0x18E5, 0x18E5, 0x18E5, 0x18E5, 0x18E5, 0x18E5, 0x18E5, 0x18E5,
    0x1905, 0x1905, 0x1905, 0x1905, 0x1905, 0x1905, 0x1905, 0x1905,
    0x1905, 0x1905, 0x1905, 0x1905, 0x1905, 0x1905, 0x1905, 0x1905,
    0x1905, 0x1905, 0x1905, 0x1905, 0x1905, 0x1905, 0x1905, 0x1905,
    0x1905, 0x1905, 0x1905, 0x1905, 0x1905, 0x1905, 0x1905, 0x1905,
    0x1905, 0x1905, 0x1905, 0x1905, 0x1905, 0x1905, 0x1905, 0x1905,
    0x1905, 0x1905, 0x1905, 0x1905, 0x1905, 0x1905, 0x1905, 0x1905,
    0x1905, 0x1905, 0x1905, 0x1905, 0x1905, 0x1905, 0x1905, 0x1905,
    0x1905, 0x1905, 0x1905, 0x1905, 0x1905, 0x1905, 0x1905, 0x1905,
    0x1905, 0x1905, 0x1905, 0x1905, 0x1905, 0x1905, 0x1905, 0x1905,
    0x1905, 0x1905, 0x1905, 0x1905, 0x1905, 0x1905, 0x1905, 0x1905,
    0x1905, 0x1905, 0x1905, 0x1905, 0x1905, 0x1905, 0x1905, 0x1905,
    0x1905, 0x1905, 0x1905, 0x1905, 0x1905, 0x1905, 0x1905, 0x1905,
    0x1905, 0x1905, 0x1905, 0x1905, 0x1905, 0x1905, 0x1905, 0x1905,
    0x1905, 0x1905, 0x1905, 0x1905, 0x1905, 0x1905, 0x1905, 0x1905,
    0x1905, 0x1905, 0x1905, 0x1905, 0x1905, 0x1905, 0x1905, 0x1905,
    0x1905, 0x1905, 0x1905, 0x1905, 0x1905, 0x1905, 0x1905, 0x1905,
    0x1905, 0x1905, 0x1905, 0x1905, 0x1905, 0x1905, 0x1905, 0x1905,
    0x1905, 0x1905, 0x1905, 0x1905, 0x1905, 0x1905, 0x1905, 0x1905,
    0x1905, 0x1905, 0x1905, 0x1905, 0x1905, 0x1905, 0x1905, 0x1905,
    0x1905, 0x1905, 0x1905, 0x1905, 0x1905, 0x1905, 0x1905, 0x1905,
    0x1905, 0x1905, 0x1905, 0x1905, 0x1905, 0x1905, 0x1905, 0x1905,
    0x1905, 0x1905, 0x1905, 0x1905, 0x1905, 0x1905, 0x1905, 0x1905,
    0x1905, 0x1905, 0x1905, 0x1905, 0x1905, 0x1905, 0x1905, 0x1905,
    0x1905, 0x1905, 0x1905, 0x1905, 0x1905, 0x1905, 0x1905, 0x1905,
    0x1905, 0x1905, 0x1905, 0x1905, 0x1905, 0x1905, 0x1905, 0x1905,
    0x1905, 0x1905, 0x1905, 0x1905, 0x1905, 0x1905, 0x1905, 0x1905,
    0x1905, 0x1905, 0x1905, 0x1905, 0x1905, 0x1905, 0x1905, 0x1905,
    0x1905, 0x1905, 0x1905, 0x1905, 0x1905, 0x1905, 0x1905, 0x1905,
    0x1905, 0x1905, 0x1905, 0x1905, 0x1905, 0x1905, 0x1905, 0x1905,
    0x1905, 0x1905, 0x1905, 0x1905, 0x1905, 0x1905, 0x1905, 0x1905,
    0x1905, 0x1905, 0x1905, 0x1905, 0x1905, 0x1905, 0x1905, 0x1905,
    0x1905, 0x1905, 0x1905, 0x1905, 0x1905, 0x1905, 0x1905, 0x1905,
    0x1905, 0x1905, 0x1905, 0x1905, 0x1905, 0x1905, 0x1905, 0x1905,
    0x1905, 0x1905, 0x1905, 0x1905, 0x1905, 0x1905, 0x1905, 0x1905,
    0x1905, 0x1905, 0x1905, 0x1905, 0x1905, 0x1905, 0x1905, 0x1905,
    0x1905, 0x1905, 0x1905, 0x1905, 0x1905, 0x1905, 0x1905, 0x1905,
    0x1905, 0x1905, 0x1905, 0x1905, 0x1905, 0x1905, 0x1905, 0x1905,
    0x1905, 0x1905, 0x1905, 0x1905, 0x1905, 0x1905, 0x1905, 0x1905,
    0x1905, 0x1905, 0x1905, 0x1905, 0x1905, 0x1905, 0x1905, 0x1905,
    0x1905, 0x1905, 0x1905, 0x1905, 0x1905, 0x1905, 0x1905, 0x1905,
    0x1905, 0x1905, 0x1905, 0x1905, 0x1905, 0x1905, 0x1905, 0x1905,
    0x1905, 0x1905, 0x1905, 0x1905, 0x1905, 0x1905, 0x1905, 0x1905,
    0x1905, 0x1905, 0x1905, 0x1905, 0x1905, 0x1905, 0x1905, 0x1905,
    0x1905, 0x1905, 0x1905, 0x1905, 0x1905, 0x1905, 0x1905, 0x1905,
    0x1905, 0x1905, 0x1905, 0x1905, 0x1905, 0x1905, 0x1905, 0x1905,
    0x1905, 0x1905, 0x1905, 0x1905, 0x1905, 0x1905, 0x1905, 0x1905,
    0x1905, 0x1905, 0x1905, 0x1905, 0x1905, 0x1905, 0x1905, 0x1905,
    0x1905, 0x1905, 0x1905, 0x1905, 0x1905, 0x1905, 0x1905, 0x1905,
    0x1905, 0x1905, 0x1905, 0x1905, 0x1905, 0x1905, 0x1905, 0x1905,
    0x1905, 0x1905, 0x1905, 0x1905, 0x1905, 0x1905, 0x1905, 0x1905,
    0x1905, 0x1905, 0x1905, 0x1905, 0x1905, 0x1905, 0x1905, 0x1905,
    0x1905, 0x1905, 0x1905, 0x1905, 0x1905, 0x1905, 0x1905, 0x1905,
    0x1905, 0x1905, 0x1905, 0x1905, 0x1905, 0x1905, 0x1905, 0x1905,
    0x1905, 0x1905, 0x1905, 0x1905, 0x1905, 0x1905, 0x1905, 0x1905,
    0x1905, 0x1905, 0x1905, 0x1905, 0x1905, 0x1905, 0x1905, 0x1905,
    0x1905, 0x1905, 0x1905, 0x1905, 0x1905, 0x1905, 0x1905, 0x1905,
    0x1905, 0x1905, 0x1905, 0x1905, 0x1905, 0x1905, 0x1905, 0x1905,
    0x1905, 0x1905, 0x1905, 0x1905, 0x1905, 0x1905, 0x1905, 0x1905,
    0x1905, 0x1905, 0x1905, 0x1905, 0x1905, 0x1905, 0x1905, 0x1905,
    0x1905, 0x1905, 0x1905, 0x1905, 0x1905, 0x1905, 0x1905, 0x1905,
    0x1905, 0x1905, 0x1905, 0x1905, 0x1905, 0x1905, 0x1905, 0x1905,
    0x1905, 0x1905, 0x1905, 0x1905, 0x1905, 0x1905, 0x1905, 0x1905,
    0x1905, 0x1905, 0x1905, 0x1905, 0x1905, 0x1905, 0x1905, 0x1905,
    0x1905, 0x1905, 0x1905, 0x1905, 0x1905, 0x1905, 0x1905, 0x1905,
    0x1905, 0x1905, 0x1905, 0x1905, 0x1905, 0x1905, 0x1905, 0x1905,
    0x1905, 0x1905, 0x1905, 0x1905, 0x1905, 0x1905, 0x1905, 0x1905,
    0x1905, 0x1905, 0x1905, 0x1905, 0x1905, 0x1905, 0x1905, 0x1905,
    0x1905, 0x1905, 0x1905, 0x1905, 0x1905, 0x1905, 0x1905, 0x1905,
    0x1905, 0x1905, 0x1905, 0x1905, 0x1905, 0x1905, 0x1905, 0x1905,
    0x1905, 0x1905, 0x1905, 0x1905, 0x1905, 0x1905, 0x1905, 0x1905,
    0x1905, 0x1905, 0x1905, 0x1905, 0x1905, 0x1905, 0x1905, 0x1905,
    0x1905, 0x1905, 0x1905, 0x1905, 0x1905, 0x1905, 0x1905, 0x1905,
    0x1905, 0x1905, 0x1905, 0x1905, 0x1905, 0x1905, 0x1905, 0x1905,
    0x1905, 0x1905, 0x1905, 0x1905, 0x1905, 0x1905, 0x1905, 0x1905,
    0x1905, 0x1905, 0x1905, 0x1905, 0x1905, 0x1905, 0x1905, 0x1905,
    0x1905, 0x1905, 0x1905, 0x1905, 0x1905, 0x1905, 0x1905, 0x1905,
    0x1905, 0x1905, 0x1905, 0x1905, 0x1905, 0x1905, 0x1905, 0x1905,
    0x1905, 0x1905, 0x1905, 0x1905, 0x1905, 0x1905, 0x1905, 0x1905,
    0x1905, 0x1905, 0x1905, 0x1905, 0x1905, 0x1905, 0x1905, 0x1905,
    0x1905, 0x1905, 0x1905, 0x1905, 0x1905, 0x1905, 0x1905, 0x1905,
    0x1905, 0x1905, 0x1905, 0x1905, 0x1905, 0x1905, 0x1905, 0x1905,
    0x1905, 0x1905, 0x1905, 0x1905, 0x1905, 0x1905, 0x1905, 0x1905,
    0x1905, 0x1905, 0x1905, 0x1905, 0x1905, 0x1905, 0x1905, 0x1905,
    0x1905, 0x1905, 0x1905, 0x1905, 0x1905, 0x1905, 0x1905, 0x1905,
    0x1905, 0x1905, 0x1905, 0x1905, 0x1905, 0x1905, 0x1905, 0x1905,
    0x1905, 0x1905, 0x1905, 0x1905, 0x1905, 0x1905, 0x1905, 0x1905,
    0x1905, 0x1905, 0x1905, 0x1905, 0x1905, 0x1905, 0x1905, 0x1905,
    0x1905, 0x1905, 0x1905, 0x1905, 0x1905, 0x1905, 0x1905, 0x1905,
    0x1905, 0x1905, 0x1905, 0x1905, 0x1905, 0x1905, 0x1905, 0x1905,
    0x1905, 0x1905, 0x1905, 0x1905, 0x1905, 0x1905, 0x1905, 0x1905,
    0x1905, 0x1905, 0x1905, 0x1905, 0x1905, 0x1905, 0x1905, 0x1905,
    0x1905, 0x1905, 0x1905, 0x1905, 0x1905, 0x1905, 0x1905, 0x1905,
    0x1905, 0x1905, 0x1905, 0x1905, 0x1905, 0x1905, 0x1905, 0x1905,
    0x1905, 0x1905, 0x1905, 0x1905, 0x1905, 0x1905, 0x1905, 0x1905,
    0x1905, 0x1905, 0x1905, 0x1905, 0x1905, 0x1905, 0x1905, 0x1905,
    0x1905, 0x1905, 0x1905, 0x1905, 0x1905, 0x1905, 0x1905, 0x1905,
    0x1905, 0x1905, 0x1905, 0x1905, 0x1905, 0x1905, 0x1905, 0x1905,
    0x1905, 0x1905, 0x1905, 0x1905, 0x1905, 0x1905, 0x1905, 0x1905,
    0x1905, 0x1905, 0x1905, 0x1905, 0x1905, 0x1905, 0x1905, 0x1905,
    0x1905, 0x1905, 0x1905, 0x1905, 0x1905, 0x1905, 0x1905, 0x1905,
    0x1905, 0x1905, 0x1905, 0x1905, 0x1905, 0x1905, 0x1905, 0x1905,
    0x1905, 0x1905, 0x1905, 0x1905, 0x1905, 0x1905, 0x1905, 0x1905,
    0x1905, 0x1905, 0x1905, 0x1905, 0x1905, 0x1905, 0x1905, 0x1905,
    0x1905, 0x1905, 0x1905, 0x1905, 0x1905, 0x1905, 0x1905, 0x1905,
    0x1905, 0x1905, 0x1905, 0x1905, 0x1905, 0x1905, 0x1905, 0x1905,
    0x1905, 0x1905, 0x1905, 0x1905, 0x1905, 0x1905, 0x1905, 0x1905,
    0x1905, 0x1905, 0x1905, 0x1905, 0x1905, 0x1905, 0x1905, 0x1905,
    0x1905, 0x1905, 0x1905, 0x1905, 0x1905, 0x1905, 0x1905, 0x1905,
    0x1905, 0x1905, 0x1905, 0x1905, 0x1905, 0x1905, 0x1905, 0x1905,
    0x1905, 0x1905, 0x1905, 0x1905, 0x1905, 0x1905, 0x1905, 0x1905,
    0x1905, 0x1905, 0x1905, 0x1905, 0x1905, 0x1905, 0x1905, 0x1905,
    0x1905, 0x1905, 0x1905, 0x1905, 0x1905, 0x1905, 0x1905, 0x1905,
    0x1905, 0x1905, 0x1905, 0x1905, 0x1905, 0x1905, 0x1905, 0x1905,
    0x1905, 0x1905, 0x1905, 0x1905, 0x1905, 0x1905, 0x1905, 0x1905,
    0x1905, 0x1905, 0x1905, 0x1905, 0x1905, 0x1905, 0x1905, 0x1905,
    0x1905, 0x1905, 0x1905, 0x1905, 0x1905, 0x1905, 0x1905, 0x1905,
    0x1905, 0x1905, 0x1905, 0x1905, 0x1905, 0x1905, 0x1905, 0x1905,
    0x1905, 0x1905, 0x1905, 0x1905, 0x1905, 0x1905, 0x1905, 0x1905,
    0x1905, 0x1905, 0x1905, 0x1905, 0x1905, 0x1905, 0x1905, 0x1905,
    0x1905, 0x1905, 0x1905, 0x1905, 0x1905, 0x1905, 0x1905, 0x1905,
    0x1905, 0x1905, 0x1905, 0x1905, 0x1905, 0x1905, 0x1905, 0x1905,
    0x1905, 0x1905, 0x1905, 0x1905, 0x1905, 0x1905, 0x1905, 0x1905,
    0x1905, 0x1905, 0x1905, 0x1905, 0x1905, 0x1905, 0x1905, 0x1905,
    0x1905, 0x1905, 0x1905, 0x1905, 0x1905, 0x1905, 0x1905, 0x1905,
    0x1905, 0x1905, 0x1905, 0x1905, 0x1905, 0x1905, 0x1905, 0x1905,
    0x1905, 0x1905, 0x1905, 0x1905, 0x1905, 0x1905, 0x1905, 0x1905,
    0x1905, 0x1905, 0x1905, 0x1905, 0x1905, 0x1905, 0x1905, 0x1905,
    0x1905, 0x1905, 0x1905, 0x1905, 0x1905, 0x1905, 0x1905, 0x1905,
    0x1905, 0x1905, 0x1905, 0x1905, 0x1905, 0x1905, 0x1905, 0x1905,
    0x1905, 0x1905, 0x1905, 0x1905, 0x1905, 0x1905, 0x1905, 0x1905,
    0x1905, 0x1905, 0x1905, 0x1905, 0x1905, 0x1905, 0x1905, 0x1905,
    0x1905, 0x1905, 0x1905, 0x1905, 0x1905, 0x1905, 0x1905, 0x1905,
    0x1905, 0x1905, 0x1905, 0x1905, 0x1905, 0x1905, 0x1905, 0x1905,
    0x1905, 0x1905, 0x1905, 0x1905, 0x1905, 0x1905, 0x1905, 0x1905,
    0x1905, 0x1905, 0x1905, 0x1905, 0x1905, 0x1905, 0x1905, 0x1905,
    0x1905, 0x1905, 0x1905, 0x1905, 0x1905, 0x1905, 0x1905, 0x1905,
    0x1905, 0x1905, 0x1905, 0x1905, 0x1905, 0x1905, 0x1905, 0x1905,
    0x1905, 0x1905, 0x1905, 0x1905, 0x1905, 0x1905, 0x1905, 0x1905,
    0x1905, 0x1905, 0x1905, 0x1905, 0x1905, 0x1905, 0x1905, 0x1905,
    0x1905, 0x1905, 0x1905, 0x1905, 0x1905, 0x1905, 0x1905, 0x1905,
    0x1905, 0x1905, 0x1905, 0x1905, 0x1905, 0x1905, 0x1905, 0x1905,
    0x1905, 0x1905, 0x1905, 0x1905, 0x1905, 0x1905, 0x1905, 0x1905,
    0x1905, 0x1905, 0x1905, 0x1905, 0x1905, 0x1905, 0x1905, 0x1905,
    0x1905, 0x1905, 0x1905, 0x1905, 0x1905, 0x1905, 0x1905, 0x1905,
    0x1905, 0x1905, 0x1905, 0x1905, 0x1905, 0x1905, 0x1905, 0x1905,
    0x1905, 0x1905, 0x1905, 0x1905, 0x1905, 0x1905, 0x1905, 0x1905,
    0x1905, 0x1905, 0x1905, 0x1905, 0x1905, 0x1905, 0x1905, 0x1905,
    0x1905, 0x1905, 0x1905, 0x1905, 0x1905, 0x1905, 0x1905, 0x1905,
    0x1905, 0x1905, 0x1905, 0x1905, 0x1905, 0x1905, 0x1905, 0x1905,
    0x1905, 0x1905, 0x1905, 0x1905, 0x1905, 0x1905, 0x1905, 0x1905,
    0x1905, 0x1905, 0x1905, 0x1905, 0x1905, 0x1905, 0x1905, 0x1905,
    0x1905, 0x1905, 0x1905, 0x1905, 0x1905, 0x1905, 0x1905, 0x1905,
    0x1905, 0x1905, 0x1905, 0x1905, 0x1905, 0x1905, 0x1905, 0x1905,
    0x1905, 0x1905, 0x1905, 0x1905, 0x1905, 0x1905, 0x1905, 0x1905,
    0x1905, 0x1905, 0x1905, 0x1905, 0x1905, 0x1905, 0x1905, 0x1905,
    0x1905, 0x1905, 0x1905, 0x1905, 0x1905, 0x1905, 0x1905, 0x1905,
    0x1905, 0x1905, 0x1905, 0x1905, 0x1905, 0x1905, 0x1905, 0x1905,
    0x1905, 0x1905, 0x1905, 0x1905, 0x1905, 0x1905, 0x1905, 0x1905,
    0x1905, 0x1905, 0x1905, 0x1905, 0x1905, 0x1905, 0x1905, 0x1905,
    0x1905, 0x1905, 0x1905, 0x1905, 0x1905, 0x1905, 0x1905, 0x1905,
    0x1905, 0x1905, 0x1905, 0x1905, 0x1905, 0x1905, 0x1905, 0x1905,
    0x1905, 0x1905, 0x1905, 0x1905, 0x1905, 0x1905, 0x1905, 0x1905,
    0x1905, 0x1905, 0x1905, 0x1905, 0x1905, 0x1905, 0x1905, 0x1905,
    0x1905, 0x1905, 0x1905, 0x1905, 0x1905, 0x1905, 0x1905, 0x1905,
    0x1905, 0x1905, 0x1905, 0x1905, 0x1905, 0x1905, 0x1905, 0x1905,
    0x1905, 0x1905, 0x1905, 0x1905, 0x1905, 0x1905, 0x1905, 0x1905,
    0x1905, 0x1905, 0x1905, 0x1905, 0x1905, 0x1905, 0x1905, 0x1905,
    0x1905, 0x1905, 0x1905, 0x1905, 0x1905, 0x1905, 0x1905, 0x1905,
    0x1905, 0x1905, 0x1905, 0x1905, 0x1905, 0x1905, 0x1905, 0x1905,
    0x1905, 0x1905, 0x1905, 0x1905, 0x1905, 0x1905, 0x1905, 0x1905,
    0x1905, 0x1905, 0x1905, 0x1905, 0x1905, 0x1905, 0x1905, 0x1905,
    0x1905, 0x1905, 0x1905, 0x1905, 0x1905, 0x1905, 0x1905, 0x1905,
    0x1905, 0x1905, 0x1905, 0x1905, 0x1905, 0x1905, 0x1905, 0x1905,
    0x1905, 0x1905, 0x1905, 0x1905, 0x1905, 0x1905, 0x1905, 0x1905,
    0x1905, 0x1905, 0x1905, 0x1905, 0x1905, 0x1905, 0x1905, 0x1905,
    0x1905, 0x1905, 0x1905, 0x1905, 0x1905, 0x1905, 0x1905, 0x1905,
    0x1905, 0x1905, 0x1905, 0x1905, 0x1905, 0x1905, 0x1905, 0x1905,
    0x1905, 0xFF72, 0x1905, 0x1905, 0x1905, 0x1905, 0x1905, 0x1905,
    0x1905, 0x1905, 0x1905, 0x1905, 0x1905, 0x1905, 0x1905, 0x1905,
    0x1905, 0x1905, 0x1905, 0x1905, 0x1905, 0x1905, 0x1905, 0x1905,
    0x1905, 0x1905, 0x1905, 0x1905, 0x1905, 0x1905, 0x1905, 0x1905,
    0x1905, 0x1905, 0x1905, 0x1905, 0x1905, 0x1905, 0x1905, 0x1905,
    0x1905, 0x1905, 0x1905, 0x1905, 0x1905, 0x1905, 0x1905, 0x1905,
    0x1905, 0x1905, 0x1905, 0x1905, 0x1905, 0x1905, 0x1905, 0x1905,
    0x1905, 0x1905, 0x1905, 0x1905, 0x1905, 0x1905, 0x1905, 0x1905,
    0x1905, 0x1905, 0x1905, 0x1905, 0x1905, 0x1905, 0x1905, 0x1905,
    0x1905, 0x1905, 0x1905, 0x1905, 0x1905, 0x1905, 0x1905, 0x1905,
    0x1905, 0x1905, 0x1905, 0x1905, 0x1905, 0x1905, 0x1905, 0x1905,
    0x1905, 0x1905, 0x1905, 0x1905, 0x1905, 0x1905, 0x1905, 0x1905,
    0x1905, 0x1905, 0x1905, 0x1905, 0x1905, 0x1905, 0x1905, 0x1905,
    0x1905, 0x1905, 0x1905, 0x1905, 0x1905, 0x1905, 0x1905, 0x1905,
    0x1905, 0x1905, 0x1905, 0x1905, 0x1905, 0x1905, 0x1905, 0x1905,
    0x1905, 0x1905, 0x1905, 0x1905, 0x1905, 0x1905, 0x1905, 0x1905,
    0x1905, 0x1905, 0x1905, 0x1905, 0x1905, 0x1905, 0x1905, 0x1905,
    0x1905, 0x1905, 0x1905, 0x1905, 0x1905, 0x1905, 0x1905, 0x1905,
    0x1905, 0x1905, 0x1905, 0x1905, 0x1905, 0x1905, 0x1905, 0x1905,
    0x1905, 0x1905, 0x1905, 0x1905, 0x1905, 0x1905, 0x1905, 0x1905,
    0x1905, 0x1905, 0x1905, 0x1905, 0x1905, 0x1905, 0x1905, 0x1905,
    0x1905, 0x1905, 0x1905, 0x1905, 0x1905, 0x1905, 0x1905, 0x1905,
    0x1905, 0x1905, 0xFF72, 0x1905, 0x1905, 0x1905, 0x1905, 0x1905,
    0x1905, 0x1905, 0x1905, 0x1905, 0x1905, 0x1905, 0x1905, 0x1905,
    0x1905, 0x1905, 0x1905, 0x1905, 0x1905, 0x1905, 0x1905, 0x1905,
    0x1905, 0x1905, 0x1905, 0x1905, 0x1905, 0x1905, 0x1905, 0x1905,
    0x1905, 0x1905, 0x1905, 0x1905, 0x1905, 0x1905, 0x1905, 0x1905,
    0x1905, 0x1905, 0x1905, 0x1905, 0x1905, 0x1905, 0x1905, 0x1905,
    0x1905, 0x1905, 0x1905, 0x1905, 0x1905, 0x1905, 0x1905, 0x1905,
    0x1905, 0x1905, 0x1905, 0x1905, 0x1905, 0x1905, 0x1905, 0x1905,
    0x1905, 0xFF72, 0x1905, 0x1905, 0x1905, 0x1905, 0x1905, 0x1905,
    0x1905, 0x1905, 0x1905, 0x1905, 0x1905, 0x1905, 0x1905, 0x1905,
    0x1905, 0x1905, 0x1905, 0x1905, 0x1905, 0x1905, 0x1905, 0x1905,
    0x1905, 0x1905, 0x1905, 0x1905, 0x1905, 0x1905, 0x1905, 0x1905,
    0x1905, 0x1905, 0x1905, 0x1905, 0x1905, 0x1905, 0x1905, 0x1905,
    0x1905, 0x1905, 0x1905, 0x1905, 0x1905, 0x1905, 0x1905, 0x1905,
    0x1905, 0x1905, 0x1905, 0x1905, 0x1905, 0x1905, 0x1905, 0x1905,
    0x1905, 0x1905, 0x1905, 0x1905, 0xFF72, 0x1905, 0x1905, 0x1905,
    0x1905, 0x1905, 0x1905, 0x1905, 0x1905, 0x1905, 0x1905, 0x1905,
    0x1905, 0x1905, 0x1905, 0x1905, 0x1905, 0x1905, 0x1905, 0x1905,
    0x1905, 0x1905, 0x1905, 0x1905, 0x1905, 0x1905, 0x1905, 0x1905,
    0x1905, 0x1905, 0x1905, 0x1905, 0x1905, 0x1905, 0x1905, 0x1905,
    0x1905, 0x1905, 0x1905, 0x1905, 0x1905, 0x1905, 0x1905, 0x1905,
    0x1905, 0x1905, 0x1905, 0x1905, 0x1905, 0x1905, 0x1905, 0x1905,
    0x1905, 0x1905, 0x1905, 0x1905, 0x1905, 0x1905, 0x1905, 0x1905,
    0x1905, 0x1905, 0x1905, 0x1905, 0x1905, 0x1905, 0x1905, 0x1905,
    0x1905, 0x1905, 0x1905, 0x1905, 0x1905, 0x1905, 0x1905, 0x1905,
    0x1905, 0x1905, 0x1905, 0x1905, 0x1905, 0x1905, 0x1905, 0x1905,
    0x1905, 0x1905, 0x1905, 0x1905, 0x1905, 0x1905, 0x1905, 0x1905,
    0x1905, 0x1905, 0x1905, 0x1905, 0x1905, 0x1905, 0x1905, 0x1905,
    0x1905, 0x1905, 0x1905, 0x1905, 0x1905, 0x1905, 0x1905, 0x1905,
    0x1905, 0x1905, 0x1905, 0x1905, 0x1905, 0x1905, 0x1905, 0x1905,
    0x1905, 0x1905, 0xFF72, 0x1905, 0x1905, 0x1905, 0x1905, 0x1905,
    0x1905, 0x1905, 0x1905, 0x1905, 0x1905, 0x1905, 0x1905, 0x1905,
    0x1905, 0x1905, 0x1905, 0x1905, 0x1905, 0x1905, 0x1905, 0x1905,
    0x1905, 0x1905, 0x1905, 0x1905, 0x1905, 0x1905, 0x1905, 0x1905,
    0x1905, 0x1905, 0x1905, 0x1905, 0x1905, 0x1905, 0x1905, 0x1905,
    0x1905, 0x1905, 0x1905, 0x1905, 0x1905, 0x1905, 0x1905, 0x1905,
    0x1905, 0x1905, 0x1905, 0x1905, 0x1905, 0x1905, 0x1905, 0x1905,
    0x1905, 0x1905, 0x1905, 0x1905, 0x1905, 0x1905, 0x1905, 0x1905,
    0x1905, 0xFF72, 0x1905, 0x1905, 0x1905, 0x1905, 0x1905, 0x1905,
    0x1905, 0x1905, 0x1905, 0x1905, 0x1905, 0x1905, 0x1905, 0x1905,
    0x1905, 0x1905, 0x1905, 0x1905, 0x1905, 0x1905, 0x1905, 0x1905,
    0x1905, 0x1905, 0x1905, 0x1905, 0x1905, 0x1905, 0x1905, 0x1905,
    0x1905, 0x1905, 0x1905, 0x1905, 0x1905, 0x1905, 0x1905, 0x1905,
    0x1905, 0x1905, 0x1905, 0x1905, 0x1905, 0x1905, 0x1905, 0x1905,
    0x1905, 0x1905, 0x1905, 0x1905, 0x1905, 0x1905, 0x1905, 0x1905,
    0x1905, 0x1905, 0x1905, 0x1905, 0xFF72, 0x1905, 0x1905, 0x1905,
    0x1905, 0x1905, 0x1905, 0x1905, 0x1905, 0x1905, 0x1905, 0x1905,
    0x1905, 0x1905, 0x1905, 0x1905, 0x1905, 0x1905, 0x1905, 0x1905,
    0x1905, 0x1905, 0x1905, 0x1905, 0x1905, 0x1905, 0x1905, 0x1905,
    0x1905, 0x1905, 0x1905, 0x1905, 0x1905, 0x1905, 0x1905, 0x1905,
    0x1905, 0x1905, 0x1905, 0x1905, 0x1905, 0x1905, 0x1905, 0x1905,
    0x1905, 0x1905, 0x1905, 0x1905, 0x1905, 0x1905, 0x1905, 0x1905,
    0x1905, 0x1905, 0x1905, 0x1905, 0x1905, 0x1905, 0x1905, 0x1905,
    0x1905, 0x1905, 0x1905, 0x1905, 0x1905, 0x1905, 0x1905, 0x1905,
    0x1905, 0x1905, 0x1905, 0x1905, 0x1905, 0x1905, 0x1905, 0x1905,
    0x1905, 0x1905, 0x1905, 0x1905, 0x1905, 0x1905, 0x1905, 0x1905,
    0x1905, 0x1905, 0x1905, 0x1905, 0x1905, 0x1905, 0x1905, 0x1905,
    0x1905, 0x1905, 0x1905, 0x1905, 0x1905, 0x1905, 0x1905, 0x1905,
    0x1905, 0x1905, 0x1905, 0x1905, 0x1905, 0x1905, 0x1905, 0x1905,
    0x1905, 0x1905, 0x1905, 0x1905, 0x1905, 0x1905, 0x1905, 0x1905,
    0x1905, 0x1905, 0xFF72, 0x1905, 0x1905, 0x1905, 0x1905, 0x1905,
    0x1905, 0x1905, 0x1905, 0x1905, 0x1905, 0x1905, 0x1905, 0x1905,
    0x1905, 0x1905, 0x1905, 0x1905, 0x1905, 0x1905, 0x1905, 0x1905,
    0x1905, 0x1905, 0x1905, 0x1905, 0x1905, 0x1905, 0x1905, 0x1905,
    0x1905, 0x1905, 0x1905, 0x1905, 0x1905, 0x1905, 0x1905, 0x1905,
    0x1905, 0x1905, 0x1905, 0x1905, 0x1905, 0x1905, 0x1905, 0x1905,
    0x1905, 0x1905, 0x1905, 0x1905, 0x1905, 0x1905, 0x1905, 0x1905,
    0x1905, 0x1905, 0x1905, 0x1905, 0x1905, 0x1905, 0x1905, 0x1905,
    0x1905, 0xFF72, 0x1905, 0x1905, 0x1905, 0x1905, 0x1905, 0x1905,
    0x1905, 0x1905, 0x1905, 0x1905, 0x1905, 0x1905, 0x1905, 0x1905,
    0x1905, 0x1905, 0x1905, 0x1905, 0x1905, 0x1905, 0x1905, 0x1905,
    0x1906, 0x1906, 0x1906, 0x1906, 0x1906, 0x1906, 0x1906, 0x1906,
    0x1906, 0x1906, 0x1906, 0x1906, 0x1906, 0x1906, 0x1906, 0x1906,
    0x1906, 0x1906, 0x1906, 0x1906, 0x1906, 0x1906, 0x1906, 0x1906,
    0x1906, 0x1906, 0x1906, 0x1906, 0x1906, 0x1906, 0x1906, 0x1906,
    0x1906, 0x1906, 0x1906, 0x1906, 0xFF72, 0x1906, 0x1906, 0x1906,
    0x1906, 0x1906, 0x1906, 0x1906, 0x1906, 0x1906, 0x1906, 0x1906,
    0x1906, 0x1906, 0x1906, 0x1906, 0x1906, 0x1906, 0x1906, 0x1906,
    0x1906, 0x1906, 0x1906, 0x1906, 0x1906, 0x1906, 0x1906, 0x1906,
    0x1906, 0x1906, 0x1906, 0x1906, 0x1906, 0x1906, 0x1906, 0x1906,
    0x1906, 0x1906, 0x1906, 0x1906, 0x1906, 0x1906, 0x1906, 0x1906,
    0x1906, 0x1906, 0x1906, 0x1906, 0x1906, 0x1906, 0x1906, 0x1906,
    0x1906, 0x1906, 0x1906, 0x1906, 0x1906, 0x1906, 0x1906, 0x1906,
    0x1906, 0x1906, 0x1906, 0x1906, 0x1906, 0x1906, 0x1906, 0x1906,
    0x1906, 0x1906, 0x1906, 0x1906, 0x1906, 0x1906, 0x1906, 0x1906,
    0x1906, 0x1906, 0x1906, 0x1906, 0x1906, 0x1906, 0x1906, 0x1906,
    0x1906, 0x1906, 0x1906, 0x1906, 0x1906, 0x1906, 0x1906, 0x1906,
    0x1906, 0x1906, 0x1906, 0x1906, 0x1906, 0x1906, 0x1906, 0x1906,
    0x1906, 0x1906, 0x1906, 0x1906, 0x1906, 0x1906, 0x1906, 0x1906,
    0x1906, 0x1906, 0x1906, 0x1906, 0x1906, 0x1906, 0x1906, 0x1906,
    0x1906, 0xFF72, 0xFF72, 0xFF72, 0x1906, 0x1906, 0x1906, 0x1906,
    0x1906, 0x1906, 0x1906, 0x1906, 0x1906, 0x1906, 0x1906, 0x1906,
    0x1906, 0x1906, 0x1906, 0x1906, 0x1906, 0x1906, 0x1906, 0x1906,
    0x1906, 0x1906, 0x1906, 0x1906, 0x1906, 0x1906, 0x1906, 0x1906,
    0x1906, 0x1906, 0x1906, 0x1906, 0x1906, 0x1906, 0x1906, 0x1906,
    0x1906, 0x1906, 0x1906, 0x1906, 0x1906, 0x1906, 0x1906, 0x1906,
    0x1906, 0x1906, 0x1906, 0x1906, 0x1906, 0x1906, 0x1906, 0x1906,
    0x1906, 0x1906, 0x1906, 0x1906, 0x1906, 0xFF72, 0xFF72, 0xFF72,
    0xFF72, 0xFF72, 0xFF72, 0xFF72, 0xFF72, 0xFF72, 0x1906, 0x1906,
    0x1906, 0x1906, 0x1906, 0x1906, 0x1906, 0x1906, 0x1906, 0x1906,
    0x1906, 0x1906, 0x1906, 0x1906, 0x1906, 0x1906, 0x1906, 0x1906,
    0x1906, 0x1906, 0x1906, 0x1906, 0x1906, 0x1906, 0x1906, 0x1906,
    0x1906, 0x1906, 0x1906, 0x1906, 0x1906, 0x1906, 0x1906, 0x1906,
    0x1906, 0x1906, 0x1906, 0x1906, 0x1906, 0x1906, 0x1906, 0x1906,
    0x1906, 0x1906, 0x1906, 0x1906, 0x1906, 0x1906, 0x1906, 0x1906,
    0x1906, 0x1906, 0x1906, 0xFF72, 0xFF72, 0xFF72, 0x1906, 0x1906,
    0x1906, 0x1906, 0x1906, 0x1906, 0x1906, 0x1906, 0x1906, 0x1906,
    0x1906, 0x1906, 0x1906, 0x1906, 0x1906, 0x1906, 0x1906, 0x1906,
    0x1906, 0x1906, 0x1906, 0x1906, 0x1906, 0x1906, 0x1906, 0x1906,
    0x1906, 0x1906, 0x1906, 0x1906, 0x1906, 0x1906, 0x1906, 0x1906,
    0x1906, 0x1906, 0x1906, 0x1906, 0x1906, 0x1906, 0x1906, 0x1906,
    0x1906, 0x1906, 0x1906, 0x1906, 0x1906, 0x1906, 0x1906, 0x1906,
    0x1906, 0x1906, 0x1906, 0x1906, 0x1906, 0x1906, 0x1906, 0x1906,
    0x1906, 0x1906, 0x1906, 0x1906, 0x1906, 0x1906, 0x1906, 0x1906,
    0x1906, 0x1906, 0x1906, 0x1906, 0x1906, 0x1906, 0x1906, 0x1906,
    0x1906, 0x1906, 0x1906, 0x1906, 0x1906, 0x1906, 0x1906, 0x1906,
    0x1906, 0x1906, 0x1906, 0x1906, 0x1906, 0x1906, 0x1906, 0x1906,
    0x1906, 0x1906, 0x1906, 0x1906, 0x1906, 0x1906, 0x1906, 0x1906,
    0x1906, 0x1906, 0x1906, 0x1906, 0x1906, 0x1906, 0x1906, 0x1906,
    0x1906, 0x1906, 0x1906, 0x1906, 0x1906, 0x1906, 0x1906, 0x1906,
    0xFF72, 0xFF72, 0xFF72, 0xFF72, 0xFF72, 0x1906, 0x1906, 0x1906,
    0x1906, 0x1906, 0x1906, 0x1906, 0x1906, 0x1906, 0x1906, 0x1906,
    0x1906, 0x1906, 0x1906, 0x1906, 0x1906, 0x1906, 0x1906, 0x1906,
    0x1906, 0x1906, 0x1906, 0x1906, 0x1906, 0x1906, 0x1906, 0x1906,
    0x1906, 0x1906, 0x1906, 0x1906, 0x1906, 0x1906, 0x1906, 0x1906,
    0x1906, 0x1906, 0x1906, 0x1906, 0x1906, 0x1906, 0x1906, 0x1906,
    0x1906, 0x1906, 0x1906, 0x1906, 0x1906, 0x1906, 0x1906, 0x1906,
    0x1906, 0x1906, 0x1906, 0x1906, 0x1906, 0x1906, 0x1906, 0x1906,
    0x1906, 0xFF72, 0x1906, 0x1906, 0x1906, 0x1906, 0x1906, 0x1906,
    0x1906, 0x1906, 0x1906, 0x1906, 0x1906, 0x1906, 0x1906, 0x1906,
    0x1906, 0x1906, 0x1906, 0x1906, 0x1906, 0x1906, 0x1906, 0x1906,
    0x1906, 0x1906, 0x1906, 0x1906, 0x1906, 0x1906, 0x1906, 0x1906,
    0x1906, 0x1906, 0x1906, 0x1906, 0x1906, 0x1906, 0x1906, 0x1906,
    0x1906, 0x1906, 0x1906, 0x1906, 0x1906, 0x1906, 0x1906, 0x1906,
    0x1906, 0x1906, 0x1906, 0x1906, 0x1906, 0x1906, 0x1906, 0x1906,
    0x1906, 0x1906, 0xFF72, 0xFF72, 0xFF72, 0xFF72, 0xFF72, 0x1906,
    0x1906, 0x1906, 0x1906, 0x1906, 0x1906, 0x1906, 0x1906, 0x1906,
    0x1906, 0x1906, 0x1906, 0x1906, 0x1906, 0x1906, 0x1906, 0x1906,
    0x1906, 0x1906, 0x1906, 0x1906, 0x1906, 0x1906, 0x1906, 0x1906,
    0x1906, 0x1906, 0x1906, 0x1906, 0x1906, 0x1906, 0x1906, 0x1906,
    0x1906, 0x1906, 0x1906, 0x1906, 0x1906, 0x1906, 0x1906, 0x1906,
    0x1906, 0x1906, 0x1906, 0x1906, 0x1906, 0x1906, 0x1906, 0x1906,
    0x1906, 0x1906, 0x1906, 0x1906, 0x1906, 0x1906, 0x1906, 0x1906,
    0x1906, 0x1906, 0x1906, 0x1906, 0x1906, 0x1906, 0x1906, 0x1906,
    0x1906, 0x1906, 0x1906, 0x1906, 0x1906, 0x1906, 0x1906, 0x1906,
    0x1906, 0x1906, 0x1906, 0x1906, 0x1906, 0x1906, 0x1906, 0x1906,
    0x1906, 0x1906, 0x1906, 0x1906, 0x1906, 0x1906, 0x1906, 0x1906,
    0x1906, 0x1906, 0x1906, 0x1906, 0x1906, 0x1906, 0x1906, 0x1906,
    0x1906, 0x1906, 0x1906, 0x1906, 0x1906, 0x1906, 0x1906, 0x1906,
    0x1906, 0x1906, 0x1906, 0x1906, 0x1906, 0x1906, 0x1906, 0xFF72,
    0xFF72, 0xFF72, 0xFF72, 0xFF72, 0xFF72, 0xFF72, 0x1906, 0x1906,
    0x1906, 0x1906, 0x1906, 0x1906, 0x1906, 0x1906, 0x1906, 0x1906,
    0x1906, 0x1906, 0x1906, 0x1906, 0x1906, 0x1906, 0x1906, 0x1906,
    0x1906, 0x1906, 0x1906, 0x1906, 0x1906, 0x1906, 0x1906, 0x1906,
    0x1906, 0x1906, 0x1906, 0x1906, 0x1906, 0x1906, 0x1906, 0x1906,
    0x1906, 0x1906, 0x1906, 0x1906, 0x1906, 0x1906, 0x1906, 0x1906,
    0x1906, 0x1906, 0x1906, 0x1906, 0x1906, 0x1906, 0x1906, 0x1906,
    0x1906, 0x1906, 0x1906, 0x1906, 0x1906, 0x1906, 0x1906, 0x1906,
    0x1906, 0xFF72, 0x1906, 0x1906, 0x1906, 0x1906, 0x1906, 0x1906,
    0x1906, 0x1906, 0x1906, 0x1906, 0x1906, 0x1906, 0x1906, 0x1906,
    0x1906, 0x1906, 0x1906, 0x1906, 0x1906, 0x1906, 0x1906, 0x1906,
    0x1906, 0x1906, 0x1906, 0x1906, 0x1906, 0x1906, 0x1906, 0x1906,
    0x1906, 0x1906, 0x1906, 0x1906, 0x1906, 0x1906, 0x1906, 0x1906,
    0x1906, 0x1906, 0x1906, 0x1906, 0x1906, 0x1906, 0x1906, 0x1906,
    0x1906, 0x1906, 0x1906, 0x1906, 0x1906, 0x1906, 0x1906, 0xFF72,
    0xFF72, 0xFF72, 0xFF72, 0xFF72, 0xFF72, 0xFF72, 0xFF72, 0xFF72,
    0xFF72, 0xFF72, 0x1906, 0x1906, 0x1906, 0x1906, 0x1906, 0x1906,
    0x1906, 0x1906, 0x1906, 0x1906, 0x1906, 0x1906, 0x1906, 0x1906,
    0x1906, 0x1906, 0x1906, 0x1906, 0x1906, 0x1906, 0x1906, 0x1906,
    0x1906, 0x1906, 0x1906, 0x1906, 0x1906, 0x1906, 0x1906, 0x1906,
    0x1906, 0x1906, 0x1906, 0x1906, 0x1906, 0x1906, 0x1906, 0x1906,
    0x1906, 0x1906, 0x1906, 0x1906, 0x1906, 0x1906, 0x1906, 0x1906,
    0x1906, 0x1906, 0x1906, 0x1906, 0x1906, 0x1906, 0x1906, 0x1906,
    0x1906, 0x1906, 0x1906, 0x1906, 0x1906, 0x1906, 0x1906, 0x1906,
    0x1906, 0x1906, 0x1906, 0x1906, 0x1906, 0x1906, 0x1906, 0x1906,
    0x1906, 0x1906, 0x1906, 0x1906, 0x1906, 0x1906, 0x1906, 0x1906,
    0x1906, 0x1906, 0x1906, 0x1906, 0x1906, 0x1906, 0x1906, 0x1906,
    0x1906, 0x1906, 0x1906, 0x1906, 0x1906, 0x1906, 0x1906, 0x1906,
    0x1906, 0x1906, 0x1906, 0x1906, 0x1906, 0x1906, 0x1906, 0x1906,
    0x1906, 0x1906, 0x1906, 0x1906, 0xFF72, 0xFF72, 0xFF72, 0xFF72,
    0xFF72, 0xFF72, 0xFF72, 0xFF72, 0xFF72, 0xFF72, 0xFF72, 0xFF72,
    0xFF72, 0x1906, 0x1906, 0x1906, 0x1906, 0x1906, 0x1906, 0x1906,
    0x1906, 0x1906, 0x1906, 0x1906, 0x1906, 0x1906, 0x1906, 0x1906,
    0x1906, 0x1906, 0x1906, 0x1906, 0x1906, 0x1906, 0x1906, 0x1906,
    0x1906, 0x1906, 0x1906, 0x1906, 0x1906, 0x1906, 0x1906, 0x1906,
    0x1906, 0x1906, 0x1906, 0x1906, 0x1906, 0x1906, 0x1906, 0x1906,
    0x1906, 0x1906, 0x1906, 0x1906, 0x1906, 0x1906, 0x1906, 0x1906,
    0x1906, 0x1906, 0x1906, 0x1906, 0x1906, 0x1906, 0x1906, 0x1906,
    0x1906, 0xFF72, 0x1906, 0x1906, 0x1906, 0x1906, 0x1906, 0x1906,
    0x1906, 0x1906, 0x1906, 0x1906, 0x1906, 0x1906, 0x1906, 0x1906,
    0x1906, 0x1906, 0x1906, 0x1906, 0x1906, 0x1906, 0x1906, 0x1906,
    0x1906, 0x1906, 0x1906, 0x1906, 0x1906, 0x1906, 0x1906, 0x1906,
    0x1906, 0x1906, 0x1906, 0x1906, 0x1906, 0x1906, 0x1906, 0x1906,
    0x1906, 0x1906, 0x1906, 0x1906, 0x1906, 0x1906, 0x1906, 0x1906,
    0x1906, 0x1906, 0x1906, 0x1906, 0x1906, 0x1906, 0x1906, 0x1906,
    0x1906, 0x1906, 0xFF72, 0xFF72, 0xFF72, 0xFF72, 0xFF72, 0x1906,
    0x1906, 0x1906, 0x1906, 0x1906, 0x1906, 0x1906, 0x1906, 0x1906,
    0x1906, 0x1906, 0x1906, 0x1906, 0x1906, 0x1906, 0x1906, 0x1906,
    0x1906, 0x1906, 0x1906, 0x1906, 0x1906, 0x1906, 0x1906, 0x1906,
    0x1906, 0x1906, 0x1906, 0x1906, 0x1906, 0x1906, 0x1906, 0x1906,
    0x1906, 0x1906, 0x1906, 0x1906, 0x1906, 0x1906, 0x1906, 0x1906,
    0x1906, 0x1906, 0x1906, 0x1906, 0x1906, 0x1906, 0x1906, 0x1906,
    0x1906, 0x1906, 0x1906, 0x1906, 0x1906, 0x1906, 0x1906, 0x1906,
    0x1906, 0x1906, 0x1906, 0x1906, 0x1906, 0x1906, 0x1906, 0x1906,
    0x1906, 0x1906, 0x1906, 0x1906, 0x1906, 0x1906, 0x1906, 0x1906,
    0x1906, 0x1906, 0x1906, 0x1906, 0x1906, 0x1906, 0x1906, 0x1906,
    0x1906, 0x1906, 0x1906, 0x1906, 0x1906, 0x1906, 0x1906, 0x1906,
    0x1906, 0x1906, 0x1906, 0x1906, 0x1906, 0x1906, 0x1906, 0x1906,
    0x1906, 0x1906, 0x1906, 0x1906, 0x1906, 0x1906, 0x1906, 0x1906,
    0x1906, 0x1906, 0x1906, 0x1906, 0x1906, 0x1906, 0x1906, 0xFF72,
    0xFF72, 0xFF72, 0xFF72, 0xFF72, 0xFF72, 0xFF72, 0x1906, 0x1906,
    0x1906, 0x1906, 0x1906, 0x1906, 0x1906, 0x1906, 0x1906, 0x1906,
    0x1906, 0x1906, 0x1906, 0x1906, 0x1906, 0x1906, 0x1906, 0x1906,
    0x1906, 0x1906, 0x1906, 0x1906, 0x1906, 0x1906, 0x1906, 0x1906,
    0x1906, 0x1906, 0x1906, 0x1906, 0x1906, 0x1906, 0x1906, 0x1906,
    0x1906, 0x1906, 0x1906, 0x1906, 0x1906, 0x1906, 0x1906, 0x1906,
    0x1906, 0x1906, 0x1906, 0x1906, 0x1906, 0x1906, 0x1906, 0x1906,
    0x1906, 0x1906, 0x1906, 0x1906, 0x1906, 0x1906, 0x1906, 0x1906,
    0x1906, 0xFF72, 0x1906, 0x1906, 0x1906, 0x1906, 0x1906, 0x1906,
    0x1906, 0x1906, 0x1906, 0x1906, 0x1906, 0x1906, 0x1906, 0x1906,
    0x1906, 0x1906, 0x1906, 0x1906, 0x1906, 0x1906, 0x1906, 0x1906,
    0x1906, 0x1906, 0x1906, 0x1906, 0x1906, 0x1906, 0x1906, 0x1906,
    0x1906, 0x1906, 0x1906, 0x1906, 0x1906, 0x1906, 0x1906, 0x1906,
    0x1906, 0x1906, 0x1906, 0x1906, 0x1906, 0x1906, 0x1906, 0x1906,
    0x1906, 0x1906, 0x1906, 0x1906, 0x1906, 0x1906, 0x1906, 0x1906,
    0x1906, 0x1906, 0x1906, 0xFF72, 0xFF72, 0xFF72, 0x1906, 0x1906,
    0x1906, 0x1906, 0x1906, 0x1906, 0x1906, 0x1906, 0x1906, 0x1906,
    0x1906, 0x1906, 0x1906, 0x1906, 0x1906, 0x1906, 0x1906, 0x1906,
    0x1906, 0x1906, 0x1906, 0x1906, 0x1906, 0x1906, 0x1906, 0xFF72,
    0x1906, 0x1906, 0x1906, 0x1906, 0x1906, 0x1906, 0x1906, 0x1906,
    0x1906, 0x1906, 0x1906, 0x1906, 0x1906, 0x1906, 0x1906, 0x1906,
    0x1906, 0x1906, 0x1906, 0x1906, 0x1906, 0x1906, 0x1906, 0x1906,
    0x1906, 0x1906, 0x1906, 0x1906, 0x1906, 0x1906, 0x1906, 0x1906,
    0x1906, 0x1906, 0x1906, 0xFF72, 0x1906, 0x1906, 0x1906, 0x1906,
    0x1906, 0x1906, 0x1906, 0x1906, 0x1906, 0x1906, 0x1906, 0x1906,
    0x1906, 0x1906, 0x1906, 0x1906, 0x1906, 0x1906, 0x1906, 0x1906,
    0x1906, 0x1906, 0x1906, 0x1906, 0x1906, 0x1906, 0x1906, 0x1906,
    0x1906, 0x1906, 0x1906, 0x1906, 0x1906, 0x1906, 0x1906, 0x1906,
    0x1906, 0x1906, 0x1906, 0x1906, 0x1906, 0x1906, 0x1906, 0x1906,
    0x1906, 0x1906, 0x1906, 0x1906, 0x1906, 0x1906, 0x1906, 0x1906,
    0xFF72, 0xFF72, 0xFF72, 0xFF72, 0xFF72, 0x1906, 0x1906, 0x1906,
    0x1906, 0x1906, 0x1906, 0x1906, 0x1906, 0x1906, 0x1906, 0x1906,
    0x1906, 0x1906, 0x1906, 0x1906, 0x1906, 0x1906, 0x1906, 0x1906,
    0x1906, 0x1906, 0x1906, 0x1906, 0x1906, 0x1906, 0x1906, 0x1906,
    0x1906, 0x1906, 0x1906, 0x1906, 0x1906, 0x1906, 0x1906, 0x1906,
    0x1906, 0x1906, 0x1906, 0x1906, 0x1906, 0x1906, 0x1906, 0x1906,
    0x1906, 0x1906, 0x1906, 0x1906, 0x1906, 0x1906, 0x1906, 0x1906,
    0x1906, 0x1906, 0x1906, 0x1906, 0x1906, 0x1906, 0x1906, 0x1906,
    0x1906, 0x1906, 0x1906, 0x1906, 0x1906, 0x1906, 0x1906, 0x1906,
    0x1906, 0x1906, 0x1906, 0x1906, 0x1906, 0x1906, 0x1906, 0x1906,
    0x1906, 0x1906, 0x1906, 0x1906, 0x1906, 0x1906, 0x1906, 0x1906,
    0x1906, 0x1906, 0x1906, 0x1906, 0x1906, 0x1906, 0x1906, 0x1906,
    0x1906, 0x1906, 0x1906, 0x1906, 0x1906, 0x1906, 0x1906, 0x1906,
    0x1906, 0x1906, 0x1906, 0x1906, 0x1906, 0x1906, 0x1906, 0x1906,
    0x1906, 0x1906, 0x1906, 0x1906, 0x1906, 0x1906, 0x1906, 0x1906,
    0x1906, 0x1906, 0x1906, 0x1906, 0xFF72, 0x1906, 0x1906, 0x1906,
    0x1906, 0x1906, 0x1906, 0x1906, 0x1906, 0x1906, 0x1906, 0x1906,
    0x1906, 0x1906, 0x1906, 0x1906, 0x1906, 0x1906, 0x1906, 0x1906,
    0x1906, 0x1906, 0x1906, 0x1906, 0x1906, 0x1906, 0x1906, 0xFF72,
    0x1906, 0x1906, 0x1906, 0x1906, 0x1906, 0x1906, 0x1906, 0x1906,
    0x1906, 0x1906, 0x1906, 0x1906, 0x1906, 0x1906, 0x1906, 0x1906,
    0x1906, 0x1906, 0x1906, 0x1906, 0x1906, 0x1906, 0x1906, 0x1906,
    0x1906, 0x1906, 0x1906, 0x1906, 0x1906, 0x1906, 0x1906, 0x1906,
    0x1906, 0x1906, 0x1906, 0xFF72, 0x1906, 0x1906, 0x1906, 0x1906,
    0x1906, 0x1906, 0x1906, 0x1906, 0x1906, 0x1906, 0x1906, 0x1906,
    0x1906, 0x1906, 0x1906, 0x1906, 0x1906, 0x1906, 0x1906, 0x1906,
    0x1906, 0x1906, 0x1906, 0x1906, 0x1906, 0x1906, 0x1906, 0x1906,
    0x1906, 0x1906, 0x1906, 0x1906, 0x1906, 0x1906, 0x1906, 0x1906,
    0x1906, 0x1906, 0x1906, 0x1906, 0x1906, 0x1906, 0x1906, 0x1906,
    0x1906, 0x1906, 0x1906, 0x1906, 0x1906, 0x1906, 0x1906, 0x1906,
    0x1906, 0xFF72, 0xFF72, 0xFF72, 0x1906, 0x1906, 0x1906, 0x1906,
    0x1906, 0x1906, 0x1906, 0x1906, 0x1906, 0x1906, 0x1906, 0x1906,
    0x1906, 0x1906, 0x1906, 0x1906, 0x1906, 0x1906, 0x1906, 0x1906,
    0x1906, 0x1906, 0x1906, 0x1906, 0x1906, 0x1906, 0x1906, 0x1906,
    0x1906, 0x1906, 0x1906, 0x1906, 0x1906, 0x1906, 0x1906, 0x1906,
    0x1906, 0x1906, 0x1906, 0x1906, 0x1906, 0x1906, 0x1906, 0x1906,
    0x1906, 0x1906, 0x1906, 0x1906, 0x1906, 0x1906, 0x1906, 0x1906,
    0x1906, 0x1906, 0x1906, 0x1906, 0x1906, 0x1906, 0x1906, 0x1906,
    0x1906, 0x1906, 0x1906, 0x1906, 0x1906, 0x1906, 0x1906, 0x1906,
    0x1906, 0x1906, 0x1906, 0x1906, 0x1906, 0x1906, 0x1906, 0x1906,
    0x1906, 0x1906, 0x1906, 0x1906, 0x1906, 0x1906, 0x1906, 0x1906,
    0x1906, 0x1906, 0x1906, 0x1906, 0x1906, 0x1906, 0x1906, 0x1906,
    0x1906, 0x1906, 0x1906, 0x1906, 0x1906, 0x1906, 0x1906, 0x1906,
    0x1906, 0x1906, 0x1906, 0x1906, 0x1906, 0x1906, 0x1906, 0x1906,
    0x1906, 0x1906, 0x1906, 0x1906, 0x1906, 0x1906, 0x1906, 0x1906,
    0x1906, 0x1906, 0x1906, 0x1906, 0xFF72, 0x1906, 0x1906, 0x1906,
    0x1906, 0x1906, 0x1906, 0x1906, 0x1906, 0x1906, 0x1906, 0x1906,
    0x1906, 0x1906, 0x1906, 0x1906, 0x1906, 0x1906, 0x1906, 0x1906,
    0x1906, 0x1906, 0x1906, 0x1906, 0x1906, 0x1906, 0x1906, 0xFF72,
    0x1906, 0x1906, 0x1906, 0x1906, 0x1906, 0x1906, 0x1906, 0x1906,
    0x1906, 0x1906, 0x1906, 0x1906, 0x1906, 0x1906, 0x1906, 0x1906,
    0x1906, 0x1906, 0x1906, 0x1906, 0x1906, 0x1906, 0x1906, 0x1906,
    0x1906, 0x1906, 0x1906, 0x1906, 0x1906, 0x1906, 0x1906, 0x1906,
    0x1906, 0x1906, 0x1906, 0xFF72, 0x1906, 0x1906, 0x1906, 0x1906,
    0x1906, 0x1906, 0x1906, 0x1906, 0x1906, 0x1906, 0x1906, 0x1906,
    0x1906, 0x1906, 0x1906, 0x1906, 0x1906, 0x1906, 0x1906, 0x1906,
    0x1906, 0x1906, 0x1906, 0x1906, 0x1906, 0x1906, 0x1906, 0x1906,
    0x1906, 0x1906, 0x1906, 0x1906, 0x1906, 0x1906, 0x1906, 0x1906,
    0x1906, 0x1906, 0x1906, 0x1906, 0x1906, 0x1906, 0x1906, 0x1906,
    0x1906, 0x1906, 0x1906, 0x1906, 0x1906, 0x1906, 0x1906, 0x1906,
    0x1906, 0xFF72, 0xFF72, 0x1906, 0x1906, 0x1906, 0x1906, 0x1906,
    0x1906, 0x1906, 0x1906, 0x1906, 0x1906, 0x1906, 0x1906, 0x1906,
    0x1906, 0x1906, 0x1906, 0x1906, 0x1906, 0x1906, 0x1906, 0x1906,
    0x1906, 0x1906, 0x1906, 0x1906, 0x1906, 0x1906, 0x1906, 0x1906,
    0x1906, 0x1906, 0x1906, 0x1906, 0x1906, 0x1906, 0x1906, 0x1906,
    0x1906, 0x1906, 0x1906, 0x1906, 0x1906, 0x1906, 0x1906, 0x1906,
    0x1906, 0x1906, 0x1906, 0x1906, 0x1906, 0x1906, 0x1906, 0x1906,
    0x1906, 0x1906, 0x1906, 0x1906, 0x1906, 0x1906, 0x1906, 0x1906,
    0x1906, 0x1906, 0x1906, 0x1906, 0x1906, 0x1906, 0x1906, 0x1906,
    0x1906, 0x1906, 0x1906, 0x1906, 0x1906, 0x1906, 0x1906, 0x1906,
    0x1906, 0x1906, 0x1906, 0x1906, 0x1906, 0x1906, 0x1906, 0x1906,
    0x1906, 0x1906, 0x1906, 0x1906, 0x1906, 0x1906, 0x1906, 0x1906,
    0x1906, 0x1906, 0x1906, 0x1906, 0x1906, 0x1906, 0x1906, 0x1906,
    0x1906, 0x1906, 0x1906, 0x1906, 0x1906, 0x1906, 0x1906, 0x1906,
    0x1906, 0x1906, 0x1906, 0x1906, 0x1906, 0x1906, 0x1906, 0x1906,
    0x1906, 0x1906, 0x1906, 0x1906, 0xFF72, 0x1906, 0x1906, 0x1906,
    0x1906, 0x1906, 0x1906, 0x1906, 0x1906, 0x1906, 0x1906, 0x1906,
    0x1906, 0x1906, 0x1906, 0x1906, 0x1906, 0x1906, 0x1906, 0x1906,
    0x1906, 0x1906, 0x1906, 0x1906, 0x1906, 0x1906, 0x1906, 0xFF72,
    0x1906, 0x1906, 0x1906, 0x1906, 0x1906, 0x1906, 0x1906, 0x1906,
    0x1906, 0x1906, 0x1906, 0x1906, 0x1906, 0x1906, 0x1906, 0x1906,
    0x1906, 0x1906, 0x1906, 0x1906, 0x1906, 0x1906, 0x1906, 0x1906,
    0x1906, 0x1906, 0x1906, 0x1906, 0x1906, 0x1906, 0x1906, 0x1906,
    0x1906, 0x1906, 0x1906, 0xFF72, 0x1906, 0x1906, 0x1906, 0x1906,
    0x1906, 0x1906, 0x1906, 0x1906, 0x1906, 0x1906, 0x1906, 0x1906,
    0x1906, 0x1906, 0x1906, 0x1906, 0x1906, 0x1906, 0x1906, 0x1906,
    0x1906, 0x1906, 0x1906, 0x1906, 0x1906, 0x1906, 0x1906, 0x1906,
    0x1906, 0x1906, 0x1906, 0x1906, 0x1906, 0x1906, 0x1906, 0x1906,
    0x1906, 0x1906, 0x1906, 0x1906, 0x1906, 0x1906, 0x1906, 0x1906,
    0x1906, 0x1906, 0x1906, 0x1906, 0x1906, 0x1906, 0x1906, 0x1906,
    0xFF72, 0xFF72, 0xFF72, 0x1906, 0x1906, 0x1906, 0x1906, 0x1906,
    0x1906, 0x1906, 0x1906, 0x1906, 0x1906, 0x1906, 0x1906, 0x1906,
    0x1906, 0x1906, 0x1906, 0x1906, 0x1906, 0x1906, 0x1906, 0x1906,
    0x1906, 0x1906, 0x1906, 0x1906, 0x1906, 0x1906, 0x1906, 0x1906,
    0x1906, 0x1906, 0x1906, 0x1906, 0x1906, 0x1906, 0x1906, 0x1906,
    0x1906, 0x1906, 0x1906, 0x1906, 0x1906, 0x1906, 0x1906, 0x1906,
    0x1906, 0x1906, 0x1906, 0x1906, 0x1906, 0x1906, 0x1906, 0x1906,
    0x1906, 0x1906, 0x1906, 0x1906, 0x1906, 0x1906, 0x1906, 0x1906,
    0x1906, 0x1906, 0x1906, 0x1906, 0x1906, 0x1906, 0x1906, 0x1906,
    0x1906, 0x1906, 0x1906, 0x1906, 0x1906, 0x1906, 0x1906, 0x1906,
    0x1906, 0x1906, 0x1906, 0x1906, 0x1906, 0x1906, 0x1906, 0x1906,
    0x1906, 0x1906, 0x1906, 0x1906, 0x1906, 0x1906, 0x1906, 0x1906,
    0x1906, 0x1906, 0x1906, 0x1906, 0x1906, 0x1906, 0x1906, 0x1906,
    0x1906, 0x1906, 0x1906, 0x1906, 0x1906, 0x1906, 0x1906, 0x1906,
    0x1906, 0x1906, 0x1906, 0x1906, 0x1906, 0x1906, 0x1906, 0x1906,
    0x1906, 0x1906, 0x1906, 0x1906, 0x1906, 0x1906, 0x1906, 0x1906,
    0x1906, 0x1906, 0x1906, 0x1906, 0x1906, 0x1906, 0x1906, 0x1906,
    0x1906, 0x1906, 0x1906, 0x1906, 0x1906, 0x1906, 0x1906, 0x1906,
    0x1906, 0x1906, 0x1906, 0xFF72, 0xFF72, 0xFF72, 0xFF72, 0xFF72,
    0xFF72, 0xFF72, 0xFF72, 0xFF72, 0x1906, 0x1906, 0x1906, 0x1906,
    0x1906, 0x1906, 0x1906, 0x1906, 0x1906, 0x1906, 0x1906, 0x1906,
    0x1906, 0x1906, 0x1906, 0x1906, 0x1906, 0x1906, 0x1906, 0x1906,
    0x1906, 0x1906, 0x1906, 0x1906, 0x1906, 0x1906, 0x1906, 0xFF72,
    0xFF72, 0xFF72, 0xFF72, 0xFF72, 0xFF72, 0xFF72, 0xFF72, 0xFF72,
    0x1906, 0x1906, 0x1906, 0x1906, 0x1906, 0x1906, 0x1906, 0x1906,
    0x1906, 0x1906, 0x1906, 0x1906, 0x1906, 0x1906, 0x1906, 0x1906,
    0x1906, 0x1906, 0x1906, 0x1906, 0x1906, 0x1906, 0x1906, 0x1906,
    0x1906, 0x1906, 0x1906, 0x1906, 0x1906, 0x1906, 0x1906, 0x1906,
    0x1906, 0x1906, 0x1906, 0x1906, 0x1906, 0x1906, 0x1906, 0x1906,
    0x1906, 0x1906, 0x1906, 0x1906, 0x1906, 0x1906, 0x1906, 0xFF72,
    0xFF72, 0xFF72, 0xFF72, 0xFF72, 0x1906, 0x1906, 0x1906, 0x1906,
    0x1906, 0x1906, 0x1906, 0x1906, 0x1906, 0x1906, 0x1906, 0x1906,
    0x1906, 0x1906, 0x1906, 0x1906, 0x1906, 0x1906, 0x1906, 0x1906,
    0x1906, 0x1906, 0x1906, 0x1906, 0x1906, 0x1906, 0x1906, 0x1906,
    0x1906, 0x1906, 0x1906, 0x1906, 0x1906, 0x1906, 0x1906, 0x1906,
    0x1906, 0x1906, 0x1906, 0x1906, 0x1906, 0x1906, 0x1906, 0x1906,
    0x1906, 0x1906, 0x1906, 0x1906, 0x1906, 0x1906, 0x1906, 0x1906,
    0x1906, 0x1906, 0x1906, 0x1906, 0x1906, 0x1906, 0x1906, 0x1906,
    0x1906, 0x1906, 0x1906, 0x1906, 0x1906, 0x1906, 0x1906, 0x1906,
    0x1906, 0x1906, 0x1906, 0x1906, 0x1906, 0x1906, 0x1906, 0x1906,
    0x1906, 0x1906, 0x1906, 0x1906, 0x1906, 0x1906, 0x1906, 0x1906,
    0x1906, 0x1906, 0x1906, 0x1906, 0x1906, 0x1906, 0x1906, 0x1906,
    0x1906, 0x1906, 0x1906, 0x1906, 0x1906, 0x1906, 0x1906, 0x1906,
    0x1906, 0x1906, 0x1906, 0x1906, 0x1906, 0x1906, 0x1906, 0x1906,
    0x1906, 0x1906, 0x1906, 0x1906, 0x1906, 0x1906, 0x1906, 0x1906,
    0x1906, 0x1906, 0x1906, 0x1906, 0x1906, 0x1906, 0x1906, 0x1906,
    0x1906, 0x1906, 0x1906, 0x1906, 0x1906, 0x1906, 0x1906, 0x1906,
    0x1906, 0x1906, 0x1906, 0x1906, 0x1906, 0x1906, 0x1906, 0x1906,
    0x1906, 0x1906, 0x1906, 0x1906, 0x1906, 0x1906, 0x1906, 0xFF72,
    0x1906, 0x1906, 0x1906, 0x1906, 0x1906, 0x1906, 0x1906, 0x1906,
    0x1906, 0x1906, 0x1906, 0x1906, 0x1906, 0x1906, 0x1906, 0x1906,
    0x1906, 0x1906, 0x1906, 0x1906, 0x1906, 0x1906, 0x1906, 0x1906,
    0x1906, 0x1906, 0x1906, 0x1906, 0x1906, 0x1906, 0x1906, 0x1906,
    0x1906, 0x1906, 0x1906, 0xFF72, 0x1906, 0x1906, 0x1906, 0x1906,
    0x1906, 0x1906, 0x1906, 0x1906, 0x1906, 0x1906, 0x1906, 0x1906,
    0x1906, 0x1906, 0x1906, 0x1906, 0x1906, 0x1906, 0x1906, 0x1906,
    0x1906, 0x1906, 0x1906, 0x1906, 0x1906, 0x1906, 0x1906, 0x1906,
    0x1906, 0x1906, 0x1906, 0x1906, 0x1906, 0x1906, 0x1906, 0x1906,
    0x1906, 0x1906, 0x1906, 0x1906, 0x1906, 0x1906, 0x1906, 0x1906,
    0x1906, 0x1906, 0x1906, 0x1906, 0xFF72, 0xFF72, 0xFF72, 0xFF72,
    0xFF72, 0xFF72, 0xFF72, 0xFF72, 0xFF72, 0xFF72, 0xFF72, 0x1906,
    0x1906, 0x1906, 0x1906, 0x1906, 0x1906, 0x1906, 0x1906, 0x1906,
    0x1906, 0x1906, 0x1906, 0x1906, 0x1906, 0x1906, 0x1906, 0x1906,
    0x1906, 0x1906, 0x1906, 0x1906, 0x1906, 0x1906, 0x1906, 0x1906,
    0x1906, 0x1906, 0x1906, 0x1906, 0x1906, 0x1906, 0x1906, 0x1906,
    0x1906, 0x1906, 0x1906, 0x1906, 0x1906, 0x1906, 0x1906, 0x1906,
    0x1906, 0x1906, 0x1906, 0x1906, 0x1906, 0x1906, 0x1906, 0x1906,
    0x1906, 0x1906, 0x1906, 0x1906, 0x1906, 0x1906, 0x1906, 0x1906,
    0x1906, 0x1906, 0x1906, 0x1906, 0x1906, 0x1906, 0x1906, 0x1906,
    0x1906, 0x1906, 0x1906, 0x1906, 0x1906, 0x1906, 0x1906, 0x1906,
    0x1906, 0x1906, 0x1906, 0x1906, 0x1906, 0x1906, 0x1906, 0x1906,
    0x1906, 0x1906, 0x1906, 0x1906, 0x1906, 0x1906, 0x1906, 0x1906,
    0x1906, 0x1906, 0x1906, 0x1906, 0x1906, 0x1906, 0x1906, 0x1906,
    0x1906, 0x1906, 0x1906, 0x1906, 0x1906, 0x1906, 0x1906, 0x1906,
    0x1906, 0x1906, 0x1906, 0x1906, 0x1906, 0x1906, 0x1906, 0x1906,
    0x1906, 0x1906, 0x1906, 0x1906, 0x1906, 0x1906, 0x1906, 0x1906,
    0x1906, 0x1906, 0x1906, 0x1906, 0x1906, 0x1906, 0x1906, 0x1906,
    0x1906, 0x1906, 0x1906, 0x1906, 0x1906, 0x1906, 0x1906, 0x1906,
    0x1906, 0x1906, 0x1906, 0x1906, 0x1906, 0x1906, 0x1906, 0xFF72,
    0x1906, 0x1906, 0x1906, 0x1906, 0x1906, 0x1906, 0x1906, 0x1906,
    0x1906, 0x1906, 0x1906, 0x1906, 0x1906, 0x1906, 0x1906, 0x1906,
    0x1906, 0x1906, 0x1906, 0x1906, 0x1906, 0x1906, 0x1906, 0x1906,
    0x1906, 0x1906, 0x1906, 0x1906, 0x1906, 0x1906, 0x1906, 0x1906,
    0x1906, 0x1906, 0x1906, 0xFF72, 0x1906, 0x1906, 0x1906, 0x1906,
    0x1906, 0x1906, 0x1906, 0x1906, 0x1906, 0x1906, 0x1906, 0x1906,
    0x1906, 0x1906, 0x1906, 0x1906, 0x1906, 0x1906, 0x1906, 0x1906,
    0x1906, 0x1906, 0x1906, 0x1906, 0x1906, 0x1906, 0x1906, 0x1906,
    0x1906, 0x1906, 0x1906, 0x1906, 0x1906, 0x1906, 0x1906, 0x1906,
    0x1906, 0x1906, 0x1906, 0x1906, 0x1906, 0x1906, 0x1906, 0x1906,
    0x1906, 0x1906, 0x1906, 0x1906, 0x1906, 0x1906, 0x1906, 0xFF72,
    0xFF72, 0xFF72, 0xFF72, 0xFF72, 0x1906, 0x1906, 0x1906, 0x1906,
    0x1906, 0x1906, 0x1906, 0x1906, 0x1906, 0x1906, 0x1906, 0x1906,
    0x1906, 0x1906, 0x1906, 0x1906, 0x1906, 0x1906, 0x1906, 0x1906,
    0x1906, 0x1906, 0x1906, 0x1906, 0x1906, 0x1906, 0x1906, 0x1906,
    0x1906, 0x1906, 0x1906, 0x1906, 0x1906, 0x1906, 0x1906, 0x1906,
    0x1906, 0x1906, 0x1906, 0x1906, 0x1906, 0x1906, 0x1906, 0x1906,
    0x1906, 0x1906, 0x1906, 0x1906, 0x1906, 0x1906, 0x1906, 0x1906,
    0x1906, 0x1906, 0x1906, 0x1906, 0x1906, 0x1906, 0x1906, 0x1906,
    0x1906, 0x1906, 0x1906, 0x1906, 0x1906, 0x1906, 0x1906, 0x1906,
    0x1906, 0x1906, 0x1906, 0x1906, 0x1906, 0x1906, 0x1906, 0x1906,
    0x1906, 0x1906, 0x1906, 0x1906, 0x1906, 0x1906, 0x1906, 0x1906,
    0x1906, 0x1906, 0x1906, 0x1906, 0x1906, 0x1906, 0x1906, 0x1906,
    0x1906, 0x1906, 0x1906, 0x1906, 0x1906, 0x1906, 0x1906, 0x1906,
    0x1906, 0x1906, 0x1906, 0x1906, 0x1906, 0x1906, 0x1906, 0x1906,
    0x1906, 0x1906, 0x1906, 0x1906, 0x1906, 0x1906, 0x1906, 0x1906,
    0x1906, 0x1906, 0x1906, 0x1906, 0x1906, 0x1906, 0x1906, 0x1906,
    0x1906, 0x1906, 0x1906, 0x1906, 0x1906, 0x1906, 0x1906, 0x1906,
    0x1906, 0x1906, 0x1906, 0x1906, 0x1906, 0x1906, 0x1906, 0x1906,
    0x1906, 0x1906, 0x1906, 0x1906, 0x1906, 0x1906, 0x1906, 0xFF72,
    0x1906, 0x1906, 0x1906, 0x1906, 0x1906, 0x1906, 0x1906, 0x1906,
    0x1906, 0x1906, 0x1906, 0x1906, 0x1906, 0x1906, 0x1906, 0x1906,
    0x1906, 0x1906, 0x1906, 0x1906, 0x1906, 0x1906, 0x1906, 0x1906,
    0x1906, 0x1906, 0x1906, 0x1906, 0x1906, 0x1906, 0x1906, 0x1906,
    0x1906, 0x1906, 0x1906, 0xFF72, 0x1906, 0x1906, 0x1906, 0x1906,
    0x1906, 0x1906, 0x1906, 0x1906, 0x1906, 0x1906, 0x1906, 0x1906,
    0x1906, 0x1906, 0x1906, 0x1906, 0x1906, 0x1906, 0x1906, 0x1906,
    0x1906, 0x1906, 0x1906, 0x1906, 0x1906, 0x1906, 0x1906, 0x1906,
    0x1906, 0x1906, 0x1906, 0x1906, 0x1906, 0x1906, 0x1906, 0x1906,
    0x1906, 0x1906, 0x1906, 0x1906, 0x1906, 0x1906, 0x1906, 0x1906,
    0x1906, 0x1906, 0x1906, 0x1906, 0x1906, 0x1906, 0x1906, 0x1906,
    0xFF72, 0xFF72, 0xFF72, 0x1906, 0x1906, 0x1906, 0x1906, 0x1906,
    0x1906, 0x1906, 0x1906, 0x1906, 0x1906, 0x1906, 0x1906, 0x1906,
    0x1906, 0x1906, 0x1906, 0x1906, 0x1906, 0x1906, 0x1906, 0x1906,
    0x1906, 0x1906, 0x1906, 0x1906, 0x1906, 0x1906, 0x1906, 0x1906,
    0x1906, 0x1906, 0x1906, 0x1906, 0x1906, 0x1906, 0x1906, 0x1906,
    0x1906, 0x1906, 0x1906, 0x1906, 0x1906, 0x1906, 0x1906, 0x1906,
    0x1906, 0x1906, 0x1906, 0x1906, 0x1906, 0x1906, 0x1906, 0x1906,
    0x1906, 0x1906, 0x1906, 0x1906, 0x1906, 0x1906, 0x1906, 0x1906,
    0x1906, 0x1906, 0x1906, 0x1906, 0x1906, 0x1906, 0x1906, 0x1906,
    0x1906, 0x1906, 0x1906, 0x1906, 0x1906, 0x1906, 0x1906, 0x1906,
    0x1906, 0x1906, 0x1906, 0x1906, 0x1906, 0x1906, 0x1906, 0x1906,
    0x1906, 0x1906, 0x1906, 0x1906, 0x1906, 0x1906, 0x1906, 0x1906,
    0x1906, 0x1906, 0x1906, 0x1906, 0x1906, 0x1906, 0x1906, 0x1906,
    0x1906, 0x1906, 0x1906, 0x1906, 0x1906, 0x1906, 0x1906, 0x1906,
    0x1906, 0x1906, 0x1906, 0x1906, 0x1906, 0x1906, 0x1906, 0x1906,
    0x1906, 0x1906, 0x1906, 0x1906, 0x1906, 0x1906, 0x1906, 0x1906,
    0x1906, 0x1906, 0x1906, 0x1906, 0x1906, 0x1906, 0x1906, 0x1906,
    0x1906, 0x1906, 0x1906, 0x1906, 0x1906, 0x1906, 0x1906, 0x1906,
    0x1906, 0x1906, 0x1906, 0x1906, 0x1906, 0x1906, 0x1906, 0xFF72,
    0x1906, 0x1906, 0x1906, 0x1906, 0x1906, 0x1906, 0x1906, 0x1906,
    0x1906, 0x1906, 0x1906, 0x1906, 0x1906, 0x1906, 0x1906, 0x1906,
    0x1906, 0x1906, 0x1906, 0x1906, 0x1906, 0x1906, 0x1906, 0x1906,
    0x1906, 0x1906, 0x1906, 0x1906, 0x1906, 0x1906, 0x1906, 0x1906,
    0x1906, 0x1906, 0x1906, 0xFF72, 0x1906, 0x1906, 0x1906, 0x1906,
    0x1906, 0x1906, 0x1906, 0x1906, 0x1906, 0x1906, 0x1906, 0x1906,
    0x1906, 0x1906, 0x1906, 0x1906, 0x1906, 0x1906, 0x1906, 0x1906,
    0x1906, 0x1906, 0x1906, 0x1906, 0x1906, 0x1906, 0x1906, 0x1906,
    0x1906, 0x1906, 0x1906, 0x1906, 0x1906, 0x1906, 0x1906, 0x1906,
    0x1906, 0x1906, 0x1906, 0x1906, 0x1906, 0x1906, 0x1906, 0x1906,
    0x1906, 0x1906, 0x1906, 0x1906, 0x1906, 0x1906, 0x1906, 0x1906,
    0x1906, 0xFF72, 0x1906, 0x1906, 0x1906, 0x1906, 0x1906, 0x1906,
    0x1906, 0x1906, 0x1906, 0x1906, 0x1906, 0x1906, 0x1906, 0x1906,
    0x1906, 0x1906, 0x1906, 0x1906, 0x1906, 0x1906, 0x1906, 0x1906,
    0x1906, 0x1906, 0x1906, 0x1906, 0x1906, 0x1906, 0x1906, 0x1906,
    0x1906, 0x1906, 0x1906, 0x1906, 0x1906, 0x1906, 0x1906, 0x1906,
    0x1906, 0x1906, 0x1906, 0x1906, 0x1906, 0x1906, 0x1906, 0x1906,
    0x1906, 0x1906, 0x1906, 0x1906, 0x1906, 0x1906, 0x1906, 0x1906,
    0x1906, 0x1906, 0x1906, 0x1906, 0x1906, 0x1906, 0x1906, 0x1906,
    0x1906, 0x1906, 0x1906, 0x1906, 0x1906, 0x1906, 0x1906, 0x1906,
    0x1906, 0x1906, 0x1906, 0x1906, 0x1906, 0x1906, 0x1906, 0x1906,
    0x1906, 0x1906, 0x1906, 0x1906, 0x1906, 0x1906, 0x1906, 0x1906,
    0x1906, 0x1906, 0x1906, 0x1906, 0x1906, 0x1906, 0x1906, 0x1906,
    0x1906, 0x1906, 0x1906, 0x1906, 0x1906, 0x1906, 0x1906, 0x1906,
    0x1906, 0x1906, 0x1906, 0x1906, 0x1906, 0x1906, 0x1906, 0x1906,
    0x1906, 0x1906, 0x1906, 0x1906, 0x1906, 0x1906, 0x1906, 0x1906,
    0x1906, 0x1906, 0x1906, 0x1906, 0x1906, 0x1906, 0x1906, 0x1906,
    0x1906, 0x1906, 0x1906, 0x1906, 0x1906, 0x1906, 0x1906, 0x1906,
    0x1906, 0x1906, 0x1906, 0x1906, 0x1906, 0x1906, 0x1906, 0x1906,
    0x1906, 0x1906, 0x1906, 0x1906, 0x1906, 0x1906, 0x1906, 0x1906,
    0x1906, 0x1906, 0x1906, 0x1906, 0x1906, 0x1906, 0x1906, 0x1906,
    0x1906, 0x1906, 0x1906, 0x1906, 0x1906, 0x1906, 0x1906, 0x1906,
    0x1906, 0x1906, 0x1906, 0x1906, 0x1906, 0x1906, 0x1906, 0x1906,
    0x1906, 0x1906, 0x1906, 0x1906, 0x1906, 0x1906, 0x1906, 0x1906,
    0x1906, 0x1906, 0x1906, 0x1906, 0x1906, 0x1906, 0x1906, 0x1906,
    0x1906, 0x1906, 0x1906, 0x1906, 0x1906, 0x1906, 0x1906, 0x1906,
    0x1906, 0x1906, 0x1906, 0x1906, 0x1906, 0x1906, 0x1906, 0x1906,
    0x1906, 0x1906, 0x1906, 0x1906, 0x1906, 0x1906, 0x1906, 0x1906,
    0x1906, 0x1906, 0x1906, 0x1906, 0x1906, 0x1906, 0x1906, 0x1906,
    0x1906, 0x1906, 0x1906, 0x1906, 0x1906, 0x1906, 0x1906, 0x1906,
    0x1906, 0x1906, 0x1906, 0x1906, 0x1906, 0x1906, 0x1906, 0x1906,
    0x1906, 0xFF72, 0x1906, 0x1906, 0x1906, 0x1906, 0x1906, 0x1906,
    0x1906, 0x1906, 0x1906, 0x1906, 0x1906, 0x1906, 0x1906, 0x1906,
    0x1906, 0x1906, 0x1906, 0x1906, 0x1906, 0x1906, 0x1906, 0x1906,
    0x1906, 0x1906, 0x1906, 0x1906, 0x1906, 0x1906, 0x1906, 0x1906,
    0x1906, 0x1906, 0x1906, 0x1906, 0x1906, 0x1906, 0x1906, 0x1906,
    0x1906, 0x1906, 0x1906, 0x1906, 0x1906, 0x1906, 0x1906, 0x1906,
    0x1906, 0x1906, 0x1906, 0x1906, 0x1906, 0x1906, 0x1906, 0x1906,
    0x1906, 0x1906, 0x1906, 0x1906, 0x1906, 0x1906, 0x1906, 0x1906,
    0x1906, 0x1906, 0x1906, 0x1906, 0x1906, 0x1906, 0x1906, 0x1906,
    0x1906, 0x1906, 0x1906, 0x1906, 0x1906, 0x1906, 0x1906, 0x1906,
    0x1906, 0x1906, 0x1906, 0x1906, 0x1906, 0x1906, 0x1906, 0x1906,
    0x1906, 0x1906, 0x1906, 0x1906, 0x1906, 0x1906, 0x1906, 0x1906,
    0x1906, 0x1906, 0x1906, 0x1906, 0x1906, 0x1906, 0x1906, 0x1906,
    0x1906, 0x1906, 0x1906, 0x1906, 0x1906, 0x1906, 0x1906, 0x1906,
    0x1906, 0x1906, 0x1906, 0x1906, 0x1906, 0x1906, 0x1906, 0x1906,
    0x1906, 0x1906, 0x1906, 0x1906, 0x1906, 0x1906, 0x1906, 0x1906,
    0x1906, 0x1906, 0x1906, 0x1906, 0x1906, 0x1906, 0x1906, 0x1906,
    0x1906, 0x1906, 0x1906, 0x1906, 0x1906, 0x1906, 0x1906, 0x1906,
    0x1906, 0x1906, 0x1906, 0x1906, 0x1906, 0x1906, 0x1906, 0x1906,
    0x1906, 0x1906, 0x1906, 0x1906, 0x1906, 0x1906, 0x1906, 0x1906,
    0x1906, 0x1906, 0x1906, 0x1906, 0x1906, 0x1906, 0x1906, 0x1906,
    0x1906, 0x1906, 0x1906, 0x1906, 0x1906, 0x1906, 0x1906, 0x1906,
    0x1906, 0x1906, 0x1906, 0x1906, 0x1906, 0x1906, 0x1906, 0x1906,
    0x1906, 0x1906, 0x1906, 0x1906, 0x1906, 0x1906, 0x1906, 0x1906,
    0x1906, 0x1906, 0x1906, 0x1906, 0x1906, 0x1906, 0x1906, 0x1906,
    0x1906, 0x1906, 0x1906, 0x1906, 0x1906, 0x1906, 0x1906, 0x1906,
    0x1906, 0x1906, 0x1906, 0x1906, 0x1906, 0x1906, 0x1906, 0x1906,
    0x1906, 0x1906, 0x1906, 0x1906, 0x1906, 0x1906, 0x1906, 0x1906,
    0x1906, 0x1906, 0x1906, 0x1906, 0x1906, 0x1906, 0x1906, 0x1906,
    0x1906, 0x1906, 0x1906, 0x1906, 0x1906, 0x1906, 0x1906, 0x1906,
    0x1906, 0xFF72, 0x1906, 0x1906, 0x1906, 0x1906, 0x1906, 0x1906,
    0x1906, 0x1906, 0x1906, 0x1906, 0x1906, 0x1906, 0x1906, 0x1906,
    0x1906, 0x1906, 0x1906, 0x1906, 0x1906, 0x1906, 0x1906, 0x1906,
    0x1906, 0x1906, 0x1906, 0x1906, 0x1906, 0x1906, 0x1906, 0x1906,
    0x1906, 0x1906, 0x1906, 0x1906, 0x1906, 0x1906, 0x1906, 0x1906,
    0x1906, 0x1906, 0x1906, 0x1906, 0x1906, 0x1906, 0x1906, 0x1906,
    0x1906, 0x1906, 0x1906, 0x1906, 0x1906, 0x1906, 0x1906, 0x1906,
    0x1906, 0x1906, 0x1906, 0x1906, 0x1906, 0x1906, 0x1906, 0x1906,
    0x1906, 0x1906, 0x1906, 0x1906, 0x1906, 0x1906, 0x1906, 0x1906,
    0x1906, 0x1906, 0x1906, 0x1906, 0x1906, 0x1906, 0x1906, 0x1906,
    0x1906, 0x1906, 0x1906, 0x1906, 0x1906, 0x1906, 0x1906, 0x1906,
    0x1906, 0x1906, 0x1906, 0x1906, 0x1906, 0x1906, 0x1906, 0x1906,
    0x1906, 0x1906, 0x1906, 0x1906, 0x1906, 0x1906, 0x1906, 0x1906,
    0x1906, 0x1906, 0x1906, 0x1906, 0x1906, 0x1906, 0x1906, 0x1906,
    0x1906, 0x1906, 0x1906, 0x1906, 0x1906, 0x1906, 0x1906, 0x1906,
    0x1906, 0x1906, 0x1906, 0x1906, 0x1906, 0x1906, 0x1906, 0x1906,
    0x1906, 0x1906, 0x1906, 0x1906, 0x1906, 0x1906, 0x1906, 0x1906,
    0x1906, 0x1906, 0x1906, 0x1906, 0x1906, 0x1906, 0x1906, 0x1906,
    0x1906, 0x1906, 0x1906, 0x1906, 0x1906, 0x1906, 0x1906, 0x1906,
    0x1906, 0x1906, 0x1906, 0x1906, 0x1906, 0x1906, 0x1906, 0x1906,
    0x1906, 0x1906, 0x1906, 0x1906, 0x1906, 0x1906, 0x1906, 0x1906,
    0x1906, 0x1906, 0x1906, 0x1906, 0x1906, 0x1906, 0x1906, 0x1906,
    0x1906, 0x1906, 0x1906, 0x1906, 0x1906, 0x1906, 0x1906, 0x1906,
    0x1906, 0x1906, 0x1906, 0x1906, 0x1906, 0x1906, 0x1906, 0x1906,
    0x1906, 0x1906, 0x1906, 0x1906, 0x1906, 0x1906, 0x1906, 0x1906,
    0x1906, 0x1906, 0x1906, 0x1906, 0x1906, 0x1906, 0x1906, 0x1906,
    0x1906, 0x1906, 0x1906, 0x1906, 0x1906, 0x1906, 0x1906, 0x1906,
    0x1906, 0x1906, 0x1906, 0x1906, 0x1906, 0x1906, 0x1906, 0x1906,
    0x1906, 0x1906, 0x1906, 0x1906, 0x1906, 0x1906, 0x1906, 0x1906,
    0x1906, 0x1906, 0x1906, 0x1906, 0x1906, 0x1906, 0x1906, 0x1906,
    0x1906, 0x1906, 0x1906, 0x1906, 0x1906, 0x1906, 0x1906, 0x1906,
    0x1906, 0x1906, 0x1906, 0x1906, 0x1906, 0x1906, 0x1906, 0x1906,
    0x1906, 0x1906, 0x1906, 0x1906, 0x1906, 0x1906, 0x1906, 0x1906,
    0x1906, 0x1906, 0x1906, 0x1906, 0x1906, 0x1906, 0x1906, 0x1906,
    0x1906, 0x1906, 0x1906, 0x1906, 0x1906, 0x1906, 0x1906, 0x1906,
    0x1906, 0x1906, 0x1906, 0x1906, 0x1906, 0x1906, 0x1906, 0x1906,
    0x1906, 0x1906, 0x1906, 0x1906, 0x1906, 0x1906, 0x1906, 0x1906,
    0x1906, 0x1906, 0x1906, 0x1906, 0x1906, 0x1906, 0x1906, 0x1906,
    0x1906, 0x1906, 0x1906, 0x1906, 0x1906, 0x1906, 0x1906, 0x1906,
    0x1906, 0x1906, 0x1906, 0x1906, 0x1906, 0x1906, 0x1906, 0x1906,
    0x1906, 0x1906, 0x1906, 0x1906, 0x1906, 0x1906, 0x1906, 0x1906,
    0x1906, 0x1906, 0x1906, 0x1906, 0x1906, 0x1906, 0x1906, 0x1906,
    0x1906, 0x1906, 0x1906, 0x1906, 0x1906, 0x1906, 0x1906, 0x1906,
    0x1906, 0x1906, 0x1906, 0x1906, 0x1906, 0x1906, 0x1906, 0x1906,
    0x1906, 0x1906, 0x1906, 0x1906, 0x1906, 0x1906, 0x1906, 0x1906,
    0x1906, 0x1906, 0x1906, 0x1906, 0x1906, 0x1906, 0x1906, 0x1906,
    0x1906, 0x1906, 0x1906, 0x1906, 0x1906, 0x1906, 0x1906, 0x1906,
    0x1906, 0x1906, 0x1906, 0x1906, 0x1906, 0x1906, 0x1906, 0x1906,
    0x1906, 0x1906, 0x1906, 0x1906, 0x1906, 0x1906, 0x1906, 0x1906,
    0x1906, 0x1906, 0x1906, 0x1906, 0x1906, 0x1906, 0x1906, 0x1906,
    0x1906, 0x1906, 0x1906, 0x1906, 0x1906, 0x1906, 0x1906, 0x1906,
    0x1906, 0x1906, 0x1906, 0x1906, 0x1906, 0x1906, 0x1906, 0x1906,
    0x1906, 0x1906, 0x1906, 0x1906, 0x1906, 0x1906, 0x1906, 0x1906,
    0x1906, 0x1906, 0x1906, 0x1906, 0x1906, 0x1906, 0x1906, 0x1906,
    0x1906, 0x1906, 0x1906, 0x1906, 0x1906, 0x1906, 0x1906, 0x1906,
    0x1906, 0x1906, 0x1906, 0x1906, 0x1906, 0x1906, 0x1906, 0x1906,
    0x1906, 0x1906, 0x1906, 0x1906, 0x1906, 0x1906, 0x1906, 0x1906,
    0x1906, 0x1906, 0x1906, 0x1906, 0x1906, 0x1906, 0x1906, 0x1906,
    0x1906, 0x1906, 0x1906, 0x1906, 0x1906, 0x1906, 0x1906, 0x1906,
    0x1906, 0x1906, 0x1906, 0x1906, 0x1906, 0x1906, 0x1906, 0x1906,
    0x1906, 0x1906, 0x1906, 0x1906, 0x1906, 0x1906, 0x1906, 0x1906,
    0x1906, 0x1906, 0x1906, 0x1906, 0x1906, 0x1906, 0x1906, 0x1906,
    0x1906, 0x1906, 0x1906, 0x1906, 0x1906, 0x1906, 0x1906, 0x1906,
    0x1906, 0x1906, 0x1906, 0x1906, 0x1906, 0x1906, 0x1906, 0x1906,
    0x1906, 0x1906, 0x1906, 0x1906, 0x1906, 0x1906, 0x1906, 0x1906,
    0x1906, 0x1906, 0x1906, 0x1906, 0x1906, 0x1906, 0x1906, 0x1906,
    0x1906, 0x1906, 0x1906, 0x1906, 0x1906, 0x1906, 0x1906, 0x1906,
    0x1906, 0x1906, 0x1906, 0x1906, 0x1906, 0x1906, 0x1906, 0x1906,
    0x1906, 0x1906, 0x1906, 0x1906, 0x1906, 0x1906, 0x1906, 0x1906,
    0x1906, 0x1906, 0x1906, 0x1906, 0x1906, 0x1906, 0x1906, 0x1906,
    0x1906, 0x1906, 0x1906, 0x1906, 0x1906, 0x1906, 0x1906, 0x1906,
    0x1906, 0x1906, 0x1906, 0x1906, 0x1906, 0x1906, 0x1906, 0x1906,
    0x1906, 0x1906, 0x1906, 0x1906, 0x1906, 0x1906, 0x1906, 0x1906,
    0x1906, 0x1906, 0x1906, 0x1906, 0x1906, 0x1906, 0x1906, 0x1906,
    0x1906, 0x1906, 0x1906, 0x1906, 0x1906, 0x1906, 0x1906, 0x1906,
    0x1906, 0x1906, 0x1906, 0x1906, 0x1906, 0x1906, 0x1906, 0x1906,
    0x1906, 0x1906, 0x1906, 0x1906, 0x1906, 0x1906, 0x1906, 0x1906,
    0x1906, 0x1906, 0x1906, 0x1906, 0x1906, 0x1906, 0x1906, 0x1906,
    0x1906, 0x1906, 0x1906, 0x1906, 0x1906, 0x1906, 0x1906, 0x1906,
    0x1906, 0x1906, 0x1906, 0x1906, 0x1906, 0x1906, 0x1906, 0x1906,
    0x1906, 0x1906, 0x1906, 0x1906, 0x1906, 0x1906, 0x1906, 0x1906,
    0x1906, 0x1906, 0x1906, 0x1906, 0x1906, 0x1906, 0x1906, 0x1906,
    0x1906, 0x1906, 0x1906, 0x1906, 0x1906, 0x1906, 0x1906, 0x1906,
    0x1906, 0x1906, 0x1906, 0x1906, 0x1906, 0x1906, 0x1906, 0x1906,
    0x1906, 0x1906, 0x1906, 0x1906, 0x1906, 0x1906, 0x1906, 0x1906,
    0x1906, 0x1906, 0x1906, 0x1906, 0x1906, 0x1906, 0x1906, 0x1906,
    0x1906, 0x1906, 0x1906, 0x1906, 0x1906, 0x1906, 0x1906, 0x1906,
    0x1906, 0x1906, 0x1906, 0x1906, 0x1906, 0x1906, 0x1906, 0x1906,
    0x1906, 0x1906, 0x1906, 0x1906, 0x1906, 0x1906, 0x1906, 0x1906,
    0x1906, 0x1906, 0x1906, 0x1906, 0x1906, 0x1906, 0x1906, 0x1906,
    0x1906, 0x1906, 0x1906, 0x1906, 0x1906, 0x1906, 0x1906, 0x1906,
    0x1906, 0x1906, 0x1906, 0x1906, 0x1906, 0x1906, 0x1906, 0x1906,
    0x1906, 0x1906, 0x1906, 0x1906, 0x1906, 0x1906, 0x1906, 0x1906,
    0x1906, 0x1906, 0x1906, 0x1906, 0x1906, 0x1906, 0x1906, 0x1906,
    0x1906, 0x1906, 0x1906, 0x1906, 0x1906, 0x1906, 0x1906, 0x1906,
    0x1906, 0x1906, 0x1906, 0x1906, 0x1906, 0x1906, 0x1906, 0x1906,
    0x1906, 0x1906, 0x1906, 0x1906, 0x1906, 0x1906, 0x1906, 0x1906,
    0x1906, 0x1906, 0x1906, 0x1906, 0x1906, 0x1906, 0x1906, 0x1906,
    0x1906, 0x1906, 0x1906, 0x1906, 0x1906, 0x1906, 0x1906, 0x1906,
    0x1906, 0x1906, 0x1906, 0x1906, 0x1906, 0x1906, 0x1906, 0x1906,
    0x1906, 0x1906, 0x1906, 0x1906, 0x1906, 0x1906, 0x1906, 0x1906,
    0x1906, 0x1906, 0x1906, 0x1906, 0x1906, 0x1906, 0x1906, 0x1906,
    0x1906, 0x1906, 0x1906, 0x1906, 0x1906, 0x1906, 0x1906, 0x1906,
    0x1906, 0x1906, 0x1906, 0x1906, 0x1906, 0x1906, 0x1906, 0x1906,
    0x1906, 0x1906, 0x1906, 0x1906, 0x1906, 0x1906, 0x1906, 0x1906,
    0x1906, 0x1906, 0x1906, 0x1906, 0x1906, 0x1906, 0x1906, 0x1906,
    0x1906, 0x1906, 0x1906, 0x1906, 0x1906, 0x1906, 0x1906, 0x1906,
    0x1906, 0x1906, 0x1906, 0x1906, 0x1906, 0x1906, 0x1906, 0x1906,
    0x1906, 0x1906, 0x1906, 0x1906, 0x1906, 0x1906, 0x1906, 0x1906,
    0x1906, 0x1906, 0x1906, 0x1906, 0x1906, 0x1906, 0x1906, 0x1906,
    0x1906, 0x1906, 0x1906, 0x1906, 0x1906, 0x1906, 0x1906, 0x1906,
    0x1906, 0x1906, 0x1906, 0x1906, 0x1906, 0x1906, 0x1906, 0x1906,
    0x1906, 0x1906, 0x1906, 0x1906, 0x1906, 0x1906, 0x1906, 0x1906,
    0x1906, 0x1906, 0x1906, 0x1906, 0x1906, 0x1906, 0x1906, 0x1906,
    0x1906, 0x1906, 0x1906, 0x1906, 0x1906, 0x1906, 0x1906, 0x1906,
    0x1906, 0x1906, 0x1906, 0x1906, 0x1906, 0x1906, 0x1906, 0x1906,
    0x1906, 0x1906, 0x1906, 0x1906, 0x1906, 0x1906, 0x1906, 0x1906,
    0x1906, 0x1906, 0x1906, 0x1906, 0x1906, 0x1906, 0x1906, 0x1906,
    0x1906, 0x1906, 0x1906, 0x1906, 0x1906, 0x1906, 0x1906, 0x1906,
    0x1906, 0x1906, 0x1906, 0x1906, 0x1906, 0x1906, 0x1906, 0x1906,
    0x1906, 0x1906, 0x1906, 0x1906, 0x1906, 0x1906, 0x1906, 0x1906,
    0x1906, 0x1906, 0x1906, 0x1906, 0x1906, 0x1906, 0x1906, 0x1906,
    0x1906, 0x1906, 0x1906, 0x1906, 0x1906, 0x1906, 0x1906, 0x1906,
    0x1906, 0x1906, 0x1906, 0x1906, 0x1906, 0x1906, 0x1906, 0x1906,
    0x1906, 0x1906, 0x1906, 0x1906, 0x1906, 0x1906, 0x1906, 0x1906,
    0x1906, 0x1906, 0x1906, 0x1906, 0x1906, 0x1906, 0x1906, 0x1906,
    0x1906, 0x1906, 0x1906, 0x1906, 0x1906, 0x1906, 0x1906, 0x1906,
    0x1906, 0x1906, 0x1906, 0x1906, 0x1906, 0x1906, 0x1906, 0x1906,
    0x1906, 0x1906, 0x1906, 0x1906, 0x1906, 0x1906, 0x1906, 0x1906,
    0x1906, 0x1906, 0x1906, 0x1906, 0x1906, 0x1906, 0x1906, 0x1906,
    0x1906, 0x1906, 0x1906, 0x1906, 0x1906, 0x1906, 0x1906, 0x1906,
    0x1906, 0x1906, 0x1906, 0x1906, 0x1906, 0x1906, 0x1906, 0x1906,
    0x1906, 0x1906, 0x1906, 0x1906, 0x1906, 0x1906, 0x1906, 0x1906,
    0x1906, 0x1906, 0x1906, 0x1906, 0x1906, 0x1906, 0x1906, 0x1906,
    0x1906, 0x1906, 0x1906, 0x1906, 0x1906, 0x1906, 0x1906, 0x1906,
    0x1906, 0x1906, 0x1906, 0x1906, 0x1906, 0x1906, 0x1906, 0x1906,
    0x1906, 0x1906, 0x1906, 0x1906, 0x1906, 0x1906, 0x1906, 0x1906,
    0x1906, 0x1906, 0x1906, 0x1906, 0x1906, 0x1906, 0x1906, 0x1906,
    0x1906, 0x1906, 0x1906, 0x1906, 0x1906, 0x1906, 0x1906, 0x1906,
    0x1906, 0x1906, 0x1906, 0x1906, 0x1906, 0x1906, 0x1906, 0x1906,
    0x1906, 0x1906, 0x1906, 0x1906, 0x1906, 0x1906, 0x1906, 0x1906,
    0x1906, 0x1906, 0x1906, 0x1906, 0x1906, 0x1906, 0x1906, 0x1906,
    0x1906, 0x1906, 0x1906, 0x1906, 0x1906, 0x1906, 0x1906, 0x1906,
    0x1906, 0x1906, 0x1906, 0x1906, 0x1906, 0x1906, 0x1906, 0x1906,
    0x1906, 0x1906, 0x1906, 0x1906, 0x1906, 0x1906, 0x1906, 0x1906,
    0x1906, 0x1906, 0x1906, 0x1906, 0x1906, 0x1906, 0x1906, 0x1906,
    0x1906, 0x1906, 0x1906, 0x1906, 0x1906, 0x1906, 0x1906, 0x1906,
    0x1906, 0x1906, 0x1906, 0x1906, 0x1906, 0x1906, 0x1906, 0x1906,
    0x1906, 0x1906, 0x1906, 0x1906, 0x1906, 0x1906, 0x1906, 0x1906,
    0x1906, 0x1906, 0x1906, 0x1906, 0x1906, 0x1906, 0x1906, 0x1906,
    0x1906, 0x1906, 0x1906, 0x1906, 0x1906, 0x1906, 0x1906, 0x1906,
    0x1906, 0x1906, 0x1906, 0x1906, 0x1906, 0x1906, 0x1906, 0x1906,
    0x1906, 0x1906, 0x1906, 0x1906, 0x1906, 0x1906, 0x1906, 0x1906,
    0x1906, 0x1906, 0x1906, 0x1906, 0x1906, 0x1906, 0x1906, 0x1906,
    0x1906, 0x1906, 0x1906, 0x1906, 0x1906, 0x1906, 0x1906, 0x1906,
    0x1906, 0x1906, 0x1906, 0x1906, 0x1906, 0x1906, 0x1906, 0x1906,
    0x1906, 0x1906, 0x1906, 0x1906, 0x1906, 0x1906, 0x1906, 0x1906,
    0x1906, 0x1906, 0x1906, 0x1906, 0x1906, 0x1906, 0x1906, 0x1906,
    0x1906, 0x1906, 0x1906, 0x1906, 0x1906, 0x1906, 0x1906, 0x1906,
    0x1906, 0x1906, 0x1906, 0x1906, 0x1906, 0x1906, 0x1906, 0x1906,
    0x1906, 0x1906, 0x1906, 0x1906, 0x1906, 0x1906, 0x1906, 0x1906,
    0x1906, 0x1906, 0x1906, 0x1906, 0x1906, 0x1906, 0x1906, 0x1906,
    0x1906, 0x1906, 0x1906, 0x1906, 0x1906, 0x1906, 0x1906, 0x1906,
    0x1906, 0x1906, 0x1906, 0x1906, 0x1906, 0x1906, 0x1906, 0x1906,
    0x1906, 0x1906, 0x1906, 0x1906, 0x1906, 0x1906, 0x1906, 0x1906,
    0x1906, 0x1906, 0x1906, 0x1906, 0x1906, 0x1906, 0x1906, 0x1906,
    0x1906, 0x1906, 0x1906, 0x1906, 0x1906, 0x1906, 0x1906, 0x1906,
    0x1906, 0x1906, 0x1906, 0x1906, 0x1906, 0x1906, 0x1906, 0x1906,
    0x1906, 0x1906, 0x1906, 0x1906, 0x1906, 0x1906, 0x1906, 0x1906,
    0x1906, 0x1906, 0x1906, 0x1906, 0x1906, 0x1906, 0x1906, 0x1906,
    0x1906, 0x1906, 0x1906, 0x1906, 0x1906, 0x1906, 0x1906, 0x1906,
    0x1906, 0x1906, 0x1906, 0x1906, 0x1906, 0x1906, 0x1906, 0x1906,
    0x1906, 0x1906, 0x1906, 0x1906, 0x1906, 0x1906, 0x1906, 0x1906,
    0x1906, 0x1906, 0x1906, 0x1906, 0x1906, 0x1906, 0x1906, 0x1906,
    0x1906, 0x1906, 0x1906, 0x1906, 0x1906, 0x1906, 0x1906, 0x1906,
    0x1906, 0x1906, 0x1906, 0x1906, 0x1906, 0x1906, 0x1906, 0x1906,
    0x1906, 0x1906, 0x1906, 0x1906, 0x1906, 0x1906, 0x1906, 0x1906,
    0x1906, 0x1906, 0x1906, 0x1906, 0x1906, 0x1906, 0x1906, 0x1906,
    0x1906, 0x1906, 0x1906, 0x1906, 0x1906, 0x1906, 0x1906, 0x1906,
    0x1906, 0x1906, 0x1906, 0x1906, 0x1906, 0x1906, 0x1906, 0x1906,
    0x1906, 0x1906, 0x1906, 0x1906, 0x1906, 0x1906, 0x1906, 0x1906,
    0x1906, 0x1906, 0x1906, 0x1906, 0x1906, 0x1906, 0x1906, 0x1906,
    0x1906, 0x1906, 0x1906, 0x1906, 0x1906, 0x1906, 0x1906, 0x1906,
    0x1906, 0x1906, 0x1906, 0x1906, 0x1906, 0x1906, 0x1906, 0x1906,
    0x1906, 0x1906, 0x1906, 0x1906, 0x1906, 0x1906, 0x1906, 0x1906,
    0x1906, 0x1906, 0x1906, 0x1906, 0x1906, 0x1906, 0x1906, 0x1906,
    0x1906, 0x1906, 0x1906, 0x1906, 0x1906, 0x1906, 0x1906, 0x1906,
    0x1906, 0x1906, 0x1906, 0x1906, 0x1906, 0x1906, 0x1906, 0x1906,
    0x1906, 0x1906, 0x1906, 0x1906, 0x1906, 0x1906, 0x1906, 0x1906,
    0x1906, 0x1906, 0x1906, 0x1906, 0x1906, 0x1906, 0x1906, 0x1906,
    0x1906, 0x1906, 0x1906, 0x1906, 0x1906, 0x1906, 0x1906, 0x1906,
    0x1906, 0x1906, 0x1906, 0x1906, 0x1906, 0x1906, 0x1906, 0x1906,
    0x1906, 0x1906, 0x1906, 0x1906, 0x1906, 0x1906, 0x1906, 0x1906,
    0x1906, 0x1906, 0x1906, 0x1906, 0x1906, 0x1906, 0x1906, 0x1906,
    0x1906, 0x1906, 0x1906, 0x1906, 0x1906, 0x1906, 0x1906, 0x1906,
    0x1906, 0x1906, 0x1906, 0x1906, 0x1906, 0x1906, 0x1906, 0x1906,
    0x1906, 0x1906, 0x1906, 0x1906, 0x1906, 0x1906, 0x1906, 0x1906,
    0x1906, 0x1906, 0x1906, 0x1906, 0x1906, 0x1906, 0x1906, 0x1906,
    0x1906, 0x1906, 0x1906, 0x1906, 0x1906, 0x1906, 0x1906, 0x1906,
    0x1906, 0x1906, 0x1906, 0x1906, 0x1906, 0x1906, 0x1906, 0x1906,
    0x1906, 0x1906, 0x1906, 0x1906, 0x1906, 0x1906, 0x1906, 0x1906,
    0x1906, 0x1906, 0x1906, 0x1906, 0x1906, 0x1906, 0x1906, 0x1906,
    0x1906, 0x1906, 0x1906, 0x1906, 0x1906, 0x1906, 0x1906, 0x1906,
    0x1906, 0x1906, 0x1906, 0x1906, 0x1906, 0x1906, 0x1906, 0x1906,
    0x1906, 0x1906, 0x1906, 0x1906, 0x1906, 0x1906, 0x1906, 0x1906,
    0x1906, 0x1906, 0x1906, 0x1906, 0x1906, 0x1906, 0x1906, 0x1906,
    0x1906, 0x1906, 0x1906, 0x1906, 0x1906, 0x1906, 0x1906, 0x1906,
    0x1906, 0x1906, 0x1906, 0x1906, 0x1906, 0x1906, 0x1906, 0x1906,
    0x1906, 0x1906, 0x1906, 0x1906, 0x1906, 0x1906, 0x1906, 0x1906,
    0x1906, 0x1906, 0x1906, 0x1906, 0x1906, 0x1906, 0x1906, 0x1906,
    0x1906, 0x1906, 0x1906, 0x1906, 0x1906, 0x1906, 0x1906, 0x1906,
    0x1906, 0x1906, 0x1906, 0x1906, 0x1906, 0x1906, 0x1906, 0x1906,
    0x1906, 0x1906, 0x1906, 0x1906, 0x1906, 0x1906, 0x1906, 0x1906,
    0x1906, 0x1906, 0x1906, 0x1906, 0x1906, 0x1906, 0x1906, 0x1906,
    0x1906, 0x1906, 0x1906, 0x1906, 0x1906, 0x1906, 0x1906, 0x1906,
    0x1906, 0x1906, 0x1906, 0x1906, 0x1906, 0x1906, 0x1906, 0x1906,
    0x1906, 0x1906, 0x1906, 0x1906, 0x1906, 0x1906, 0x1906, 0x1906,
    0x1906, 0x1906, 0x1906, 0x1906, 0x1906, 0x1906, 0x1906, 0x1906,
    0x1906, 0x1906, 0x1906, 0x1906, 0x1906, 0x1906, 0x1906, 0x1906,
    0x1906, 0x1906, 0x1906, 0x1906, 0x1906, 0x1906, 0x1906, 0x1906,
    0x1906, 0x1906, 0x1906, 0x1906, 0x1906, 0x1906, 0x1906, 0x1906,
    0xFE89, 0xFE89, 0xFE89, 0xFE89, 0xFE89, 0xFE89, 0xFE89, 0xFE89,
    0xFE89, 0xFE89, 0xFE89, 0xFE89, 0xFE89, 0xFE89, 0xFE89, 0xFE89,
    0xFE89, 0xFE89, 0xFE89, 0xFE89, 0xFE89, 0xFE89, 0xFE89, 0xFE89,
    0xFE89, 0xFE89, 0xFE89, 0xFE89, 0xFE89, 0xFE89, 0xFE89, 0xFE89,
    0xFE89, 0xFE89, 0xFE89, 0xFE89, 0xFE89, 0xFE89, 0xFE89, 0xFE89,
    0xFE89, 0xFE89, 0xFE89, 0xFE89, 0xFE89, 0xFE89, 0xFE89, 0xFE89,
    0xFE89, 0xFE89, 0xFE89, 0xFE89, 0xFE89, 0xFE89, 0xFE89, 0xFE89,
    0xFE89, 0xFE89, 0xFE89, 0xFE89, 0xFE89, 0xFE89, 0xFE89, 0xFE89,
    0xFE89, 0xFE89, 0xFE89, 0xFE89, 0xFE89, 0xFE89, 0xFE89, 0xFE89,
    0xFE89, 0xFE89, 0xFE89, 0xFE89, 0xFE89, 0xFE89, 0xFE89, 0xFE89,
    0xFE89, 0xFE89, 0xFE89, 0xFE89, 0xFE89, 0xFE89, 0xFE89, 0xFE89,
    0xFE89, 0xFE89, 0xFE89, 0xFE89, 0xFE89, 0xFE89, 0xFE89, 0xFE89,
    0xFE89, 0xFE89, 0xFE89, 0xFE89, 0xFE89, 0xFE89, 0xFE89, 0xFE89,
    0xFE89, 0xFE89, 0xFE89, 0xFE89, 0xFE89, 0xFE89, 0xFE89, 0xFE89,
    0xFE89, 0xFE89, 0xFE89, 0xFE89, 0xFE89, 0xFE89, 0xFE89, 0xFE89,
    0xFE89, 0xFE89, 0xFE89, 0xFE89, 0xFE89, 0xFE89, 0xFE89, 0xFE89,
    0xFE89, 0xFE89, 0xFE89, 0xFE89, 0xFE89, 0xFE89, 0xFE89, 0xFE89,
    0xFE89, 0xFE89, 0xFE89, 0xFE89, 0xFE89, 0xFE89, 0xFE89, 0xFE89,
    0xFE89, 0xFE89, 0xFE89, 0xFE89, 0xFE89, 0xFE89, 0xFE89, 0xFE89,
    0xFE89, 0xFE89, 0xFE89, 0xFE89, 0xFE89, 0xFE89, 0xFE89, 0xFE89,
    0xFE89, 0xFE89, 0xFE89, 0xFE89, 0xFE89, 0xFE89, 0xFE89, 0xFE89,
    0xFE89, 0xFE89, 0xFE89, 0xFE89, 0xFE89, 0xFE89, 0xFE89, 0xFE89,
    0xFE89, 0xFE89, 0xFE89, 0xFE89, 0xFE89, 0xFE89, 0xFE89, 0xFE89,
    0xFE89, 0xFE89, 0xFE89, 0xFE89, 0xFE89, 0xFE89, 0xFE89, 0xFE89,
    0xFE89, 0xFE89, 0xFE89, 0xFE89, 0xFE89, 0xFE89, 0xFE89, 0xFE89,
    0xFE89, 0xFE89, 0xFE89, 0xFE89, 0xFE89, 0xFE89, 0xFE89, 0xFE89,
    0xFE89, 0xFE89, 0xFE89, 0xFE89, 0xFE89, 0xFE89, 0xFE89, 0xFE89,
    0xFE89, 0xFE89, 0xFE89, 0xFE89, 0xFE89, 0xFE89, 0xFE89, 0xFE89,
    0xFE89, 0xFE89, 0xFE89, 0xFE89, 0xFE89, 0xFE89, 0xFE89, 0xFE89,
    0xFE89, 0xFE89, 0xFE89, 0xFE89, 0xFE89, 0xFE89, 0xFE89, 0xFE89,
    0xFE89, 0xFE89, 0xFE89, 0xFE89, 0xFE89, 0xFE89, 0xFE89, 0xFE89,
    0xFE89, 0xFE89, 0xFE89, 0xFE89, 0xFE89, 0xFE89, 0xFE89, 0xFE89,
    0xFE89, 0xFE89, 0xFE89, 0xFE89, 0xFE89, 0xFE89, 0xFE89, 0xFE89,
    0xFE89, 0xFE89, 0xFE89, 0xFE89, 0xFE89, 0xFE89, 0xFE89, 0xFE89,
    0xFE89, 0xFE89, 0xFE89, 0xFE89, 0xFE89, 0xFE89, 0xFE89, 0xFE89,
    0xFE89, 0xFE89, 0xFE89, 0xFE89, 0xFE89, 0xFE89, 0xFE89, 0xFE89,
    0xFE89, 0xFE89, 0xFE89, 0xFE89, 0xFE89, 0xFE89, 0xFE89, 0xFE89,
    0xFE89, 0xFE89, 0xFE89, 0xFE89, 0xFE89, 0xFE89, 0xFE89, 0xFE89,
    0xFE89, 0xFE89, 0xFE89, 0xFE89, 0xFE89, 0xFE89, 0xFE89, 0xFE89,
    0xFE89, 0xFE89, 0xFE89, 0xFE89, 0xFE89, 0xFE89, 0xFE89, 0xFE89,
    0xFE89, 0xFE89, 0xFE89, 0xFE89, 0xFE89, 0xFE89, 0xFE89, 0xFE89,
    0xFE89, 0xFE89, 0xFE89, 0xFE89, 0xFE89, 0xFE89, 0xFE89, 0xFE89,
    0xFE89, 0xFE89, 0xFE89, 0xFE89, 0xFE89, 0xFE89, 0xFE89, 0xFE89,
    0xFE89, 0xFE89, 0xFE89, 0xFE89, 0xFE89, 0xFE89, 0xFE89, 0xFE89,
    0xFE89, 0xFE89, 0xFE89, 0xFE89, 0xFE89, 0xFE89, 0xFE89, 0xFE89,
    0xFE89, 0xFE89, 0xFE89, 0xFE89, 0xFE89, 0xFE89, 0xFE89, 0xFE89,
    0xFE89, 0xFE89, 0xFE89, 0xFE89, 0xFE89, 0xFE89, 0xFE89, 0xFE89,
    0xFE89, 0xFE89, 0xFE89, 0xFE89, 0xFE89, 0xFE89, 0xFE89, 0xFE89,
    0xFE89, 0xFE89, 0xFE89, 0xFE89, 0xFE89, 0xFE89, 0xFE89, 0xFE89,
    0xFE89, 0xFE89, 0xFE89, 0xFE89, 0xFE89, 0xFE89, 0xFE89, 0xFE89,
    0xFE89, 0xFE89, 0xFE89, 0xFE89, 0xFE89, 0xFE89, 0xFE89, 0xFE89,
    0xFE89, 0xFE89, 0xFE89, 0xFE89, 0xFE89, 0xFE89, 0xFE89, 0xFE89,
    0xFE89, 0xFE89, 0xFE89, 0xFE89, 0xFE89, 0xFE89, 0xFE89, 0xFE89,
    0xFE89, 0xFE89, 0xFE89, 0xFE89, 0xFE89, 0xFE89, 0xFE89, 0xFE89,
    0xFE89, 0xFE89, 0xFE89, 0xFE89, 0xFE89, 0xFE89, 0xFE89, 0xFE89,
    0xFE89, 0xFE89, 0xFE89, 0xFE89, 0xFE89, 0xFE89, 0xFE89, 0xFE89,
    0xFE89, 0xFE89, 0xFE89, 0xFE89, 0xFE89, 0xFE89, 0xFE89, 0xFE89,
    0xFE89, 0xFE89, 0xFE89, 0xFE89, 0xFE89, 0xFE89, 0xFE89, 0xFE89,
    0xFE89, 0xFE89, 0xFE89, 0xFE89, 0xFE89, 0xFE89, 0xFE89, 0xFE89,
    0xFE89, 0xFE89, 0xFE89, 0xFE89, 0xFE89, 0xFE89, 0xFE89, 0xFE89,
};

const lv_image_dsc_t party_award_b_img = {
    .header = { .w = 240, .h = 320, .cf = LV_COLOR_FORMAT_NATIVE },
    .data = (const uint8_t *)party_award_b_px,
    .data_size = sizeof(party_award_b_px),
};